date,code,name,open,high,low,close,volume
2024-01-02,D001,演示银行,12.0,12.2096,11.7904,12.0,3937779
2024-01-03,D001,演示银行,12.0727,12.2197,11.9751,12.1217,5059158
2024-01-04,D001,演示银行,12.0365,12.1448,11.8727,11.9804,5612784
2024-01-05,D001,演示银行,11.9261,12.0039,11.8126,11.8901,2901653
2024-01-08,D001,演示银行,11.94,12.0477,11.8659,11.9734,3150363
2024-01-09,D001,演示银行,11.9441,11.9972,11.8715,11.9246,3243759
2024-01-10,D001,演示银行,11.8974,11.9483,11.8286,11.8794,4540349
2024-01-11,D001,演示银行,12.0246,12.2972,11.8523,12.1235,4964081
2024-01-12,D001,演示银行,12.2136,12.3908,12.0979,12.2745,5445898
2024-01-15,D001,演示银行,12.3605,12.5308,12.2488,12.4185,6875106
2024-01-16,D001,演示银行,12.4366,12.4917,12.3936,12.4487,3996985
2024-01-17,D001,演示银行,12.4614,12.5075,12.4237,12.4699,4673424
2024-01-18,D001,演示银行,12.5941,12.8308,12.4426,12.6783,4507005
2024-01-19,D001,演示银行,12.5941,12.7026,12.4305,12.5385,8158568
2024-01-22,D001,演示银行,12.4574,12.5626,12.2993,12.404,4217957
2024-01-23,D001,演示银行,12.4037,12.4288,12.3785,12.4036,13834661
2024-01-24,D001,演示银行,12.4874,12.6541,12.3776,12.5439,4628138
2024-01-25,D001,演示银行,12.5169,12.5688,12.4472,12.499,5233570
2024-01-26,D001,演示银行,12.4178,12.523,12.2595,12.3643,7534319
2024-01-29,D001,演示银行,12.3306,12.3888,12.2503,12.3083,6682467
2024-01-30,D001,演示银行,12.3211,12.3672,12.2836,12.3297,5036873
2024-01-31,D001,演示银行,12.3097,12.3543,12.2519,12.2964,4168102
2024-02-01,D001,演示银行,12.2896,12.321,12.2538,12.2851,4791505
2024-02-02,D001,演示银行,12.3062,12.3661,12.2605,12.3203,6422415
2024-02-05,D001,演示银行,12.2776,12.3446,12.1824,12.2493,13837787
2024-02-06,D001,演示银行,12.3079,12.4312,12.2242,12.3473,6091830
2024-02-07,D001,演示银行,12.3268,12.3719,12.2681,12.3131,7698873
2024-02-08,D001,演示银行,12.1763,12.335,11.9293,12.0868,7039740
2024-02-09,D001,演示银行,12.1407,12.2557,12.0621,12.1769,5066960
2024-02-12,D001,演示银行,12.1905,12.2377,12.1525,12.1996,8704276
2024-02-13,D001,演示银行,12.1998,12.2245,12.1752,12.1999,3602216
2024-02-14,D001,演示银行,12.1308,12.2235,11.9927,12.0851,6338423
2024-02-15,D001,演示银行,11.9938,12.1079,11.8201,11.9337,3830254
2024-02-16,D001,演示银行,11.9301,11.9575,11.9002,11.9277,3220300
2024-02-19,D001,演示银行,11.9419,11.9896,11.9038,11.9514,4461224
2024-02-20,D001,演示银行,11.9398,11.9753,11.8965,11.932,2635729
2024-02-21,D001,演示银行,11.8534,11.9548,11.7005,11.8015,5240790
2024-02-22,D001,演示银行,11.9059,12.1071,11.7762,11.9766,4579989
2024-02-23,D001,演示银行,12.054,12.2091,11.9516,12.1062,4919628
2024-02-26,D001,演示银行,12.0996,12.1304,12.0643,12.0951,4460186
2024-02-27,D001,演示银行,12.2169,12.4487,12.0687,12.2994,3864467
2024-02-28,D001,演示银行,12.2834,12.324,12.2322,12.2727,3359443
2024-02-29,D001,演示银行,12.283,12.3247,12.2482,12.2898,4658133
2024-03-01,D001,演示银行,12.2799,12.3144,12.2389,12.2733,3709064
2024-03-04,D001,演示银行,12.3185,12.419,12.2484,12.3487,8371183
2024-03-05,D001,演示银行,12.376,12.4463,12.3239,12.3942,7907078
2024-03-06,D001,演示银行,12.2943,12.4174,12.1061,12.2286,4202578
2024-03-07,D001,演示银行,12.3603,12.6098,12.2015,12.4497,3898175
2024-03-08,D001,演示银行,12.3949,12.4741,12.2796,12.3586,2852123
2024-03-11,D001,演示银行,12.3595,12.3858,12.3339,12.3601,6476814
2024-03-12,D001,演示银行,12.3456,12.3848,12.2969,12.336,9349140
2024-03-13,D001,演示银行,12.4096,12.5586,12.3104,12.4591,4562312
2024-03-14,D001,演示银行,12.5663,12.7734,12.4324,12.6388,4416026
2024-03-15,D001,演示银行,12.7324,12.9165,12.6121,12.7956,6375293
2024-03-18,D001,演示银行,12.7863,12.8212,12.7453,12.7801,12301065
2024-03-19,D001,演示银行,12.8069,12.8774,12.7544,12.8249,5461622
2024-03-20,D001,演示银行,12.7588,12.8498,12.6243,12.7151,4714185
2024-03-21,D001,演示银行,12.7373,12.7999,12.6895,12.7521,4899359
2024-03-22,D001,演示银行,12.8185,12.9561,12.7259,12.8632,6758356
2024-03-25,D001,演示银行,12.8947,12.9733,12.8373,12.9158,7371697
2024-03-26,D001,演示银行,12.9786,13.1104,12.8893,13.0208,5574848
2024-03-27,D001,演示银行,12.9866,13.0466,12.9041,12.964,7047089
2024-03-28,D001,演示银行,12.978,13.0273,12.938,12.9873,4728424
2024-03-29,D001,演示银行,13.0377,13.1486,12.9609,13.0716,4023260
2024-04-01,D001,演示银行,13.03,13.0974,12.9352,13.0025,9755001
2024-04-02,D001,演示银行,12.9193,13.0274,12.7567,12.8644,4702444
2024-04-03,D001,演示银行,12.7857,12.8892,12.6305,12.7337,5958821
2024-04-04,D001,演示银行,12.8276,13.0123,12.7069,12.891,9538935
2024-04-05,D001,演示银行,12.9833,13.1655,12.8639,13.0456,5953096
2024-04-08,D001,演示银行,13.0746,13.1493,13.0193,13.094,5555504
2024-04-09,D001,演示银行,13.1367,13.2348,13.0675,13.1654,6250471
2024-04-10,D001,演示银行,13.2279,13.3595,13.1385,13.2698,8912592
2024-04-11,D001,演示银行,13.3262,13.4478,13.2428,13.3641,4602512
2024-04-12,D001,演示银行,13.4299,13.5678,13.3367,13.4742,4039974
2024-04-15,D001,演示银行,13.4935,13.5528,13.4472,13.5064,4913583
2024-04-16,D001,演示银行,13.4368,13.5327,13.2952,13.3908,7041731
2024-04-17,D001,演示银行,13.3977,13.436,13.364,13.4023,5060767
2024-04-18,D001,演示银行,13.4746,13.6236,13.3747,13.5233,7293392
2024-04-19,D001,演示银行,13.4993,13.5502,13.4325,13.4834,2682659
2024-04-22,D001,演示银行,13.3882,13.509,13.2052,13.3255,9775339
2024-04-23,D001,演示银行,13.2962,13.352,13.2212,13.2768,7682074
2024-04-24,D001,演示银行,13.2278,13.303,13.1204,13.1954,8174006
2024-04-25,D001,演示银行,13.1433,13.2213,13.031,13.1088,4799817
2024-04-26,D001,演示银行,13.0464,13.1344,12.9174,13.0052,4735018
2024-04-29,D001,演示银行,13.0554,13.1661,12.9787,13.0892,3670639
2024-04-30,D001,演示银行,13.119,13.1951,13.0628,13.1389,5217159
2024-05-01,D001,演示银行,13.2205,13.3848,13.1116,13.2755,5035886
2024-05-02,D001,演示银行,13.316,13.4106,13.2486,13.3431,4188104
2024-05-03,D001,演示银行,13.4094,13.5478,13.3158,13.4539,5976998
2024-05-06,D001,演示银行,13.382,13.48,13.2369,13.3346,9352130
2024-05-07,D001,演示银行,13.2682,13.3605,13.1323,13.2243,7117691
2024-05-08,D001,演示银行,13.231,13.2685,13.1979,13.2354,8361933
2024-05-09,D001,演示银行,13.1265,13.2601,12.922,13.0549,5080308
2024-05-10,D001,演示银行,13.0002,13.0805,12.8838,12.9639,7861278
2024-05-13,D001,演示银行,12.8998,12.9892,12.7682,12.8573,3354569
2024-05-14,D001,演示银行,12.9576,13.1535,12.8301,13.0253,5109827
2024-05-15,D001,演示银行,13.0411,13.0935,12.9992,13.0516,5708905
2024-05-16,D001,演示银行,13.0205,13.0775,12.9428,12.9998,2632272
2024-05-17,D001,演示银行,12.9692,13.0256,12.8926,12.9489,5123992
2024-05-20,D001,演示银行,12.9349,12.9748,12.8856,12.9255,7554747
2024-05-21,D001,演示银行,12.9447,13.0027,12.8996,12.9575,5644439
2024-05-22,D001,演示银行,12.9338,12.9833,12.8686,12.9181,3655619
2024-05-23,D001,演示银行,12.9785,13.1061,12.8916,13.019,4364709
2024-05-24,D001,演示银行,13.1163,13.3072,12.9916,13.1819,4373512
2024-05-27,D001,演示银行,13.1786,13.2082,13.1467,13.1764,4417351
2024-05-28,D001,演示银行,13.201,13.2685,13.1499,13.2174,4111330
2024-05-29,D001,演示银行,13.1881,13.2437,13.1131,13.1686,4173678
2024-05-30,D001,演示银行,13.2042,13.2905,13.142,13.2281,4261990
2024-05-31,D001,演示银行,13.1141,13.2527,12.9014,13.0392,5724087
2024-06-03,D001,演示银行,13.1174,13.2756,13.0122,13.17,7834229
2024-06-04,D001,演示银行,13.1483,13.1962,13.086,13.1339,6392613
2024-06-05,D001,演示银行,13.03,13.1586,12.8337,12.9616,3359450
2024-06-06,D001,演示银行,12.919,12.9872,12.8226,12.8907,6917638
2024-06-07,D001,演示银行,13.0342,13.3051,12.8619,13.1316,3760920
2024-06-10,D001,演示银行,13.1571,13.2262,13.1052,13.1742,5852812
2024-06-11,D001,演示银行,13.2106,13.298,13.1476,13.235,9965076
2024-06-12,D001,演示银行,13.3289,13.5146,13.2072,13.3923,5149422
2024-06-13,D001,演示银行,13.3801,13.419,13.333,13.372,1950315
2024-06-14,D001,演示银行,13.2963,13.3978,13.1452,13.2464,5979053
2024-06-17,D001,演示银行,13.1862,13.2723,13.0607,13.1464,5475997
2024-06-18,D001,演示银行,13.237,13.4167,13.1189,13.2981,3199400
2024-06-19,D001,演示银行,13.3367,13.4281,13.2712,13.3626,2665627
2024-06-20,D001,演示银行,13.3947,13.4753,13.3356,13.4162,3444073
2024-06-21,D001,演示银行,13.3079,13.4413,13.1038,13.2366,4160285
2024-06-24,D001,演示银行,13.1995,13.2628,13.1116,13.1748,5101229
2024-06-25,D001,演示银行,13.1316,13.2008,13.0337,13.1029,5642618
2024-06-26,D001,演示银行,13.0864,13.129,13.0328,13.0754,4850803
2024-06-27,D001,演示银行,13.0942,13.1519,13.0492,13.1068,7195616
2024-06-28,D001,演示银行,13.0858,13.1329,13.0246,13.0717,9332617
2024-07-01,D001,演示银行,12.9616,13.0961,12.7555,12.8892,4335247
2024-07-02,D001,演示银行,12.8135,12.9141,12.6634,12.7636,6225464
2024-07-03,D001,演示银行,12.7741,12.8173,12.738,12.7812,5759870
2024-07-04,D001,演示银行,12.917,13.1744,12.7529,13.0092,6443227
2024-07-05,D001,演示银行,12.9169,13.0339,12.7396,12.8561,4135743
2024-07-08,D001,演示银行,12.7916,12.8811,12.6597,12.7489,7564123
2024-07-09,D001,演示银行,12.715,12.7742,12.6333,12.6924,7235867
2024-07-10,D001,演示银行,12.6113,12.7168,12.4528,12.5578,4617507
2024-07-11,D001,演示银行,12.5814,12.6461,12.5326,12.5972,6772008
2024-07-12,D001,演示银行,12.5215,12.6215,12.3721,12.4716,4878193
2024-07-15,D001,演示银行,12.4106,12.496,12.285,12.3702,3401849
2024-07-16,D001,演示银行,12.3416,12.3947,12.2695,12.3226,4750338
2024-07-17,D001,演示银行,12.4169,12.6015,12.2966,12.4806,3355405
2024-07-18,D001,演示银行,12.4458,12.5053,12.3632,12.4227,4557673
2024-07-19,D001,演示银行,12.4661,12.5639,12.3975,12.4952,4479838
2024-07-22,D001,演示银行,12.5405,12.6416,12.4698,12.5708,8978884
2024-07-23,D001,演示银行,12.636,12.7712,12.545,12.6798,2802790
2024-07-24,D001,演示银行,12.5797,12.7037,12.3904,12.5138,8042006
2024-07-25,D001,演示银行,12.4805,12.5386,12.4003,12.4584,3255657
2024-07-26,D001,演示银行,12.4132,12.4829,12.3137,12.3832,4656894
2024-07-29,D001,演示银行,12.2821,12.4064,12.0919,12.2156,5329215
2024-07-30,D001,演示银行,12.2005,12.24,12.1511,12.1905,2808352
2024-07-31,D001,演示银行,12.0779,12.2129,11.8698,12.004,4717675
2024-08-01,D001,演示银行,11.9965,12.028,11.96,11.9915,2469389
2024-08-02,D001,演示银行,12.0199,12.0917,11.9673,12.039,2294849
2024-08-05,D001,演示银行,12.1405,12.3371,12.0133,12.2091,4232660
2024-08-06,D001,演示银行,12.2277,12.2832,12.1846,12.2401,3881270
2024-08-07,D001,演示银行,12.187,12.2641,12.0749,12.1518,4496244
2024-08-08,D001,演示银行,12.1802,12.2522,12.1273,12.1992,6467200
2024-08-09,D001,演示银行,12.2177,12.273,12.1747,12.23,4633385
2024-08-12,D001,演示银行,12.3172,12.4896,12.2043,12.3761,5704228
2024-08-13,D001,演示银行,12.3617,12.4008,12.313,12.3521,5791783
2024-08-14,D001,演示银行,12.4308,12.5888,12.3264,12.4839,4228950
2024-08-15,D001,演示银行,12.4329,12.5084,12.3239,12.3992,11327118
2024-08-16,D001,演示银行,12.4217,12.4843,12.3743,12.4368,5733182
2024-08-19,D001,演示银行,12.4808,12.5796,12.4116,12.5102,7651493
2024-08-20,D001,演示银行,12.6321,12.8647,12.483,12.7146,8465429
2024-08-21,D001,演示银行,12.6993,12.74,12.6486,12.6892,4838919
2024-08-22,D001,演示银行,12.7481,12.8727,12.6632,12.7876,5742364
2024-08-23,D001,演示银行,12.8069,12.8649,12.7619,12.8198,7374679
2024-08-26,D001,演示银行,12.7973,12.8454,12.7344,12.7824,4342863
2024-08-27,D001,演示银行,12.733,12.8075,12.6261,12.7004,7066879
2024-08-28,D001,演示银行,12.7472,12.8515,12.6746,12.7787,6105913
2024-08-29,D001,演示银行,12.7349,12.8039,12.6372,12.706,4518000
2024-08-30,D001,演示银行,12.7051,12.7314,12.6782,12.7045,6588811
2024-09-02,D001,演示银行,12.7739,12.9165,12.6783,12.8206,4480231
2024-09-03,D001,演示银行,12.8798,13.0053,12.7943,12.9196,8157378
2024-09-04,D001,演示银行,12.8829,12.9452,12.7964,12.8586,6429362
2024-09-05,D001,演示银行,12.9621,13.1635,12.8313,13.032,6782449
2024-09-06,D001,演示银行,12.975,13.0575,12.8551,12.9373,6371073
2024-09-09,D001,演示银行,12.9384,12.9661,12.9114,12.9392,4721255
2024-09-10,D001,演示银行,12.9696,13.0465,12.9131,12.9899,3236014
2024-09-11,D001,演示银行,12.8686,13.0138,12.6447,12.789,4052217
2024-09-12,D001,演示银行,12.8632,13.0142,12.7625,12.9132,8232669
2024-09-13,D001,演示银行,12.8965,12.9389,12.8431,12.8855,5466690
2024-09-16,D001,演示银行,12.8968,12.9414,12.8597,12.9043,9890647
2024-09-17,D001,演示银行,12.964,13.0905,12.8779,13.0041,4424466
2024-09-18,D001,演示银行,13.0947,13.2742,12.9769,13.1558,7351745
2024-09-19,D001,演示银行,13.1162,13.1819,13.0244,13.0899,4239569
2024-09-20,D001,演示银行,13.0471,13.1158,12.9502,13.0187,6168043
2024-09-23,D001,演示银行,12.909,13.043,12.7036,12.8368,5747051
2024-09-24,D001,演示银行,12.8647,12.9372,12.811,12.8834,4484275
2024-09-25,D001,演示银行,12.8154,12.9085,12.6776,12.7704,3361093
2024-09-26,D001,演示银行,12.7433,12.7958,12.6728,12.7253,3729621
2024-09-27,D001,演示银行,12.7382,12.7852,12.6998,12.7468,5672760
2024-09-30,D001,演示银行,12.6493,12.7708,12.4641,12.5851,6233709
2024-10-01,D001,演示银行,12.6625,12.8187,12.559,12.7147,5058920
2024-10-02,D001,演示银行,12.7382,12.803,12.6892,12.7539,4888008
2024-10-03,D001,演示银行,12.7438,12.7794,12.7016,12.7371,6713315
2024-10-04,D001,演示银行,12.7013,12.7623,12.6165,12.6775,3454670
2024-10-07,D001,演示银行,12.6228,12.7023,12.5073,12.5866,8832326
2024-10-08,D001,演示银行,12.6672,12.8287,12.5604,12.7215,5336660
2024-10-09,D001,演示银行,12.7224,12.7494,12.6961,12.723,5721852
2024-10-10,D001,演示银行,12.6664,12.748,12.5477,12.629,4617189
2024-10-11,D001,演示银行,12.5968,12.654,12.5184,12.5755,5263056
2024-10-14,D001,演示银行,12.6335,12.7565,12.5498,12.6725,9527211
2024-10-15,D001,演示银行,12.5894,12.6967,12.4276,12.5345,3273858
2024-10-16,D001,演示银行,12.5287,12.5596,12.4939,12.5248,2892456
2024-10-17,D001,演示银行,12.5488,12.614,12.4996,12.5648,4862736
2024-10-18,D001,演示银行,12.5856,12.6457,12.5396,12.5996,6118492
2024-10-21,D001,演示银行,12.6629,12.7949,12.5737,12.7054,5353020
2024-10-22,D001,演示银行,12.6929,12.7308,12.6466,12.6845,5755602
2024-10-23,D001,演示银行,12.7186,12.8011,12.6589,12.7414,6550803
2024-10-24,D001,演示银行,12.6293,12.765,12.4208,12.5557,4284774
2024-10-25,D001,演示银行,12.6141,12.7375,12.53,12.6533,4673671
2024-10-28,D001,演示银行,12.4646,12.6735,12.135,12.3419,6229011
2024-10-29,D001,演示银行,12.2667,12.3657,12.1186,12.2171,2518592
2024-10-30,D001,演示银行,12.1565,12.2409,12.0323,12.1164,6756439
2024-10-31,D001,演示银行,12.1188,12.1469,12.0922,12.1203,6173103
2024-11-01,D001,演示银行,12.0237,12.1431,11.8412,11.9601,5522946
2024-11-04,D001,演示银行,11.7707,11.9786,11.4419,11.6477,4823012
2024-11-05,D001,演示银行,11.6048,11.6707,11.5107,11.5764,7957410
2024-11-06,D001,演示银行,11.4809,11.5981,11.3016,11.4181,3347685
2024-11-07,D001,演示银行,11.3377,11.4398,11.1831,11.2848,5477693
2024-11-08,D001,演示银行,11.2179,11.3066,11.0855,11.1738,4572255
2024-11-11,D001,演示银行,11.1362,11.1958,11.0516,11.1112,4049434
2024-11-12,D001,演示银行,11.1731,11.2998,11.0883,11.2147,3718351
2024-11-13,D001,演示银行,11.2661,11.3751,11.1918,11.3006,5031156
2024-11-14,D001,演示银行,11.2556,11.3228,11.1589,11.2259,6137933
2024-11-15,D001,演示银行,11.2077,11.2482,11.1551,11.1956,4583345
2024-11-18,D001,演示银行,11.1295,11.2172,10.9985,11.0859,4475498
2024-11-19,D001,演示银行,11.1057,11.1611,11.0636,11.119,5265397
2024-11-20,D001,演示银行,11.0616,11.1406,10.9449,11.0237,5382726
2024-11-21,D001,演示银行,10.931,11.0442,10.7576,10.8702,5519297
2024-11-22,D001,演示银行,10.8145,10.8913,10.7011,10.7776,4862485
2024-11-25,D001,演示银行,10.8141,10.8971,10.7558,10.8386,5474203
2024-11-26,D001,演示银行,10.7997,10.86,10.7138,10.7739,4653470
2024-11-27,D001,演示银行,10.6899,10.7942,10.5307,10.6345,5991027
2024-11-28,D001,演示银行,10.6718,10.7558,10.613,10.6968,4502933
2024-11-29,D001,演示银行,10.7359,10.8232,10.6751,10.7622,6472021
2024-12-02,D001,演示银行,10.8667,11.0661,10.7388,10.9374,6426843
2024-12-03,D001,演示银行,11.0821,11.3522,10.912,11.1806,7046506
2024-12-04,D001,演示银行,11.1522,11.2028,11.0829,11.1334,3740598
2024-12-05,D001,演示银行,11.1864,11.298,11.1106,11.222,5334348
2024-12-06,D001,演示银行,11.2237,11.2489,11.1995,11.2248,4620766
2024-12-09,D001,演示银行,11.2464,11.3049,11.2022,11.2608,4529712
2024-12-10,D001,演示银行,11.3564,11.5414,11.2367,11.4211,6209197
2024-12-11,D001,演示银行,11.4526,11.5285,11.398,11.4738,4694848
2024-12-12,D001,演示银行,11.5612,11.7325,11.4496,11.6202,6311680
2024-12-13,D001,演示银行,11.5582,11.6428,11.4328,11.5171,3461012
2024-12-16,D001,演示银行,11.5913,11.7399,11.4931,11.6413,7256338
2024-12-17,D001,演示银行,11.5102,11.6619,11.274,11.4245,7009936
2024-12-18,D001,演示银行,11.4207,11.4473,11.3914,11.4181,5086085
2024-12-19,D001,演示银行,11.4277,11.4667,11.3952,11.4342,6468452
2024-12-20,D001,演示银行,11.4221,11.457,11.3793,11.4141,6907864
2024-12-23,D001,演示银行,11.4134,11.4369,11.3895,11.413,4187451
2024-12-24,D001,演示银行,11.3899,11.4357,11.3289,11.3746,6438760
2024-12-25,D001,演示银行,11.2947,11.3963,11.1409,11.242,6992895
2024-12-26,D001,演示银行,11.3277,11.4956,11.2183,11.3856,8961488
2024-12-27,D001,演示银行,11.4274,11.5204,11.3625,11.4553,5922218
2024-12-30,D001,演示银行,11.334,11.4759,11.1137,11.2545,2673272
2024-12-31,D001,演示银行,11.2341,11.2769,11.1776,11.2204,2776388
2025-01-01,D001,演示银行,11.1321,11.2416,10.965,11.0739,4848379
2025-01-02,D001,演示银行,11.0144,11.0954,10.8944,10.9751,4338587
2025-01-03,D001,演示银行,10.9572,10.997,10.9055,10.9453,7437778
2025-01-06,D001,演示银行,10.9901,11.0876,10.923,11.0202,5178690
2025-01-07,D001,演示银行,10.9951,11.0421,10.9315,10.9784,4468091
2025-01-08,D001,演示银行,11.0969,11.3212,10.9541,11.1774,2747470
2025-01-09,D001,演示银行,11.0806,11.1981,10.9003,11.0171,6561469
2025-01-10,D001,演示银行,10.8967,11.0367,10.679,10.8179,6537068
2025-01-13,D001,演示银行,10.7876,10.8394,10.7157,10.7674,5091163
2025-01-14,D001,演示银行,10.7621,10.789,10.7318,10.7586,3726581
2025-01-15,D001,演示银行,10.7349,10.78,10.6741,10.7191,6089715
2025-01-16,D001,演示银行,10.6954,10.7404,10.6346,10.6796,5082452
2025-01-17,D001,演示银行,10.6634,10.7009,10.6151,10.6526,7095737
2025-01-20,D001,演示银行,10.7386,10.9059,10.63,10.7967,4873681
2025-01-21,D001,演示银行,10.7789,10.8182,10.7279,10.7671,3834231
2025-01-22,D001,演示银行,10.784,10.8338,10.7455,10.7953,5804109
2025-01-23,D001,演示银行,10.763,10.8167,10.6881,10.7416,5852053
2025-01-24,D001,演示银行,10.7018,10.7628,10.6146,10.6754,5180345
2025-01-27,D001,演示银行,10.6502,10.6966,10.5872,10.6335,5892018
2025-01-28,D001,演示银行,10.6109,10.6547,10.5523,10.5959,8589122
2025-01-29,D001,演示银行,10.6693,10.8149,10.5737,10.7188,7937340
2025-01-30,D001,演示银行,10.7482,10.8189,10.6972,10.7678,5597627
2025-01-31,D001,演示银行,10.8216,10.934,10.7457,10.8578,5519185
2025-02-03,D001,演示银行,10.8355,10.8794,10.7768,10.8207,11358047
2025-02-04,D001,演示银行,10.8491,10.9185,10.7988,10.8681,4407186
2025-02-05,D001,演示银行,10.7675,10.8881,10.5817,10.7015,7876613
2025-02-06,D001,演示银行,10.73,10.7994,10.6799,10.7491,6087644
2025-02-07,D001,演示银行,10.7067,10.7703,10.6152,10.6786,4562712
2025-02-10,D001,演示银行,10.6865,10.7211,10.6572,10.6918,6230953
2025-02-11,D001,演示银行,10.6677,10.7131,10.6063,10.6516,5150294
2025-02-12,D001,演示银行,10.7151,10.8437,10.6296,10.7579,4284066
2025-02-13,D001,演示银行,10.8682,11.0779,10.7342,10.943,6890399
2025-02-14,D001,演示银行,10.8665,10.9639,10.7191,10.816,4357603
2025-02-17,D001,演示银行,10.9632,11.2377,10.7907,11.0636,5667954
2025-02-18,D001,演示银行,10.9919,11.0848,10.852,10.9446,7962308
2025-02-19,D001,演示银行,10.9289,10.9664,10.8809,10.9184,5043225
2025-02-20,D001,演示银行,10.8956,10.9401,10.836,10.8805,6869528
2025-02-21,D001,演示银行,10.9161,10.9977,10.8584,10.9399,5822172
2025-02-24,D001,演示银行,11.0273,11.1975,10.9167,11.0863,6458157
2025-02-25,D001,演示银行,11.16,11.307,11.0632,11.2097,5916792
2025-02-26,D001,演示银行,11.2865,11.439,11.1862,11.3383,5187779
2025-02-27,D001,演示银行,11.3529,11.4,11.3155,11.3626,3639273
2025-02-28,D001,演示银行,11.3597,11.3854,11.332,11.3577,4397729
2025-03-03,D001,演示银行,11.3364,11.3803,11.2786,11.3224,3891504
2025-03-04,D001,演示银行,11.3367,11.3832,11.2996,11.3462,5988188
2025-03-05,D001,演示银行,11.2682,11.3679,11.1175,11.2167,5314788
2025-03-06,D001,演示银行,11.1741,11.2388,11.0812,11.1458,5054465
2025-03-07,D001,演示银行,11.1318,11.168,11.0862,11.1224,4482052
2025-03-10,D001,演示银行,11.0909,11.1445,11.0166,11.07,6563185
2025-03-11,D001,演示银行,11.0849,11.132,11.0478,11.0949,5376517
2025-03-12,D001,演示银行,11.0367,11.1165,10.9188,10.9982,8056810
2025-03-13,D001,演示银行,11.0341,11.1163,10.976,11.0581,3837081
2025-03-14,D001,演示银行,11.0668,11.1034,11.0359,11.0726,4285242
2025-03-17,D001,演示银行,11.1158,11.2107,11.05,11.1448,9257047
2025-03-18,D001,演示银行,11.226,11.3861,11.1214,11.2809,6839602
2025-03-19,D001,演示银行,11.3113,11.3851,11.2581,11.3318,8529120
2025-03-20,D001,演示银行,11.3146,11.3543,11.2636,11.3033,6035304
2025-03-21,D001,演示银行,11.3798,11.5321,11.2796,11.4314,3504737
2025-03-24,D001,演示银行,11.4262,11.4543,11.3946,11.4227,6725650
2025-03-25,D001,演示银行,11.3986,11.4454,11.3358,11.3826,8552298
2025-03-26,D001,演示银行,11.3253,11.4047,11.2084,11.2875,5192610
2025-03-27,D001,演示银行,11.2917,11.3213,11.2649,11.2945,4912806
2025-03-28,D001,演示银行,11.2116,11.3159,11.0533,11.1571,5541989
2025-03-31,D001,演示银行,11.2163,11.3387,11.1341,11.2562,3544610
2025-04-01,D001,演示银行,11.1147,11.2755,10.8628,11.0223,3300584
2025-04-02,D001,演示银行,11.0566,11.1364,11.0,11.0796,6430655
2025-04-03,D001,演示银行,11.1292,11.2349,11.057,11.1625,4576489
2025-04-04,D001,演示银行,11.0854,11.1838,10.9368,11.0347,4511537
2025-04-07,D001,演示银行,11.0535,11.1072,11.0125,11.0662,4223230
2025-04-08,D001,演示银行,11.0511,11.0882,11.004,11.0411,5015919
2025-04-09,D001,演示银行,10.9487,11.0617,10.7755,10.8879,4972437
2025-04-10,D001,演示银行,10.9066,10.9596,10.866,10.9191,3002533
2025-04-11,D001,演示银行,10.9576,11.0443,10.8969,10.9835,7753099
2025-04-14,D001,演示银行,11.0507,11.1865,10.9607,11.096,4601821
2025-04-15,D001,演示银行,11.0752,11.1181,11.0184,11.0613,4702520
2025-04-16,D001,演示银行,11.0103,11.0829,10.9042,10.9766,5603796
2025-04-17,D001,演示银行,10.9965,11.0518,10.9545,11.0098,4066647
2025-04-18,D001,演示银行,11.0431,11.121,10.9876,11.0654,5679925
2025-04-21,D001,演示银行,11.0159,11.087,10.9121,10.9831,5336892
2025-04-22,D001,演示银行,10.9707,11.005,10.9281,10.9624,3438001
2025-04-23,D001,演示银行,10.9821,11.0369,10.9404,10.9952,5021893
2025-04-24,D001,演示银行,10.8633,11.0143,10.6272,10.777,4580747
2025-04-25,D001,演示银行,10.7651,10.7985,10.7236,10.7571,4615647
2025-04-28,D001,演示银行,10.7598,10.7859,10.7356,10.7616,6373529
2025-04-29,D001,演示银行,10.7437,10.783,10.6925,10.7318,6659398
2025-04-30,D001,演示银行,10.7167,10.7532,10.6702,10.7067,4239006
2025-05-01,D001,演示银行,10.7202,10.7642,10.6852,10.7292,6170991
2025-05-02,D001,演示银行,10.7253,10.7507,10.6973,10.7227,7447080
2025-05-05,D001,演示银行,10.7319,10.7689,10.7012,10.7381,3572206
2025-05-06,D001,演示银行,10.6715,10.7588,10.5408,10.6276,3171497
2025-05-07,D001,演示银行,10.689,10.8139,10.6057,10.7303,6745464
2025-05-08,D001,演示银行,10.7229,10.7517,10.6892,10.718,5072047
2025-05-09,D001,演示银行,10.7219,10.7498,10.6965,10.7245,4203016
2025-05-12,D001,演示银行,10.6204,10.744,10.4292,10.5521,3655015
2025-05-13,D001,演示银行,10.5175,10.5729,10.4393,10.4946,2322738
2025-05-14,D001,演示银行,10.5504,10.6655,10.473,10.5878,5290748
2025-05-15,D001,演示银行,10.574,10.609,10.53,10.5649,2515321
2025-05-16,D001,演示银行,10.5316,10.5858,10.4555,10.5095,6631379
2025-05-19,D001,演示银行,10.5002,10.5305,10.4636,10.494,2776295
2025-05-20,D001,演示银行,10.4759,10.5149,10.4251,10.4639,3896693
2025-05-21,D001,演示银行,10.4386,10.4847,10.3756,10.4217,4227321
2025-05-22,D001,演示银行,10.3993,10.4424,10.3413,10.3844,6735992
2025-05-23,D001,演示银行,10.4394,10.553,10.363,10.4764,4488920
2025-05-26,D001,演示银行,10.4723,10.4973,10.4446,10.4696,7103955
2025-05-27,D001,演示银行,10.5177,10.6197,10.4482,10.55,5054121
2025-05-28,D001,演示银行,10.5186,10.5709,10.4457,10.4978,6703948
2025-05-29,D001,演示银行,10.5655,10.701,10.4759,10.6111,5946178
2025-05-30,D001,演示银行,10.5508,10.6316,10.4306,10.511,3510330
2025-06-02,D001,演示银行,10.5669,10.6822,10.4894,10.6044,3406730
2025-06-03,D001,演示银行,10.6639,10.7857,10.5826,10.704,3555246
2025-06-04,D001,演示银行,10.6951,10.7254,10.6591,10.6893,7274299
2025-06-05,D001,演示银行,10.6559,10.7104,10.5795,10.6339,7420340
2025-06-06,D001,演示银行,10.6845,10.7911,10.6121,10.7185,3102659
2025-06-09,D001,演示银行,10.7736,10.888,10.6965,10.8106,8773758
2025-06-10,D001,演示银行,10.7394,10.8313,10.6009,10.6924,7427869
2025-06-11,D001,演示银行,10.7579,10.8899,10.6702,10.8019,3394801
2025-06-12,D001,演示银行,10.8016,10.8236,10.7794,10.8014,6413586
2025-06-13,D001,演示银行,10.7809,10.8229,10.7254,10.7673,4776854
2025-06-16,D001,演示银行,10.8905,11.1225,10.7432,10.9741,3372570
2025-06-17,D001,演示银行,10.9576,10.996,10.9081,10.9465,5662673
2025-06-18,D001,演示银行,10.9486,10.974,10.9246,10.95,3555221
2025-06-19,D001,演示银行,11.0641,11.2807,10.9259,11.1415,11238879
2025-06-20,D001,演示银行,11.1769,11.2587,11.119,11.2006,5677712
2025-06-23,D001,演示银行,11.1824,11.223,11.1297,11.1702,5981853
2025-06-24,D001,演示银行,11.1843,11.2303,11.1478,11.1938,4562022
2025-06-25,D001,演示银行,11.0942,11.2145,10.9091,11.0287,4637447
2025-06-26,D001,演示银行,10.9315,11.0492,10.7507,10.8676,4169974
2025-06-27,D001,演示银行,10.7931,10.8884,10.6492,10.744,6269761
2025-06-30,D001,演示银行,10.7118,10.7653,10.6371,10.6905,2560008
2025-07-01,D001,演示银行,10.8046,11.0208,10.6668,10.882,3097685
2025-07-02,D001,演示银行,10.8547,10.9036,10.7876,10.8365,5462481
2025-07-03,D001,演示银行,10.8944,11.0138,10.8142,10.9333,5428157
2025-07-04,D001,演示银行,10.9385,10.969,10.9115,10.9419,9484779
2025-07-07,D001,演示银行,10.8677,10.9628,10.724,10.8187,4135782
2025-07-08,D001,演示银行,10.8098,10.8403,10.7733,10.8038,10391664
2025-07-09,D001,演示银行,10.7537,10.8249,10.6494,10.7205,6807667
2025-07-10,D001,演示银行,10.7908,10.9312,10.6981,10.8382,3157083
2025-07-11,D001,演示银行,10.8191,10.8598,10.7659,10.8065,4211219
2025-07-14,D001,演示银行,10.7748,10.8279,10.7009,10.7538,2432409
2025-07-15,D001,演示银行,10.7312,10.7752,10.6722,10.7162,2859806
2025-07-16,D001,演示银行,10.733,10.7826,10.6946,10.7442,4428970
2025-07-17,D001,演示银行,10.8102,10.9433,10.7219,10.8546,4261507
2025-07-18,D001,演示银行,10.8949,10.9844,10.8326,10.922,6135044
2025-07-21,D001,演示银行,10.8897,10.9436,10.8144,10.8682,5285974
2025-07-22,D001,演示银行,10.8785,10.9173,10.8465,10.8853,4120076
2025-07-23,D001,演示银行,10.8369,10.9066,10.7353,10.8048,3420354
2025-07-24,D001,演示银行,10.9224,11.1449,10.7808,11.0023,3814481
2025-07-25,D001,演示银行,11.1085,11.3114,10.9783,11.1804,6030108
2025-07-28,D001,演示银行,11.1644,11.2027,11.1155,11.1538,6608831
2025-07-29,D001,演示银行,11.1577,11.1866,11.1315,11.1604,4970050
2025-07-30,D001,演示银行,11.2144,11.3279,11.1375,11.2507,4628142
2025-07-31,D001,演示银行,11.3275,11.48,11.2272,11.3793,5224398
2025-08-01,D001,演示银行,11.2608,11.3998,11.0451,11.1831,8669462
2025-08-04,D001,演示银行,11.235,11.3448,11.1602,11.2698,2722999
2025-08-05,D001,演示银行,11.2535,11.2923,11.204,11.2427,8141460
2025-08-06,D001,演示银行,11.2872,11.3845,11.2199,11.317,5274590
2025-08-07,D001,演示银行,11.3305,11.3759,11.2943,11.3396,2714979
2025-08-08,D001,演示银行,11.3238,11.3622,11.275,11.3134,8286457
2025-08-11,D001,演示银行,11.3592,11.4591,11.2903,11.39,4387832
2025-08-12,D001,演示银行,11.3753,11.4128,11.328,11.3655,5674237
2025-08-13,D001,演示银行,11.4147,11.5204,11.3423,11.4477,6367425
2025-08-14,D001,演示银行,11.4722,11.5362,11.4247,11.4886,4595414
2025-08-15,D001,演示银行,11.5196,11.5946,11.4654,11.5404,4820233
2025-08-18,D001,演示银行,11.5652,11.6299,11.5172,11.5818,4899431
2025-08-19,D001,演示银行,11.672,11.8483,11.5573,11.733,5675861
2025-08-20,D001,演示银行,11.7623,11.8351,11.7093,11.782,6252358
2025-08-21,D001,演示银行,11.8,11.8538,11.7583,11.8121,3829581
2025-08-22,D001,演示银行,11.7955,11.8356,11.7443,11.7844,9918514
2025-08-25,D001,演示银行,11.7381,11.8076,11.638,11.7073,6620845
2025-08-26,D001,演示银行,11.6984,11.7307,11.6601,11.6924,5267091
2025-08-27,D001,演示银行,11.7641,11.9086,11.6682,11.8123,5680025
2025-08-28,D001,演示银行,11.7921,11.8358,11.735,11.7787,5197375
2025-08-29,D001,演示银行,11.7321,11.8018,11.6318,11.7013,5142470
2025-09-01,D001,演示银行,11.7654,11.8971,11.6772,11.8085,5895419
2025-09-02,D001,演示银行,11.8566,11.9611,11.7845,11.8889,4301686
2025-09-03,D001,演示银行,11.7961,11.9112,11.6206,11.7351,7305560
2025-09-04,D001,演示银行,11.6797,11.758,11.5649,11.643,7911301
2025-09-05,D001,演示银行,11.7006,11.821,11.6192,11.7393,5179379
2025-09-08,D001,演示银行,11.6788,11.7621,11.5557,11.6388,3357052
2025-09-09,D001,演示银行,11.7171,11.873,11.6144,11.7699,3652830
2025-09-10,D001,演示银行,11.7488,11.7933,11.6903,11.7348,9554599
2025-09-11,D001,演示银行,11.7324,11.7582,11.705,11.7309,6020128
2025-09-12,D001,演示银行,11.7337,11.762,11.7074,11.7356,6476356
2025-09-15,D001,演示银行,11.8196,11.9853,11.711,11.8762,8250046
2025-09-16,D001,演示银行,11.9338,12.0546,11.8519,11.9724,5978077
2025-09-17,D001,演示银行,11.9923,12.0496,11.9484,12.0056,6234871
2025-09-18,D001,演示银行,12.066,12.1918,11.981,12.1065,7223050
2025-09-19,D001,演示银行,12.1358,12.209,12.0822,12.1553,4189692
2025-09-22,D001,演示银行,12.1153,12.1793,12.0248,12.0887,4532331
2025-09-23,D001,演示银行,12.1425,12.2575,12.064,12.1787,6597991
2025-09-24,D001,演示银行,12.2126,12.2938,12.1541,12.2352,7787471
2025-09-25,D001,演示银行,12.2795,12.3785,12.2104,12.3092,5054660
2025-09-26,D001,演示银行,12.1941,12.3318,11.9815,12.1185,3355243
2025-09-29,D001,演示银行,12.1065,12.1427,12.0623,12.0985,3953885
2025-09-30,D001,演示银行,12.0702,12.1225,11.9992,12.0514,12232312
2025-10-01,D001,演示银行,11.9712,12.0745,11.8155,11.9183,3786119
2025-10-02,D001,演示银行,11.8696,11.9418,11.7655,11.8374,2971114
2025-10-03,D001,演示银行,11.8139,11.8609,11.7512,11.7982,6208212
2025-10-06,D001,演示银行,11.8427,11.941,11.7743,11.8725,3844132
2025-10-07,D001,演示银行,11.8349,11.896,11.7489,11.8099,6222718
2025-10-08,D001,演示银行,11.93,12.1583,11.784,12.0114,6075469
2025-10-09,D001,演示银行,12.0245,12.0706,11.9873,12.0334,4033136
2025-10-10,D001,演示银行,12.0952,12.2238,12.0086,12.1369,3534572
2025-10-13,D001,演示银行,12.1597,12.2224,12.1125,12.175,6011801
2025-10-14,D001,演示银行,12.1317,12.199,12.0357,12.1029,5344424
2025-10-15,D001,演示银行,12.0382,12.1264,11.9075,11.9954,5661828
2025-10-16,D001,演示银行,11.9752,12.0193,11.9177,11.9618,8020907
2025-10-17,D001,演示银行,12.027,12.161,11.9371,12.0708,5749672
2025-10-20,D001,演示银行,12.1107,12.202,12.0464,12.1375,5461075
2025-10-21,D001,演示银行,12.1521,12.2007,12.1132,12.1618,3342492
2025-10-22,D001,演示银行,12.1764,12.2251,12.1374,12.1861,5332519
2025-10-23,D001,演示银行,12.1306,12.21,12.0148,12.0939,3179990
2025-10-24,D001,演示银行,12.1456,12.2568,12.0692,12.1802,5265539
2025-10-27,D001,演示银行,12.1098,12.2038,11.9696,12.0633,3753079
2025-10-28,D001,演示银行,12.0531,12.0873,12.0121,12.0464,13663211
2025-10-29,D001,演示银行,12.1056,12.2297,12.0217,12.1455,9241241
2025-10-30,D001,演示银行,12.0946,12.1693,11.9864,12.0609,4899538
2025-10-31,D001,演示银行,12.0059,12.0845,11.8913,11.9696,3783167
2025-11-03,D001,演示银行,11.9391,11.9933,11.8647,11.9189,5670424
2025-11-04,D001,演示银行,11.9626,12.0601,11.8947,11.992,2624735
2025-11-05,D001,演示银行,12.1322,12.3961,11.965,12.2275,5700213
2025-11-06,D001,演示银行,12.3009,12.4495,12.2022,12.3503,6199863
2025-11-07,D001,演示银行,12.2594,12.3737,12.0858,12.1996,4458283
2025-11-10,D001,演示银行,12.1224,12.223,11.9713,12.0715,5745133
2025-11-11,D001,演示银行,12.1565,12.3246,12.0462,12.2138,3752209
2025-11-12,D001,演示银行,12.2592,12.3601,12.189,12.2897,5390994
2025-11-13,D001,演示银行,12.2825,12.3143,12.2458,12.2776,2916384
2025-11-14,D001,演示银行,12.2181,12.3016,12.0956,12.1788,3443793
2025-11-17,D001,演示银行,12.2469,12.3865,12.1536,12.2928,3283247
2025-11-18,D001,演示银行,12.2264,12.3167,12.0925,12.1825,5263559
2025-11-19,D001,演示银行,12.1729,12.2068,12.1327,12.1666,7047654
2025-11-20,D001,演示银行,12.183,12.235,12.1422,12.194,4631122
2025-11-21,D001,演示银行,12.2502,12.3692,12.1691,12.2879,3292823
2025-11-24,D001,演示银行,12.3328,12.433,12.2629,12.363,4280575
2025-11-25,D001,演示银行,12.4908,12.7336,12.3358,12.5775,4804464
2025-11-26,D001,演示银行,12.5329,12.6023,12.4342,12.5034,6092315
2025-11-27,D001,演示银行,12.4906,12.5284,12.4443,12.482,4904820
2025-11-28,D001,演示银行,12.5421,12.6684,12.4565,12.5825,3517150
2025-12-01,D001,演示银行,12.602,12.6599,12.5572,12.6151,8775743
2025-12-02,D001,演示银行,12.7146,12.9088,12.5883,12.7819,6067444
2025-12-03,D001,演示银行,12.665,12.8054,12.4488,12.5884,6066333
2025-12-04,D001,演示银行,12.4924,12.6121,12.3101,12.4292,6479796
2025-12-05,D001,演示银行,12.4559,12.5254,12.4042,12.4737,2099611
2024-01-02,D002,演示保险,18.0,18.1233,17.8767,18.0,6376716
2024-01-03,D002,演示保险,17.9908,18.036,17.9395,17.9846,4667477
2024-01-04,D002,演示保险,17.7412,18.0147,17.3114,17.5825,8475774
2024-01-05,D002,演示保险,17.6414,17.7756,17.5469,17.6808,6120257
2024-01-08,D002,演示保险,17.7129,17.8019,17.6453,17.7343,6401285
2024-01-09,D002,演示保险,17.817,17.9919,17.698,17.8725,3293967
2024-01-10,D002,演示保险,17.7039,17.9053,17.3931,17.5933,7208598
2024-01-11,D002,演示保险,17.8083,18.2118,17.5532,17.9546,3583617
2024-01-12,D002,演示保险,17.9985,18.108,17.9184,18.0278,3922861
2024-01-15,D002,演示保险,18.1729,18.4554,17.9895,18.271,3371655
2024-01-16,D002,演示保险,18.2275,18.3073,18.119,18.1987,9087741
2024-01-17,D002,演示保险,18.2105,18.2667,18.1622,18.2184,3139505
2024-01-18,D002,演示保险,18.3735,18.6737,18.1794,18.4785,3475472
2024-01-19,D002,演示保险,18.1734,18.5065,17.6462,17.9756,4528249
2024-01-22,D002,演示保险,17.7834,18.0078,17.4347,17.6575,2708343
2024-01-23,D002,演示保险,17.6627,17.7068,17.6222,17.6662,4971965
2024-01-24,D002,演示保险,17.6466,17.7015,17.5788,17.6336,4623231
2024-01-25,D002,演示保险,17.6656,17.7546,17.5981,17.687,3993260
2024-01-26,D002,演示保险,17.5727,17.721,17.3497,17.4973,5271654
2024-01-29,D002,演示保险,17.5341,17.6307,17.4621,17.5586,8522822
2024-01-30,D002,演示保险,17.4986,17.5933,17.3644,17.4589,5143307
2024-01-31,D002,演示保险,17.4684,17.5191,17.4239,17.4747,7310132
2024-02-01,D002,演示保险,17.4791,17.5214,17.4397,17.482,3864003
2024-02-02,D002,演示保险,17.5647,17.739,17.4462,17.6202,4340057
2024-02-05,D002,演示保险,17.7159,17.9128,17.5839,17.7803,3303701
2024-02-06,D002,演示保险,17.7114,17.8153,17.5621,17.6657,5703987
2024-02-07,D002,演示保险,17.7364,17.8906,17.6298,17.7838,6711143
2024-02-08,D002,演示保险,17.7065,17.8186,17.5435,17.6553,8051199
2024-02-09,D002,演示保险,17.6342,17.6905,17.5638,17.6201,4195426
2024-02-12,D002,演示保险,17.7048,17.8828,17.584,17.7616,3128478
2024-02-13,D002,演示保险,17.8012,17.903,17.7259,17.8276,2956757
2024-02-14,D002,演示保险,17.7176,17.8619,17.5012,17.6449,4690851
2024-02-15,D002,演示保险,17.5983,17.6799,17.4858,17.5673,6877645
2024-02-16,D002,演示保险,17.6709,17.8811,17.5309,17.7406,5181499
2024-02-19,D002,演示保险,17.8699,18.1247,17.7033,17.9572,3208461
2024-02-20,D002,演示保险,17.9814,18.0579,17.9212,17.9976,3814051
2024-02-21,D002,演示保险,18.1614,18.4761,17.9588,18.2722,4159872
2024-02-22,D002,演示保险,18.4643,18.8285,18.2319,18.5945,7960344
2024-02-23,D002,演示保险,18.7352,19.0111,18.5553,18.8302,4561222
2024-02-26,D002,演示保险,18.8725,18.9812,18.7923,18.9008,11279301
2024-02-27,D002,演示保险,18.972,19.1297,18.8624,19.0198,3620700
2024-02-28,D002,演示保险,18.9746,19.0576,18.8618,18.9446,6764498
2024-02-29,D002,演示保险,19.0115,19.162,18.9062,19.0564,5543993
2024-03-01,D002,演示保险,19.0481,19.0945,18.9963,19.0426,6160567
2024-03-04,D002,演示保险,19.0557,19.1158,19.0045,19.0645,6412827
2024-03-05,D002,演示保险,19.1277,19.272,19.0259,19.17,4279333
2024-03-06,D002,演示保险,18.8896,19.201,18.3987,18.7072,7253926
2024-03-07,D002,演示保险,18.6771,18.7444,18.5897,18.657,6231043
2024-03-08,D002,演示保险,18.5538,18.6932,18.3466,18.4856,6509369
2024-03-11,D002,演示保险,18.3582,18.5208,18.1123,18.2742,6049146
2024-03-12,D002,演示保险,18.2402,18.3106,18.1474,18.2176,6910278
2024-03-13,D002,演示保险,18.2998,18.4748,18.1804,18.355,2613076
2024-03-14,D002,演示保险,18.5259,18.8535,18.3153,18.6416,3342653
2024-03-15,D002,演示保险,18.521,18.6773,18.2858,18.4415,4706607
2024-03-18,D002,演示保险,18.537,18.7351,18.4036,18.6012,3114984
2024-03-19,D002,演示保险,18.6173,18.6815,18.564,18.6281,4803409
2024-03-20,D002,演示保险,18.6534,18.733,18.5907,18.6703,4124286
2024-03-21,D002,演示保险,18.7114,18.8178,18.6327,18.739,10208243
2024-03-22,D002,演示保险,18.7665,18.8502,18.7014,18.785,8859764
2024-03-25,D002,演示保险,18.9498,19.2678,18.7446,19.0614,6249361
2024-03-26,D002,演示保险,19.2879,19.7136,19.0183,19.4418,4564143
2024-03-27,D002,演示保险,19.391,19.4804,19.268,19.3572,1866680
2024-03-28,D002,演示保险,19.3707,19.4319,19.3185,19.3797,4026214
2024-03-29,D002,演示保险,19.5523,19.8847,19.338,19.6691,3896488
2024-04-01,D002,演示保险,19.6422,19.7083,19.5582,19.6243,4352525
2024-04-02,D002,演示保险,19.5737,19.6632,19.4508,19.5402,3344105
2024-04-03,D002,演示保险,19.633,19.8286,19.5001,19.6954,7326601
2024-04-04,D002,演示保险,19.8189,20.0672,19.6544,19.9021,5635459
2024-04-05,D002,演示保险,20.0003,20.2058,19.8613,20.0663,5853338
2024-04-08,D002,演示保险,20.1035,20.206,20.026,20.1284,3857674
2024-04-09,D002,演示保险,20.22,20.4148,20.0873,20.2816,4628610
2024-04-10,D002,演示保险,20.3514,20.5095,20.2405,20.3983,4018310
2024-04-11,D002,演示保险,20.399,20.441,20.3575,20.3994,3357481
2024-04-12,D002,演示保险,20.5894,20.9536,20.3553,20.718,11007006
2024-04-15,D002,演示保险,20.62,20.7585,20.4172,20.5552,4090437
2024-04-16,D002,演示保险,20.2718,20.5893,19.7726,20.0872,8722626
2024-04-17,D002,演示保险,20.2448,20.5525,20.0446,20.3513,7236185
2024-04-18,D002,演示保险,20.2804,20.3914,20.1226,20.2334,4516131
2024-04-19,D002,演示保险,20.1811,20.2735,20.0542,20.1464,5093043
2024-04-22,D002,演示保险,20.272,20.5247,20.1046,20.3566,3867030
2024-04-23,D002,演示保险,20.3877,20.4806,20.3157,20.4085,5434850
2024-04-24,D002,演示保险,20.3746,20.4492,20.2776,20.3521,5749894
2024-04-25,D002,演示保险,20.3257,20.3927,20.2413,20.3082,5085599
2024-04-26,D002,演示保险,20.1125,20.3453,19.7529,19.9842,7149854
2024-04-29,D002,演示保险,20.0719,20.2598,19.9434,20.1309,4455744
2024-04-30,D002,演示保险,20.0841,20.1708,19.9666,20.0531,3364573
2024-05-01,D002,演示保险,20.3822,20.9908,20.0033,20.6077,5221406
2024-05-02,D002,演示保险,20.7946,21.154,20.5632,20.9212,7223210
2024-05-03,D002,演示保险,21.2323,21.81,20.8709,21.445,4475638
2024-05-06,D002,演示保险,21.4857,21.597,21.4019,21.513,3522833
2024-05-07,D002,演示保险,21.4714,21.5558,21.3595,21.4438,3093731
2024-05-08,D002,演示保险,21.5531,21.7805,21.3997,21.6266,3773759
2024-05-09,D002,演示保险,21.5021,21.6684,21.2541,21.4198,3593322
2024-05-10,D002,演示保险,21.36,21.4623,21.2182,21.3203,3696481
2024-05-13,D002,演示保险,21.5078,21.8694,21.2745,21.6347,3745990
2024-05-14,D002,演示保险,21.7459,21.9769,21.5902,21.8207,5636561
2024-05-15,D002,演示保险,21.9415,22.1892,21.7757,22.0228,4221810
2024-05-16,D002,演示保险,22.1133,22.3098,21.978,22.1741,8369454
2024-05-17,D002,演示保险,22.2941,22.541,22.1284,22.3748,6041845
2024-05-20,D002,演示保险,22.1437,22.4151,21.7227,21.9923,2616529
2024-05-21,D002,演示保险,22.0686,22.2409,21.9477,22.1197,3683181
2024-05-22,D002,演示保险,21.9608,22.1618,21.656,21.8561,2712953
2024-05-23,D002,演示保险,21.9363,22.115,21.8117,21.9901,3838926
2024-05-24,D002,演示保险,21.9727,22.034,21.8999,21.9612,4032482
2024-05-27,D002,演示保险,21.7657,22.0018,21.4027,21.6374,4461305
2024-05-28,D002,演示保险,21.681,21.7975,21.5939,21.7103,5194967
2024-05-29,D002,演示保险,21.8303,22.0765,21.6655,21.9111,5505011
2024-05-30,D002,演示保险,21.9565,22.0766,21.867,21.9869,4203962
2024-05-31,D002,演示保险,21.8136,22.0283,21.486,21.6996,2942694
2024-06-03,D002,演示保险,21.9128,22.3195,21.6522,22.0572,8259953
2024-06-04,D002,演示保险,21.9349,22.1,21.6897,21.8541,5571902
2024-06-05,D002,演示保险,21.4295,21.8834,20.7074,21.1555,5637136
2024-06-06,D002,演示保险,21.0194,21.1961,20.7536,20.9296,4797088
2024-06-07,D002,演示保险,20.9252,20.9714,20.8761,20.9223,3136843
2024-06-10,D002,演示保险,20.9601,21.0655,20.8802,20.9855,6761782
2024-06-11,D002,演示保险,21.0225,21.1266,20.9433,21.0473,5060911
2024-06-12,D002,演示保险,21.1072,21.2499,21.0048,21.1473,5082819
2024-06-13,D002,演示保险,21.1239,21.1895,21.0427,21.1083,5111447
2024-06-14,D002,演示保险,21.1486,21.2584,21.0658,21.1755,5846296
2024-06-17,D002,演示保险,20.9874,21.2147,20.6379,20.8639,4251835
2024-06-18,D002,演示保险,21.0165,21.3169,20.82,21.1194,6305948
2024-06-19,D002,演示保险,20.9882,21.1601,20.7305,20.9017,3202522
2024-06-20,D002,演示保险,20.7916,20.9423,20.5688,20.7189,7231871
2024-06-21,D002,演示保险,20.6301,20.7596,20.4424,20.5714,4167489
2024-06-24,D002,演示保险,20.4828,20.6117,20.2957,20.4242,4052641
2024-06-25,D002,演示保险,20.5448,20.7894,20.382,20.6259,3161077
2024-06-26,D002,演示保险,20.6896,20.8378,20.5842,20.7322,9555897
2024-06-27,D002,演示保险,20.7421,20.8,20.6907,20.7486,5831308
2024-06-28,D002,演示保险,20.6304,20.7888,20.3946,20.5524,2546814
2024-07-01,D002,演示保险,20.5414,20.5934,20.482,20.5341,5206103
2024-07-02,D002,演示保险,20.3642,20.5725,20.0455,20.2525,2619879
2024-07-03,D002,演示保险,20.3787,20.6325,20.2105,20.4636,4629923
2024-07-04,D002,演示保险,20.749,21.2806,20.4154,20.9438,4301352
2024-07-05,D002,演示保险,21.0925,21.3864,20.8999,21.1928,5083823
2024-07-08,D002,演示保险,20.9269,21.2292,20.4536,20.7533,4584794
2024-07-09,D002,演示保险,20.7427,20.7948,20.6834,20.7356,9133200
2024-07-10,D002,演示保险,20.7214,20.777,20.6563,20.7119,4040771
2024-07-11,D002,演示保险,20.8406,21.0996,20.6689,20.9272,2109573
2024-07-12,D002,演示保险,20.6633,20.9631,20.1938,20.491,6627656
2024-07-15,D002,演示保险,20.1684,20.523,19.608,19.9589,5350993
2024-07-16,D002,演示保险,19.9898,20.0815,19.9188,20.0105,3705822
2024-07-17,D002,演示保险,19.9095,20.0494,19.7032,19.8427,6436354
2024-07-18,D002,演示保险,19.6294,19.8781,19.2427,19.4897,3759645
2024-07-19,D002,演示保险,19.5685,19.7401,19.45,19.6214,3981999
2024-07-22,D002,演示保险,19.6268,19.6751,19.5821,19.6304,6843098
2024-07-23,D002,演示保险,19.7886,20.0966,19.5887,19.8956,5754195
2024-07-24,D002,演示保险,19.9193,19.999,19.8557,19.9352,7493653
2024-07-25,D002,演示保险,19.9473,20.0073,19.8953,19.9553,4075854
2024-07-26,D002,演示保险,19.8276,19.9936,19.5781,19.7434,5874561
2024-07-29,D002,演示保险,19.7212,19.7828,19.645,19.7065,3260948
2024-07-30,D002,演示保险,19.614,19.745,19.4222,19.5528,5026695
2024-07-31,D002,演示保险,19.3376,19.5876,18.9486,19.1967,6120835
2024-08-01,D002,演示保险,19.3294,19.5925,19.1565,19.4189,4593907
2024-08-02,D002,演示保险,19.3495,19.4571,19.1961,19.3035,3008538
2024-08-05,D002,演示保险,19.2857,19.342,19.2176,19.2739,7724697
2024-08-06,D002,演示保险,19.4017,19.6566,19.2336,19.4878,3077436
2024-08-07,D002,演示保险,19.4781,19.5268,19.423,19.4717,5804844
2024-08-08,D002,演示保险,19.4522,19.5105,19.381,19.4393,4207384
2024-08-09,D002,演示保险,19.3726,19.4776,19.2238,19.3285,5515374
2024-08-12,D002,演示保险,19.36,19.4514,19.2897,19.3811,5546234
2024-08-13,D002,演示保险,19.4702,19.6594,19.3414,19.5302,4396339
2024-08-14,D002,演示保险,19.6034,19.7657,19.4905,19.6525,3336844
2024-08-15,D002,演示保险,19.5371,19.6905,19.3081,19.4609,2872495
2024-08-16,D002,演示保险,19.5155,19.6461,19.4216,19.5521,4455487
2024-08-19,D002,演示保险,19.6494,19.8527,19.512,19.7148,4153667
2024-08-20,D002,演示保险,19.8436,20.101,19.6737,19.9304,5146938
2024-08-21,D002,演示保险,19.9759,20.092,19.8903,20.0063,8759649
2024-08-22,D002,演示保险,20.2543,20.7192,19.9606,20.4231,4955937
2024-08-23,D002,演示保险,20.2799,20.4619,20.0043,20.1855,4339598
2024-08-26,D002,演示保险,20.1638,20.2258,20.0873,20.1493,2727967
2024-08-27,D002,演示保险,19.8985,20.1839,19.4518,19.7348,6980283
2024-08-28,D002,演示保险,19.7108,19.7742,19.6314,19.6948,7855969
2024-08-29,D002,演示保险,19.7529,19.89,19.655,19.7918,4165345
2024-08-30,D002,演示保险,19.6803,19.8302,19.4573,19.6066,11144597
2024-09-02,D002,演示保险,19.7245,19.963,19.566,19.8039,5865919
2024-09-03,D002,演示保险,19.8806,20.0493,19.7636,19.932,5354474
2024-09-04,D002,演示保险,19.8473,19.9711,19.6679,19.7913,5057158
2024-09-05,D002,演示保险,19.9514,20.263,19.7492,20.0596,6246250
2024-09-06,D002,演示保险,19.9466,20.0985,19.7206,19.8719,1931887
2024-09-09,D002,演示保险,19.8014,19.9111,19.6452,19.7547,3102087
2024-09-10,D002,演示保险,19.6958,19.7938,19.5589,19.6567,6046335
2024-09-11,D002,演示保险,19.6489,19.696,19.5965,19.6436,3727672
2024-09-12,D002,演示保险,19.8209,20.1617,19.6013,19.9408,4499049
2024-09-13,D002,演示保险,19.8571,19.98,19.6792,19.8017,3043604
2024-09-16,D002,演示保险,19.6399,19.8388,19.3357,19.5335,4031110
2024-09-17,D002,演示保险,19.7869,20.2606,19.4884,19.9595,3972833
2024-09-18,D002,演示保险,20.0935,20.3602,19.9178,20.1837,6685993
2024-09-19,D002,演示保险,20.3029,20.5448,20.142,20.3832,3769531
2024-09-20,D002,演示保险,20.4067,20.4869,20.3423,20.4224,4837037
2024-09-23,D002,演示保险,20.4615,20.5678,20.3814,20.4876,5003532
2024-09-24,D002,演示保险,20.675,21.0348,20.4434,20.8018,2455849
2024-09-25,D002,演示保险,20.9242,21.1726,20.7587,21.0066,2546112
2024-09-26,D002,演示保险,21.0441,21.1489,20.9644,21.0691,2829988
2024-09-27,D002,演示保险,21.0464,21.1112,20.9664,21.0312,3730951
2024-09-30,D002,演示保险,20.9197,21.0721,20.6941,20.846,5005659
2024-10-01,D002,演示保险,20.8813,20.9821,20.8041,20.9048,3251530
2024-10-02,D002,演示保险,20.9041,20.9467,20.8612,20.9037,3849760
2024-10-03,D002,演示保险,20.7862,20.9441,20.5512,20.7086,3370317
2024-10-04,D002,演示保险,20.9162,21.3115,20.6633,21.0569,5441066
2024-10-07,D002,演示保险,20.9948,21.0986,20.8501,20.9537,6083809
2024-10-08,D002,演示保险,21.1096,21.4159,20.9095,21.2148,3305337
2024-10-09,D002,演示保险,21.2558,21.3669,21.1722,21.2832,8531479
2024-10-10,D002,演示保险,21.1722,21.3245,20.9471,21.0989,4199712
2024-10-11,D002,演示保险,21.2532,21.5569,21.0545,21.3573,4836200
2024-10-14,D002,演示保险,21.5816,22.0071,21.3102,21.7337,6161399
2024-10-15,D002,演示保险,21.5785,21.7751,21.2806,21.4762,4051531
2024-10-16,D002,演示保险,21.5564,21.7344,21.4326,21.6102,4652285
2024-10-17,D002,演示保险,21.7465,22.0204,21.5653,21.8384,4484698
2024-10-18,D002,演示保险,21.7883,21.8818,21.6618,21.7551,2976347
2024-10-21,D002,演示保险,21.9929,22.4425,21.7067,22.1543,6284901
2024-10-22,D002,演示保险,21.9416,22.1948,21.5505,21.8021,4445419
2024-10-23,D002,演示保险,21.7189,21.845,21.5379,21.6637,3370473
2024-10-24,D002,演示保险,21.6542,21.707,21.595,21.6479,2856137
2024-10-25,D002,演示保险,21.4521,21.6878,21.0893,21.3236,10356472
2024-10-28,D002,演示保险,21.0804,21.3611,20.6427,20.9213,3090517
2024-10-29,D002,演示保险,20.6611,20.9573,20.1975,20.4912,5902630
2024-10-30,D002,演示保险,20.3065,20.5291,19.9639,20.1851,5120359
2024-10-31,D002,演示保险,20.0948,20.2247,19.9054,20.035,3894730
2024-11-01,D002,演示保险,19.9424,20.0741,19.7499,19.8812,3799341
2024-11-04,D002,演示保险,19.8585,19.9209,19.7811,19.8434,10346277
2024-11-05,D002,演示保险,19.8019,19.8829,19.6935,19.7743,4478994
2024-11-06,D002,演示保险,19.3915,19.8009,18.7402,19.1444,3511780
2024-11-07,D002,演示保险,19.1143,19.1826,19.0261,19.0943,6917715
2024-11-08,D002,演示保险,18.9276,19.1297,18.6171,18.818,4391209
2024-11-11,D002,演示保险,18.6979,18.8542,18.4632,18.6187,3634329
2024-11-12,D002,演示保险,18.5508,18.6554,18.4014,18.5057,3284574
2024-11-13,D002,演示保险,18.4819,18.5427,18.4053,18.466,5020402
2024-11-14,D002,演示保险,18.1466,18.4932,17.597,17.9397,4610307
2024-11-15,D002,演示保险,17.8987,17.9753,17.795,17.8715,4767459
2024-11-18,D002,演示保险,17.8326,17.907,17.7323,17.8067,1938778
2024-11-19,D002,演示保险,17.828,17.8992,17.771,17.8422,4439361
2024-11-20,D002,演示保险,17.8157,17.8778,17.7361,17.7981,5082039
2024-11-21,D002,演示保险,17.8231,17.9007,17.7624,17.8399,6064094
2024-11-22,D002,演示保险,17.788,17.8752,17.6666,17.7536,2982731
2024-11-25,D002,演示保险,17.8774,18.1227,17.7164,17.9609,5524754
2024-11-26,D002,演示保险,18.1453,18.4958,17.9215,18.2704,4304595
2024-11-27,D002,演示保险,18.1976,18.3063,18.0409,18.1494,4410961
2024-11-28,D002,演示保险,18.0404,18.1843,17.8251,17.9685,5139501
2024-11-29,D002,演示保险,18.148,18.49,17.9292,18.2697,3088250
2024-12-02,D002,演示保险,18.3442,18.5062,18.2325,18.3942,4520695
2024-12-03,D002,演示保险,18.3853,18.431,18.3337,18.3793,5228218
2024-12-04,D002,演示保险,18.4337,18.5619,18.3422,18.4702,6420892
2024-12-05,D002,演示保险,18.4828,18.5408,18.4332,18.4912,4058844
2024-12-06,D002,演示保险,18.5649,18.726,18.4536,18.6144,3335188
2024-12-09,D002,演示保险,18.4694,18.6495,18.1949,18.374,4336436
2024-12-10,D002,演示保险,18.5994,19.0223,18.3321,18.7528,6151662
2024-12-11,D002,演示保险,19.0323,19.5511,18.7077,19.2233,6351817
2024-12-12,D002,演示保险,19.3971,19.7314,19.1818,19.5148,5521010
2024-12-13,D002,演示保险,19.497,19.5537,19.4286,19.4853,4183137
2024-12-16,D002,演示保险,19.3758,19.523,19.1568,19.3034,5347966
2024-12-17,D002,演示保险,19.194,19.3408,18.9756,19.1218,4322677
2024-12-18,D002,演示保险,19.16,19.2622,19.0834,19.1855,4226582
2024-12-19,D002,演示保险,19.0774,19.2226,18.8614,19.0061,6720394
2024-12-20,D002,演示保险,18.987,19.044,18.9174,18.9743,6221485
2024-12-23,D002,演示保险,18.9974,19.0739,18.9363,19.0128,1818134
2024-12-24,D002,演示保险,19.0204,19.0713,18.9747,19.0255,10468125
2024-12-25,D002,演示保险,19.0825,19.2163,18.9871,19.1207,3947535
2024-12-26,D002,演示保险,19.2983,19.639,19.0793,19.4186,7675420
2024-12-27,D002,演示保险,19.4543,19.5529,19.3796,19.4781,3978187
2024-12-30,D002,演示保险,19.5452,19.697,19.4386,19.5902,6817377
2024-12-31,D002,演示保险,19.5148,19.6287,19.3511,19.4648,5479722
2025-01-01,D002,演示保险,19.4516,19.5037,19.3907,19.4428,4846895
2025-01-02,D002,演示保险,19.5151,19.6756,19.4033,19.5636,2244674
2025-01-03,D002,演示保险,19.4864,19.602,19.32,19.4353,5724559
2025-01-06,D002,演示保险,19.3231,19.4729,19.0997,19.249,5997299
2025-01-07,D002,演示保险,19.2236,19.2874,19.1429,19.2067,2862705
2025-01-08,D002,演示保险,19.1766,19.245,19.0883,19.1566,4048997
2025-01-09,D002,演示保险,19.0473,19.1936,18.8293,18.9751,2229514
2025-01-10,D002,演示保险,18.9353,19.0128,18.8313,18.9088,2069599
2025-01-13,D002,演示保险,18.9077,18.9466,18.8682,18.907,5328218
2025-01-14,D002,演示保险,19.0699,19.3846,18.8665,19.18,3282870
2025-01-15,D002,演示保险,19.2148,19.3114,19.1415,19.238,5004088
2025-01-16,D002,演示保险,19.0303,19.2724,18.6539,18.8943,4253719
2025-01-17,D002,演示保险,18.9563,19.0983,18.856,18.9979,6108022
2025-01-20,D002,演示保险,19.3322,19.9492,18.9493,19.5617,4325700
2025-01-21,D002,演示保险,19.7018,19.9784,19.5206,19.7964,6319942
2025-01-22,D002,演示保险,19.8142,19.8837,19.7567,19.8261,3402159
2025-01-23,D002,演示保险,19.5106,19.8569,18.9631,19.3058,2160188
2025-01-24,D002,演示保险,19.4026,19.6046,19.2661,19.4677,7066214
2025-01-27,D002,演示保险,19.5799,19.8085,19.4274,19.6554,7071780
2025-01-28,D002,演示保险,19.6066,19.6944,19.4865,19.5742,3233060
2025-01-29,D002,演示保险,19.5317,19.6131,19.4223,19.5035,6505660
2025-01-30,D002,演示保险,19.2813,19.5379,18.8812,19.1359,2742442
2025-01-31,D002,演示保险,19.1438,19.1953,19.0976,19.1491,8229054
2025-02-03,D002,演示保险,19.1862,19.2868,19.1106,19.211,7273724
2025-02-04,D002,演示保险,19.2863,19.4513,19.172,19.3367,2840096
2025-02-05,D002,演示保险,19.2259,19.3741,19.0051,19.1528,4076533
2025-02-06,D002,演示保险,19.0958,19.1907,18.9632,19.0579,3346245
2025-02-07,D002,演示保险,18.9207,19.0941,18.6577,18.8303,4557859
2025-02-10,D002,演示保险,18.9805,19.2731,18.7904,19.082,6841400
2025-02-11,D002,演示保险,19.1442,19.287,19.0434,19.1859,3247651
2025-02-12,D002,演示保险,19.4218,19.8642,19.1422,19.5823,10313920
2025-02-13,D002,演示保险,19.7878,20.1776,19.5391,19.9272,4342452
2025-02-14,D002,演示保险,19.6912,19.9619,19.2683,19.537,4959930
2025-02-17,D002,演示保险,19.6586,19.9036,19.4964,19.7406,5952705
2025-02-18,D002,演示保险,19.5486,19.7766,19.1961,19.4227,3565320
2025-02-19,D002,演示保险,19.3911,19.4614,19.2998,19.37,4719199
2025-02-20,D002,演示保险,19.2549,19.4074,19.027,19.1789,8185003
2025-02-21,D002,演示保险,19.2759,19.4779,19.1395,19.3411,4156316
2025-02-24,D002,演示保险,19.3457,19.3922,19.3024,19.3488,5586326
2025-02-25,D002,演示保险,19.4457,19.648,19.3091,19.5109,4430836
2025-02-26,D002,演示保险,19.513,19.5555,19.4719,19.5144,8754602
2025-02-27,D002,演示保险,19.2141,19.5452,18.6913,19.019,3438700
2025-02-28,D002,演示保险,19.1412,19.3858,18.9794,19.2234,6514121
2025-03-03,D002,演示保险,19.3368,19.5669,19.1836,19.4131,4557599
2025-03-04,D002,演示保险,19.5278,19.7605,19.3729,19.605,6314583
2025-03-05,D002,演示保险,19.4303,19.6413,19.1059,19.3156,7630474
2025-03-06,D002,演示保险,19.1428,19.3513,18.8221,19.0294,6914518
2025-03-07,D002,演示保险,19.0992,19.2547,18.9907,19.146,4776400
2025-03-10,D002,演示保险,19.3015,19.6039,19.1053,19.4066,5333561
2025-03-11,D002,演示保险,19.4627,19.5957,19.3674,19.5002,4268976
2025-03-12,D002,演示保险,19.3195,19.5361,18.9856,19.2008,3261112
2025-03-13,D002,演示保险,19.2771,19.4439,19.1618,19.3283,3495377
2025-03-14,D002,演示保险,19.2537,19.3663,19.0919,19.2042,6516012
2025-03-17,D002,演示保险,19.1362,19.2421,18.9855,19.0911,3275937
2025-03-18,D002,演示保险,19.0657,19.1292,18.9853,19.0487,6835110
2025-03-19,D002,演示保险,19.0489,19.0874,19.0106,19.0491,4649254
2025-03-20,D002,演示保险,19.0828,19.1773,19.0108,19.1053,5934545
2025-03-21,D002,演示保险,19.1575,19.2834,19.0668,19.1925,4563855
2025-03-24,D002,演示保险,19.1279,19.2303,18.9829,19.0851,4048079
2025-03-25,D002,演示保险,19.1054,19.1775,19.0469,19.1189,6352453
2025-03-26,D002,演示保险,18.9418,19.1541,18.6145,18.8255,8270998
2025-03-27,D002,演示保险,18.6404,18.8598,18.3011,18.519,3974958
2025-03-28,D002,演示保险,18.5343,18.5969,18.4819,18.5445,2170397
2025-03-31,D002,演示保险,18.6268,18.8027,18.5067,18.6821,2657860
2025-04-01,D002,演示保险,18.5885,18.7185,18.397,18.5266,3653936
2025-04-02,D002,演示保险,18.598,18.7552,18.4889,18.6459,6444401
2025-04-03,D002,演示保险,18.6962,18.8179,18.6083,18.7298,4927604
2025-04-04,D002,演示保险,18.7518,18.8261,18.6923,18.7665,6290866
2025-04-07,D002,演示保险,18.8327,18.9815,18.7285,18.877,3976549
2025-04-08,D002,演示保险,18.863,18.9147,18.8019,18.8536,5554671
2025-04-09,D002,演示保险,18.6182,18.886,18.199,18.4645,5940745
2025-04-10,D002,演示保险,18.3948,18.5009,18.2426,18.3485,7090054
2025-04-11,D002,演示保险,18.2599,18.3843,18.0772,18.2012,3926352
2025-04-14,D002,演示保险,18.217,18.2799,18.1648,18.2276,6536645
2025-04-15,D002,演示保险,18.343,18.5748,18.1897,18.4208,8432088
2025-04-16,D002,演示保险,18.2912,18.4559,18.0419,18.2058,2634920
2025-04-17,D002,演示保险,18.218,18.2749,18.1693,18.2262,5454882
2025-04-18,D002,演示保险,18.1758,18.2623,18.056,18.1424,3111333
2025-04-21,D002,演示保险,18.2962,18.594,18.1036,18.4002,6437838
2025-04-22,D002,演示保险,18.4526,18.5773,18.3631,18.4877,6945089
2025-04-23,D002,演示保险,18.6282,18.9035,18.4486,18.723,6855091
2025-04-24,D002,演示保险,18.5618,18.7579,18.261,18.4559,7739967
2025-04-25,D002,演示保险,18.3374,18.4913,18.1061,18.2593,6378723
2025-04-28,D002,演示保险,18.2534,18.2958,18.2072,18.2495,2524294
2025-04-29,D002,演示保险,18.1226,18.2843,17.878,18.0389,6469818
2025-04-30,D002,演示保险,18.0864,18.2021,18.0026,18.1181,4118068
2025-05-01,D002,演示保险,18.1059,18.1543,18.0493,18.0977,5145269
2025-05-02,D002,演示保险,17.9971,18.1328,17.7955,17.9306,4733570
2025-05-05,D002,演示保险,17.919,17.9665,17.8637,17.9112,11342013
2025-05-06,D002,演示保险,17.7607,17.9446,17.4788,17.6617,4682231
2025-05-07,D002,演示保险,17.6733,17.728,17.6263,17.681,2984168
2025-05-08,D002,演示保险,17.6289,17.716,17.5073,17.5943,4822824
2025-05-09,D002,演示保险,17.7051,17.9277,17.5577,17.7797,6737010
2025-05-12,D002,演示保险,17.733,17.815,17.6202,17.702,4943986
2025-05-13,D002,演示保险,17.8728,18.1992,17.6635,17.9885,5744608
2025-05-14,D002,演示保险,18.0539,18.2,17.952,18.0978,11146053
2025-05-15,D002,演示保险,18.0302,18.1335,17.8824,17.9854,5131445
2025-05-16,D002,演示保险,17.8825,18.0202,17.6774,17.8145,4324576
2025-05-19,D002,演示保险,17.7906,17.8501,17.7153,17.7747,5481240
2025-05-20,D002,演示保险,17.6747,17.8091,17.4747,17.6086,7848954
2025-05-21,D002,演示保险,17.6906,17.8639,17.5726,17.7456,3587498
2025-05-22,D002,演示保险,17.711,17.7809,17.6181,17.688,8460598
2025-05-23,D002,演示保险,17.7976,18.0184,17.6512,17.8714,4443970
2025-05-26,D002,演示保险,17.8922,17.9628,17.8356,17.9061,4865750
2025-05-27,D002,演示保险,17.9484,18.0551,17.87,17.9766,3599937
2025-05-28,D002,演示保险,17.8123,18.0098,17.5082,17.7044,4147978
2025-05-29,D002,演示保险,17.8389,18.1023,17.667,17.9296,6907424
2025-05-30,D002,演示保险,18.0048,18.1672,17.8931,18.0552,6390720
2025-06-02,D002,演示保险,18.0745,18.143,18.019,18.0874,4321265
2025-06-03,D002,演示保险,17.9887,18.1225,17.7902,17.9235,3532686
2025-06-04,D002,演示保险,17.9367,17.9945,17.8876,17.9455,5713149
2025-06-05,D002,演示保险,17.8934,17.981,17.7713,17.8588,4268127
2025-06-06,D002,演示保险,18.024,18.3409,17.8202,18.1358,4987486
2025-06-09,D002,演示保险,18.2059,18.36,18.099,18.2529,4193766
2025-06-10,D002,演示保险,18.3977,18.6802,18.2141,18.4956,7016678
2025-06-11,D002,演示保险,18.452,18.5324,18.3429,18.4231,3168675
2025-06-12,D002,演示保险,18.3309,18.459,18.1422,18.2699,3939043
2025-06-13,D002,演示保险,18.2227,18.3061,18.1081,18.1914,6371302
2025-06-16,D002,演示保险,18.2908,18.4951,18.1539,18.3577,6333334
2025-06-17,D002,演示保险,18.3381,18.3943,18.2688,18.325,5820070
2025-06-18,D002,演示保险,18.4522,18.7043,18.2866,18.5379,5260852
2025-06-19,D002,演示保险,18.7132,19.0486,18.4977,18.8318,4649348
2025-06-20,D002,演示保险,18.7904,18.8692,18.6841,18.7628,4461144
2025-06-23,D002,演示保险,18.8461,19.024,18.7245,18.902,5022992
2025-06-24,D002,演示保险,18.8232,18.9391,18.6553,18.771,2664240
2025-06-25,D002,演示保险,18.6736,18.8075,18.4757,18.6092,5774994
2025-06-26,D002,演示保险,18.4468,18.6437,18.1444,18.3402,5418845
2025-06-27,D002,演示保险,18.2747,18.3763,18.1299,18.2313,6443783
2025-06-30,D002,演示保险,18.06,18.2647,17.744,17.9475,2903490
2025-07-01,D002,演示保险,17.8671,17.9826,17.6987,17.8139,6286584
2025-07-02,D002,演示保险,17.7969,17.8495,17.7331,17.7856,3569417
2025-07-03,D002,演示保险,17.816,17.9026,17.7499,17.8364,4254545
2025-07-04,D002,演示保险,17.8901,18.0162,17.8003,17.9262,2457652
2025-07-07,D002,演示保险,17.8365,17.9611,17.6531,17.7772,3791716
2025-07-08,D002,演示保险,17.7245,17.8124,17.6018,17.6895,4645929
2025-07-09,D002,演示保险,17.519,17.7219,17.2056,17.4071,5801978
2025-07-10,D002,演示保险,17.4915,17.6687,17.3715,17.5482,3749503
2025-07-11,D002,演示保险,17.5039,17.583,17.3954,17.4745,7459911
2025-07-14,D002,演示保险,17.4508,17.5093,17.3767,17.4351,8489393
2025-07-15,D002,演示保险,17.2443,17.4662,16.899,17.1193,3991404
2025-07-16,D002,演示保险,17.2195,17.423,17.0839,17.2869,3231791
2025-07-17,D002,演示保险,17.4484,17.7579,17.2495,17.5577,7193668
2025-07-18,D002,演示保险,17.5919,17.6843,17.5224,17.6147,3327901
2025-07-21,D002,演示保险,17.5017,17.6485,17.281,17.4272,4071101
2025-07-22,D002,演示保险,17.3237,17.4608,17.1188,17.2554,3377506
2025-07-23,D002,演示保险,17.3465,17.5349,17.2199,17.4078,6587107
2025-07-24,D002,演示保险,17.4361,17.5182,17.3729,17.4549,4767608
2025-07-25,D002,演示保险,17.4765,17.5474,17.4199,17.4908,5726579
2025-07-28,D002,演示保险,17.5396,17.6566,17.4555,17.5723,2185317
2025-07-29,D002,演示保险,17.6961,17.9408,17.5355,17.7795,5900863
2025-07-30,D002,演示保险,17.8983,18.1349,17.7424,17.9783,5827603
2025-07-31,D002,演示保险,18.0109,18.1016,17.9422,18.0327,4981543
2025-08-01,D002,演示保险,18.141,18.36,17.9954,18.2139,2793022
2025-08-04,D002,演示保险,18.1125,18.2491,17.9094,18.0455,4845213
2025-08-05,D002,演示保险,18.2258,18.5692,18.0061,18.348,5199071
2025-08-06,D002,演示保险,18.2273,18.3831,17.9926,18.1477,7295582
2025-08-07,D002,演示保险,18.3,18.595,18.109,18.4029,4463619
2025-08-08,D002,演示保险,18.3985,18.4397,18.3543,18.3955,3363068
2025-08-11,D002,演示保险,18.4057,18.4594,18.3587,18.4124,3030205
2025-08-12,D002,演示保险,18.3865,18.4491,18.3066,18.3692,5482309
2025-08-13,D002,演示保险,18.3645,18.406,18.32,18.3614,6891097
2025-08-14,D002,演示保险,18.4056,18.5166,18.3244,18.4352,3741964
2025-08-15,D002,演示保险,18.4093,18.472,18.3293,18.392,3420181
2025-08-18,D002,演示保险,18.5015,18.7235,18.3539,18.5753,3006732
2025-08-19,D002,演示保险,18.6766,18.8848,18.537,18.7447,2185610
2025-08-20,D002,演示保险,18.7637,18.8328,18.7072,18.7763,3832757
2025-08-21,D002,演示保险,18.7236,18.8135,18.5989,18.6886,5530609
2025-08-22,D002,演示保险,18.5701,18.7245,18.3383,18.492,4278663
2025-08-25,D002,演示保险,18.4269,18.5285,18.2826,18.3838,4050328
2025-08-26,D002,演示保险,18.3045,18.4199,18.137,18.252,3811260
2025-08-27,D002,演示保险,18.4013,18.6914,18.2132,18.5022,3717222
2025-08-28,D002,演示保险,18.4639,18.539,18.3635,18.4385,7154903
2025-08-29,D002,演示保险,18.4371,18.4754,18.3979,18.4362,5184924
2025-09-01,D002,演示保险,18.5533,18.7885,18.3978,18.6323,2849126
2025-09-02,D002,演示保险,18.7046,18.8636,18.5944,18.7531,6220335
2025-09-03,D002,演示保险,18.7226,18.7905,18.6346,18.7024,5613698
2025-09-04,D002,演示保险,18.5907,18.7385,18.3698,18.517,6278847
2025-09-05,D002,演示保险,18.6687,18.9634,18.4776,18.7712,7886289
2025-09-08,D002,演示保险,18.6725,18.8077,18.4725,18.6073,5087177
2025-09-09,D002,演示保险,18.7243,18.9596,18.5686,18.8032,3863226
2025-09-10,D002,演示保险,18.8322,18.9183,18.7655,18.8515,3392970
2025-09-11,D002,演示保险,18.7805,18.8886,18.6254,18.7334,9817745
2025-09-12,D002,演示保险,18.6433,18.7699,18.4575,18.5837,4728963
2025-09-15,D002,演示保险,18.6066,18.682,18.5465,18.6218,5662905
2025-09-16,D002,演示保险,18.8148,19.1811,18.5809,18.9456,3370065
2025-09-17,D002,演示保险,18.7408,18.9794,18.3698,18.6067,2867365
2025-09-18,D002,演示保险,18.6649,18.7999,18.569,18.7039,7303236
2025-09-19,D002,演示保险,18.5104,18.7376,18.1579,18.3836,7966973
2025-09-22,D002,演示保险,18.2547,18.4186,18.0066,18.1698,4168976
2025-09-23,D002,演示保险,18.1635,18.2061,18.1166,18.1593,5376564
2025-09-24,D002,演示保险,18.1212,18.1954,18.0218,18.0959,5664223
2025-09-25,D002,演示保险,17.8791,18.1273,17.4912,17.7375,3120694
2025-09-26,D002,演示保险,17.636,17.7718,17.4337,17.5689,9439948
2025-09-29,D002,演示保险,17.5395,17.6039,17.4555,17.5199,4688975
2025-09-30,D002,演示保险,17.5673,17.6819,17.4845,17.599,11188967
2025-10-01,D002,演示保险,17.5668,17.634,17.4782,17.5454,5116911
2025-10-02,D002,演示保险,17.4445,17.5793,17.2436,17.3779,2585589
2025-10-03,D002,演示保险,17.1274,17.4062,16.6882,16.9644,4923215
2025-10-06,D002,演示保险,17.0707,17.2845,16.9291,17.1423,3833191
2025-10-07,D002,演示保险,17.2306,17.4139,17.1071,17.29,3396596
2025-10-08,D002,演示保险,17.3932,17.6023,17.2542,17.4627,8369985
2025-10-09,D002,演示保险,17.4529,17.4976,17.4017,17.4464,4673982
2025-10-10,D002,演示保险,17.5624,17.7937,17.41,17.6406,5754607
2025-10-13,D002,演示保险,17.7906,18.0808,17.6029,17.892,3834129
2025-10-14,D002,演示保险,18.0529,18.3623,17.8535,18.1617,3887913
2025-10-15,D002,演示保险,18.0228,18.196,17.759,17.9314,6590693
2025-10-16,D002,演示保险,17.8958,17.967,17.801,17.8722,3374272
2025-10-17,D002,演示保险,17.926,18.0522,17.836,17.9621,4500442
2025-10-20,D002,演示保险,17.9484,17.998,17.8897,17.9393,5226954
2025-10-21,D002,演示保险,17.9044,17.975,17.8108,17.8813,7327025
2025-10-22,D002,演示保险,17.7195,17.9143,17.4197,17.6133,4795052
2025-10-23,D002,演示保险,17.5933,17.6484,17.525,17.58,4633061
2025-10-24,D002,演示保险,17.5709,17.6152,17.5206,17.5648,3806924
2025-10-27,D002,演示保险,17.6765,17.9007,17.5283,17.7518,5364426
2025-10-28,D002,演示保险,17.8894,18.1583,17.7142,17.9823,2603729
2025-10-29,D002,演示保险,17.9942,18.0502,17.9463,18.0022,6357334
2025-10-30,D002,演示保险,18.0431,18.1478,17.966,18.0705,3555398
2025-10-31,D002,演示保险,17.9894,18.1059,17.8195,17.9357,2828272
2025-11-03,D002,演示保险,17.8099,17.9698,17.5677,17.727,5518593
2025-11-04,D002,演示保险,17.7731,17.886,17.6912,17.804,6959322
2025-11-05,D002,演示保险,17.8306,17.9108,17.7683,17.8484,4701977
2025-11-06,D002,演示保险,17.9397,18.1295,17.8117,18.0011,3752076
2025-11-07,D002,演示保险,17.8265,18.0339,17.5058,17.7119,6737785
2025-11-10,D002,演示保险,17.6789,17.7472,17.5889,17.657,4796221
2025-11-11,D002,演示保险,17.6811,17.7567,17.6216,17.6972,5086166
2025-11-12,D002,演示保险,17.8439,18.1285,17.6594,17.9431,4820196
2025-11-13,D002,演示保险,18.0317,18.2171,17.9063,18.0913,3325360
2025-11-14,D002,演示保险,18.1336,18.2407,18.0549,18.1618,5494590
2025-11-17,D002,演示保险,18.1296,18.198,18.0399,18.1082,4768201
2025-11-18,D002,演示保险,18.151,18.2589,18.0717,18.1796,5744825
2025-11-19,D002,演示保险,18.2612,18.4351,18.1424,18.316,4985778
2025-11-20,D002,演示保险,18.2383,18.3519,18.0735,18.1868,3851719
2025-11-21,D002,演示保险,18.1912,18.2349,18.1505,18.1941,3639339
2025-11-24,D002,演示保险,18.1957,18.2348,18.1577,18.1968,6352124
2025-11-25,D002,演示保险,18.1338,18.2327,17.9934,18.0921,5597795
2025-11-26,D002,演示保险,17.9818,18.1269,17.7646,17.9091,3358640
2025-11-27,D002,演示保险,17.9115,17.9515,17.8732,17.9132,2636031
2025-11-28,D002,演示保险,18.0645,18.3574,17.8749,18.1668,2381901
2025-12-01,D002,演示保险,18.1297,18.2029,18.0319,18.105,4710696
2025-12-02,D002,演示保险,18.17,18.3155,18.0683,18.2136,4046462
2025-12-03,D002,演示保险,18.0782,18.2481,17.8201,17.9891,4034223
2025-12-04,D002,演示保险,17.9493,18.0249,17.8474,17.9229,3112302
2025-12-05,D002,演示保险,18.0823,18.3894,17.8843,18.1902,3744842
2024-01-02,D003,演示证券,9.5,9.6848,9.3152,9.5,3111722
2024-01-03,D003,演示证券,9.544,9.6371,9.4806,9.5735,4045841
2024-01-04,D003,演示证券,9.4486,9.5897,9.2273,9.3671,5940190
2024-01-05,D003,演示证券,9.4561,9.6263,9.3468,9.5163,4317104
2024-01-08,D003,演示证券,9.4482,9.5344,9.3175,9.4033,5564750
2024-01-09,D003,演示证券,9.3498,9.4215,9.2431,9.3145,4224558
2024-01-10,D003,演示证券,9.1768,9.3295,8.936,9.0872,7966691
2024-01-11,D003,演示证券,9.1901,9.3841,9.0669,9.2599,2351673
2024-01-12,D003,演示证券,9.2162,9.278,9.1256,9.1872,5754052
2024-01-15,D003,演示证券,9.2258,9.3092,9.1685,9.2517,3535469
2024-01-16,D003,演示证券,9.2896,9.3719,9.2329,9.315,2357269
2024-01-17,D003,演示证券,9.2827,9.3334,9.2106,9.2612,7893316
2024-01-18,D003,演示证券,9.3646,9.5598,9.2405,9.4348,3207130
2024-01-19,D003,演示证券,9.3445,9.4521,9.1785,9.2853,2293707
2024-01-22,D003,演示证券,9.3567,9.4964,9.2657,9.4049,3306609
2024-01-23,D003,演示证券,9.4306,9.4927,9.3859,9.4479,4804206
2024-01-24,D003,演示证券,9.4533,9.4813,9.429,9.4569,3067481
2024-01-25,D003,演示证券,9.4074,9.4753,9.3069,9.3746,1663454
2024-01-26,D003,演示证券,9.383,9.4157,9.3559,9.3886,2347367
2024-01-29,D003,演示证券,9.3716,9.4073,9.3246,9.3602,3719753
2024-01-30,D003,演示证券,9.3775,9.4252,9.3414,9.3891,3118033
2024-01-31,D003,演示证券,9.4126,9.4709,9.3702,9.4284,2616295
2024-02-01,D003,演示证券,9.5145,9.68,9.408,9.5728,3170965
2024-02-02,D003,演示证券,9.5859,9.6268,9.5536,9.5945,3647772
2024-02-05,D003,演示证券,9.6085,9.651,9.5753,9.6178,2945171
2024-02-06,D003,演示证券,9.5975,9.6369,9.5446,9.584,4217950
2024-02-07,D003,演示证券,9.5068,9.602,9.3614,9.4561,7787561
2024-02-08,D003,演示证券,9.304,9.4706,9.0405,9.2053,3472765
2024-02-09,D003,演示证券,9.1799,9.2236,9.1195,9.1631,2246368
2024-02-12,D003,演示证券,9.2376,9.3825,9.1436,9.288,3737795
2024-02-13,D003,演示证券,9.2891,9.3095,9.2694,9.2898,4221902
2024-02-14,D003,演示证券,9.2991,9.3332,9.2712,9.3053,2230684
2024-02-15,D003,演示证券,9.3374,9.4101,9.2865,9.359,3614497
2024-02-16,D003,演示证券,9.2362,9.3748,9.0188,9.1561,2849888
2024-02-19,D003,演示证券,9.1168,9.1741,9.0336,9.0907,2466037
2024-02-20,D003,演示证券,9.0045,9.1074,8.8457,8.948,7007350
2024-02-21,D003,演示证券,8.8545,8.9641,8.6845,8.7933,4160599
2024-02-22,D003,演示证券,8.7945,8.8142,8.7757,8.7954,5967181
2024-02-23,D003,演示证券,8.8117,8.8567,8.7777,8.8226,3266727
2024-02-26,D003,演示证券,8.8983,9.0445,8.8038,8.9494,5186338
2024-02-27,D003,演示证券,8.956,8.9848,8.9315,8.9603,2911114
2024-02-28,D003,演示证券,8.8348,8.9751,8.6142,8.7531,2517200
2024-02-29,D003,演示证券,8.6909,8.7698,8.5713,8.6499,5596942
2024-03-01,D003,演示证券,8.6872,8.7674,8.6322,8.7123,2786419
2024-03-04,D003,演示证券,8.7137,8.7334,8.6948,8.7146,4579587
2024-03-05,D003,演示证券,8.6308,8.7305,8.4767,8.5758,5020392
2024-03-06,D003,演示证券,8.4957,8.5916,8.3478,8.4431,3139466
2024-03-07,D003,演示证券,8.4905,8.5876,8.4256,8.5225,3438233
2024-03-08,D003,演示证券,8.7043,9.0386,8.4985,8.8298,2426533
2024-03-11,D003,演示证券,8.8448,8.8876,8.8121,8.8548,4813025
2024-03-12,D003,演示证券,8.8067,8.872,8.7099,8.775,3290619
2024-03-13,D003,演示证券,8.8544,9.0071,8.756,8.9081,5484832
2024-03-14,D003,演示证券,9.0634,9.35,8.8854,9.1699,2625724
2024-03-15,D003,演示证券,9.146,9.1881,9.0881,9.1301,2820250
2024-03-18,D003,演示证券,9.0284,9.1463,8.8448,8.9618,4022309
2024-03-19,D003,演示证券,8.9439,8.9797,8.8962,8.932,4612231
2024-03-20,D003,演示证券,8.8475,8.9483,8.6918,8.792,3320659
2024-03-21,D003,演示证券,8.9857,9.3417,8.7668,9.1196,8627779
2024-03-22,D003,演示证券,9.1465,9.2098,9.1012,9.1645,2893991
2024-03-25,D003,演示证券,9.1487,9.1827,9.1044,9.1383,4093276
2024-03-26,D003,演示证券,9.3233,9.6636,9.1133,9.4508,3140763
2024-03-27,D003,演示证券,9.405,9.4693,9.3108,9.3748,2307683
2024-03-28,D003,演示证券,9.3616,9.3935,9.321,9.3528,3126050
2024-03-29,D003,演示证券,9.4343,9.5914,9.3328,9.4893,2669784
2024-04-01,D003,演示证券,9.5195,9.5891,9.4701,9.5396,5205454
2024-04-02,D003,演示证券,9.5685,9.6361,9.5204,9.5879,4032933
2024-04-03,D003,演示证券,9.7555,10.0649,9.5634,9.8706,2565093
2024-04-04,D003,演示证券,9.8467,9.8902,9.7874,9.8308,4677231
2024-04-05,D003,演示证券,9.9617,10.206,9.808,10.0509,2813535
2024-04-08,D003,演示证券,10.0486,10.071,10.0248,10.0471,2410989
2024-04-09,D003,演示证券,10.0519,10.0799,10.027,10.0551,3599071
2024-04-10,D003,演示证券,10.1067,10.2139,10.0344,10.1414,3237113
2024-04-11,D003,演示证券,10.1878,10.2864,10.1207,10.2191,3018513
2024-04-12,D003,演示证券,10.2009,10.2394,10.1503,10.1888,9373506
2024-04-15,D003,演示证券,10.1518,10.2089,10.0703,10.1272,4250676
2024-04-16,D003,演示证券,9.857,10.1351,9.4116,9.6848,2392579
2024-04-17,D003,演示证券,9.7172,9.791,9.6652,9.7389,4092056
2024-04-18,D003,演示证券,9.6976,9.758,9.6101,9.6703,3836609
2024-04-19,D003,演示证券,9.692,9.7477,9.6508,9.7065,3413712
2024-04-22,D003,演示证券,9.8437,10.099,9.6835,9.9373,1758521
2024-04-23,D003,演示证券,9.8586,9.956,9.7098,9.8068,3635625
2024-04-24,D003,演示证券,9.6903,9.8239,9.4816,9.6141,6138971
2024-04-25,D003,演示证券,9.6753,9.798,9.5941,9.7165,3178644
2024-04-26,D003,演示证券,9.6825,9.7357,9.607,9.66,4841521
2024-04-29,D003,演示证券,9.7372,9.8877,9.6395,9.7894,3695980
2024-04-30,D003,演示证券,9.832,9.9235,9.7694,9.8607,5856164
2024-05-01,D003,演示证券,9.8108,9.8799,9.709,9.7778,2315498
2024-05-02,D003,演示证券,9.8831,10.0825,9.7561,9.9546,4923490
2024-05-03,D003,演示证券,10.0805,10.3162,9.9318,10.1662,4529718
2024-05-06,D003,演示证券,10.2064,10.2943,10.1456,10.2333,5331212
2024-05-07,D003,演示证券,10.1718,10.253,10.0502,10.1312,3851200
2024-05-08,D003,演示证券,10.0613,10.1505,9.9264,10.0152,3913644
2024-05-09,D003,演示证券,10.0371,10.0939,9.9951,10.0518,8593964
2024-05-10,D003,演示证券,10.0794,10.1457,10.0315,10.0978,5329913
2024-05-13,D003,演示证券,10.0997,10.123,10.0776,10.1009,5845162
2024-05-14,D003,演示证券,10.1996,10.3878,10.0789,10.2664,5836996
2024-05-15,D003,演示证券,10.2792,10.3212,10.2458,10.2878,5498660
2024-05-16,D003,演示证券,10.3824,10.5641,10.2656,10.4465,3674087
2024-05-17,D003,演示证券,10.4657,10.5187,10.4255,10.4785,4155883
2024-05-20,D003,演示证券,10.474,10.4995,10.4456,10.471,3855717
2024-05-21,D003,演示证券,10.4688,10.492,10.4441,10.4673,2451086
2024-05-22,D003,演示证券,10.4608,10.4882,10.4291,10.4565,2018279
2024-05-23,D003,演示证券,10.6203,10.9238,10.4309,10.7324,5040404
2024-05-24,D003,演示证券,10.7673,10.8475,10.7107,10.7907,2879624
2024-05-27,D003,演示证券,10.7926,10.8174,10.7691,10.7939,3053617
2024-05-28,D003,演示证券,10.8723,11.0267,10.7712,10.9251,4079911
2024-05-29,D003,演示证券,10.8706,10.9464,10.7589,10.8345,3452741
2024-05-30,D003,演示证券,10.7918,10.8558,10.6995,10.7634,3849575
2024-05-31,D003,演示证券,10.7564,10.7849,10.7232,10.7517,4757496
2024-06-03,D003,演示证券,10.7788,10.8456,10.7301,10.7968,2317446
2024-06-04,D003,演示证券,10.7981,10.8219,10.7752,10.799,3518704
2024-06-05,D003,演示证券,10.7617,10.8203,10.6785,10.7369,3242987
2024-06-06,D003,演示证券,10.7822,10.88,10.715,10.8127,3545239
2024-06-07,D003,演示证券,10.9543,11.2191,10.7876,11.0509,4008737
2024-06-10,D003,演示证券,11.085,11.1645,11.0285,11.1079,8818142
2024-06-11,D003,演示证券,11.2422,11.4943,11.0827,11.3335,3523285
2024-06-12,D003,演示证券,11.2525,11.355,11.0971,11.1991,2512541
2024-06-13,D003,演示证券,11.1996,11.2228,11.1767,11.1999,3727093
2024-06-14,D003,演示证券,11.1813,11.2222,11.128,11.1689,5041552
2024-06-17,D003,演示证券,11.0486,11.1888,10.8306,10.9698,2214808
2024-06-18,D003,演示证券,10.938,10.9915,10.8635,10.9169,2622737
2024-06-19,D003,演示证券,10.8355,10.9376,10.6803,10.7819,3247770
2024-06-20,D003,演示证券,10.7914,10.8288,10.7603,10.7977,4063769
2024-06-21,D003,演示证券,10.7677,10.8191,10.6964,10.7477,5936388
2024-06-24,D003,演示证券,10.7277,10.7691,10.6729,10.7143,3056597
2024-06-25,D003,演示证券,10.7785,10.9085,10.6921,10.8218,2931008
2024-06-26,D003,演示证券,10.8825,11.0066,10.7994,10.9233,2351228
2024-06-27,D003,演示证券,11.0419,11.2662,10.8991,11.1223,6137401
2024-06-28,D003,演示证券,11.069,11.1441,10.9589,11.0337,2939514
2024-07-01,D003,演示证券,11.0639,11.1368,11.0114,11.0842,5731826
2024-07-02,D003,演示证券,10.9771,11.1044,10.7802,10.9068,4070760
2024-07-03,D003,演示证券,10.9431,11.0261,10.8847,10.9675,5841193
2024-07-04,D003,演示证券,11.1283,11.4271,10.9413,11.2382,4217031
2024-07-05,D003,演示证券,11.2332,11.2607,11.2024,11.2299,1937328
2024-07-08,D003,演示证券,11.1778,11.2518,11.0697,11.1434,4217862
2024-07-09,D003,演示证券,10.9383,11.1591,10.5877,10.8058,1668703
2024-07-10,D003,演示证券,10.884,11.0382,10.783,10.9367,3554194
2024-07-11,D003,演示证券,10.9373,10.9601,10.9149,10.9376,2780343
2024-07-12,D003,演示证券,10.8042,10.9566,10.5659,10.717,3913392
2024-07-15,D003,演示证券,10.6615,10.7378,10.5487,10.6248,4648907
2024-07-16,D003,演示证券,10.6282,10.6552,10.6036,10.6305,4276383
2024-07-17,D003,演示证券,10.6031,10.6516,10.5365,10.5849,5299330
2024-07-18,D003,演示证券,10.5073,10.605,10.3591,10.4562,2564407
2024-07-19,D003,演示证券,10.5037,10.6045,10.4349,10.5355,6155109
2024-07-22,D003,演示证券,10.4953,10.5563,10.4077,10.4686,3900282
2024-07-23,D003,演示证券,10.2819,10.4837,9.9618,10.1611,4332496
2024-07-24,D003,演示证券,10.106,10.1809,9.9948,10.0695,3209642
2024-07-25,D003,演示证券,10.0415,10.0894,9.9751,10.023,3936104
2024-07-26,D003,演示证券,10.0233,10.0438,10.0029,10.0235,2218968
2024-07-29,D003,演示证券,9.9746,10.043,9.8741,9.9423,2575713
2024-07-30,D003,演示证券,9.6694,9.9493,9.2207,9.4956,4698577
2024-07-31,D003,演示证券,9.3553,9.5109,9.1099,9.264,2117567
2024-08-01,D003,演示证券,9.3389,9.4845,9.2443,9.3895,5282266
2024-08-02,D003,演示证券,9.4261,9.5065,9.3704,9.4506,2407481
2024-08-05,D003,演示证券,9.6247,9.9456,9.426,9.7444,2689557
2024-08-06,D003,演示证券,9.7894,9.8847,9.7245,9.8196,3572778
2024-08-07,D003,演示证券,9.7251,9.8376,9.5515,9.6632,2115824
2024-08-08,D003,演示证券,9.7256,9.8506,9.643,9.7677,3837352
2024-08-09,D003,演示证券,9.7984,9.8696,9.7479,9.819,4930565
2024-08-12,D003,演示证券,9.8388,9.8917,9.7993,9.8521,7047901
2024-08-13,D003,演示证券,9.7689,9.8705,9.6132,9.7142,3274651
2024-08-14,D003,演示证券,9.7001,9.7336,9.6574,9.6908,2470908
2024-08-15,D003,演示证券,9.7601,9.8969,9.6705,9.8068,2345311
2024-08-16,D003,演示证券,9.9285,10.1567,9.7844,10.0114,2985017
2024-08-19,D003,演示证券,10.1192,10.3233,9.9892,10.1923,4042143
2024-08-20,D003,演示证券,10.1877,10.2127,10.1596,10.1846,2910089
2024-08-21,D003,演示证券,10.2329,10.3347,10.1638,10.2654,2850534
2024-08-22,D003,演示证券,10.378,10.5908,10.2425,10.4544,5037794
2024-08-23,D003,演示证券,10.4804,10.545,10.4333,10.4978,2662596
2024-08-26,D003,演示证券,10.557,10.6778,10.4762,10.5967,3154381
2024-08-27,D003,演示证券,10.604,10.6373,10.5755,10.6088,2159601
2024-08-28,D003,演示证券,10.5814,10.6299,10.5148,10.5632,5166142
2024-08-29,D003,演示证券,10.5348,10.5841,10.4666,10.5159,3606839
2024-08-30,D003,演示证券,10.4318,10.5356,10.2732,10.3765,4337230
2024-09-02,D003,演示证券,10.4064,10.4774,10.3555,10.4265,3395375
2024-09-03,D003,演示证券,10.2741,10.4433,10.0075,10.175,3405357
2024-09-04,D003,演示证券,10.2356,10.3584,10.154,10.2764,3757338
2024-09-05,D003,演示证券,10.3122,10.3931,10.2556,10.3363,4232130
2024-09-06,D003,演示证券,10.2993,10.3566,10.2177,10.2749,5829223
2024-09-09,D003,演示证券,10.3542,10.5093,10.2531,10.4077,2572221
2024-09-10,D003,演示证券,10.5657,10.8587,10.3826,10.6737,3970440
2024-09-11,D003,演示证券,10.6225,10.6945,10.5169,10.5887,4831873
2024-09-12,D003,演示证券,10.6147,10.6796,10.5674,10.6322,4409683
2024-09-13,D003,演示证券,10.535,10.6518,10.3551,10.4712,3311364
2024-09-16,D003,演示证券,10.2762,10.4858,9.9433,10.1502,2059504
2024-09-17,D003,演示证券,10.2746,10.508,10.1271,10.3593,2859086
2024-09-18,D003,演示证券,10.4616,10.6568,10.3367,10.531,4974045
2024-09-19,D003,演示证券,10.4632,10.5512,10.3307,10.4184,6839919
2024-09-20,D003,演示证券,10.3897,10.4391,10.3214,10.3706,4540841
2024-09-23,D003,演示证券,10.3438,10.3912,10.2785,10.3259,4090202
2024-09-24,D003,演示证券,10.3844,10.504,10.3046,10.4238,4623632
2024-09-25,D003,演示证券,10.4464,10.5051,10.4029,10.4615,4559821
2024-09-26,D003,演示证券,10.4613,10.4824,10.4401,10.4612,4137321
2024-09-27,D003,演示证券,10.2893,10.4771,9.9921,10.1778,3305064
2024-09-30,D003,演示证券,10.2818,10.4796,10.1555,10.3524,3116552
2024-10-01,D003,演示证券,10.3666,10.4112,10.3316,10.3762,2624601
2024-10-02,D003,演示证券,10.3396,10.3966,10.2585,10.3154,2706084
2024-10-03,D003,演示证券,10.2014,10.3337,9.9954,10.1268,3875246
2024-10-04,D003,演示证券,10.1101,10.1469,10.0622,10.099,4466131
2024-10-07,D003,演示证券,10.1639,10.294,10.078,10.2077,2891228
2024-10-08,D003,演示证券,10.2218,10.2659,10.1872,10.2312,4400516
2024-10-09,D003,演示证券,10.3296,10.5178,10.209,10.3963,3632634
2024-10-10,D003,演示证券,10.5515,10.8395,10.3713,10.6575,2162744
2024-10-11,D003,演示证券,10.6721,10.7177,10.6361,10.6818,4838151
2024-10-14,D003,演示证券,10.7152,10.7928,10.6602,10.7376,5721548
2024-10-15,D003,演示证券,10.5346,10.7524,10.1883,10.4034,4683050
2024-10-16,D003,演示证券,10.4795,10.6294,10.3815,10.5309,4019635
2024-10-17,D003,演示证券,10.582,10.6892,10.5093,10.6163,2490262
2024-10-18,D003,演示证券,10.495,10.635,10.2767,10.4156,4920523
2024-10-21,D003,演示证券,10.5275,10.7394,10.3926,10.6035,5612875
2024-10-22,D003,演示证券,10.6445,10.7349,10.5819,10.6721,4600783
2024-10-23,D003,演示证券,10.6718,10.6935,10.65,10.6716,3264079
2024-10-24,D003,演示证券,10.8182,11.0915,10.6466,10.9182,2684017
2024-10-25,D003,演示证券,10.9384,10.994,10.8963,10.9519,3721326
2024-10-28,D003,演示证券,10.8408,10.9717,10.6379,10.7679,3300227
2024-10-29,D003,演示证券,10.6441,10.7869,10.4216,10.5632,2248618
2024-10-30,D003,演示证券,10.3834,10.5789,10.0737,10.267,3484320
2024-10-31,D003,演示证券,10.1254,10.284,9.876,10.0332,3211945
2024-11-01,D003,演示证券,9.892,10.0497,9.6439,9.8001,5363291
2024-11-04,D003,演示证券,9.6762,9.8169,9.4559,9.5954,3081449
2024-11-05,D003,演示证券,9.5814,9.6145,9.539,9.5721,3805394
2024-11-06,D003,演示证券,9.505,9.5903,9.376,9.4609,3789950
2024-11-07,D003,演示证券,9.5355,9.681,9.4408,9.5859,3726899
2024-11-08,D003,演示证券,9.476,9.6027,9.2783,9.4041,2481698
2024-11-11,D003,演示证券,9.3208,9.4215,9.1661,9.2661,5102449
2024-11-12,D003,演示证券,9.3535,9.5208,9.246,9.4127,2262219
2024-11-13,D003,演示证券,9.3823,9.4313,9.3132,9.3621,1786662
2024-11-14,D003,演示证券,9.3089,9.3802,9.2027,9.2738,3174778
2024-11-15,D003,演示证券,9.4495,9.7731,9.2493,9.5704,6417923
2024-11-18,D003,演示证券,9.4699,9.5876,9.2873,9.4041,3536417
2024-11-19,D003,演示证券,9.3841,9.4228,9.3322,9.3709,3724859
2024-11-20,D003,演示证券,9.2363,9.3861,9.0003,9.1487,6466236
2024-11-21,D003,演示证券,9.157,9.1892,9.1304,9.1626,3294270
2024-11-22,D003,演示证券,9.0872,9.1797,8.9456,9.0376,4903407
2024-11-25,D003,演示证券,9.0876,9.1901,9.019,9.1212,4873872
2024-11-26,D003,演示证券,9.0789,9.1391,8.991,9.051,2255633
2024-11-27,D003,演示证券,9.062,9.0985,9.0328,9.0693,5479918
2024-11-28,D003,演示证券,9.0557,9.0874,9.015,9.0467,3366367
2024-11-29,D003,演示证券,9.0331,9.0647,8.9925,9.0241,3968636
2024-12-02,D003,演示证券,9.1567,9.403,9.0025,9.2473,4903978
2024-12-03,D003,演示证券,9.4063,9.7,9.2238,9.5154,4964653
2024-12-04,D003,演示证券,9.57,9.6814,9.4957,9.6068,2181010
2024-12-05,D003,演示证券,9.6293,9.6863,9.5875,9.6444,3853415
2024-12-06,D003,演示证券,9.7158,9.8561,9.6241,9.7639,2678145
2024-12-09,D003,演示证券,9.7382,9.7833,9.6762,9.7212,2999987
2024-12-10,D003,演示证券,9.7678,9.8659,9.7012,9.7991,4615092
2024-12-11,D003,演示证券,9.9016,10.0961,9.7775,9.9712,5817806
2024-12-12,D003,演示证券,10.0262,10.139,9.9506,10.0632,2627128
2024-12-13,D003,演示证券,10.0717,10.1059,10.043,10.0773,5121844
2024-12-16,D003,演示证券,9.976,10.0956,9.7907,9.9095,3495283
2024-12-17,D003,演示证券,9.7827,9.9264,9.5575,9.7,4957716
2024-12-18,D003,演示证券,9.6597,9.719,9.5737,9.6329,2499355
2024-12-19,D003,演示证券,9.6668,9.743,9.6134,9.6895,2661681
2024-12-20,D003,演示证券,9.6389,9.7083,9.5362,9.6054,4159528
2024-12-23,D003,演示证券,9.7068,9.8991,9.5842,9.7756,4204371
2024-12-24,D003,演示证券,9.8541,10.0068,9.7549,9.9071,3102139
2024-12-25,D003,演示证券,9.9461,10.0316,9.8869,9.9723,4233180
2024-12-26,D003,演示证券,10.0093,10.0915,9.952,10.0341,3408177
2024-12-27,D003,演示证券,9.9586,10.0531,9.8149,9.9089,5028373
2024-12-30,D003,演示证券,9.8402,9.9278,9.7076,9.7949,4655093
2024-12-31,D003,演示证券,9.7907,9.8144,9.7642,9.788,3511072
2025-01-01,D003,演示证券,9.6099,9.8018,9.3051,9.4947,2659444
2025-01-02,D003,演示证券,9.6193,9.8522,9.4727,9.7043,2979047
2025-01-03,D003,演示证券,9.6749,9.7235,9.6069,9.6554,8863548
2025-01-06,D003,演示证券,9.7515,9.9348,9.6343,9.8167,2573330
2025-01-07,D003,演示证券,9.7957,9.8362,9.7413,9.7818,3415317
2025-01-08,D003,演示证券,9.9038,10.1323,9.7594,9.9868,2922651
2025-01-09,D003,演示证券,9.8844,10.0048,9.6977,9.8173,4905761
2025-01-10,D003,演示证券,9.7192,9.8351,9.5398,9.6549,6172730
2025-01-13,D003,演示证券,9.7095,9.821,9.635,9.7462,3670226
2025-01-14,D003,演示证券,9.8509,10.0492,9.7246,9.922,2341909
2025-01-15,D003,演示证券,10.0249,10.2204,9.9001,10.0947,3376441
2025-01-16,D003,演示证券,9.9255,10.1099,9.6334,9.8157,9621424
2025-01-17,D003,演示证券,9.7902,9.8352,9.7283,9.7732,3044266
2025-01-20,D003,演示证券,9.8586,10.0234,9.7523,9.9164,5319023
2025-01-21,D003,演示证券,10.0853,10.3973,9.8914,10.2012,3544453
2025-01-22,D003,演示证券,10.2336,10.3085,10.1805,10.2553,5449814
2025-01-23,D003,演示证券,10.2284,10.2757,10.1634,10.2106,3169004
2025-01-24,D003,演示证券,10.2938,10.4556,10.1889,10.3501,2494691
2025-01-27,D003,演示证券,10.4969,10.7702,10.3256,10.5972,10616131
2025-01-28,D003,演示证券,10.5596,10.6181,10.4764,10.5347,4252707
2025-01-29,D003,演示证券,10.5509,10.5992,10.5136,10.5618,5374853
2025-01-30,D003,演示证券,10.6804,10.9042,10.5382,10.7609,3025208
2025-01-31,D003,演示证券,10.718,10.7821,10.6256,10.6895,3051352
2025-02-03,D003,演示证券,10.6102,10.7098,10.4589,10.558,3460717
2025-02-04,D003,演示证券,10.4838,10.5781,10.341,10.4349,2256180
2025-02-05,D003,演示证券,10.4792,10.5746,10.4136,10.5089,3878600
2025-02-06,D003,演示证券,10.4835,10.5298,10.4205,10.4666,2779005
2025-02-07,D003,演示证券,10.5005,10.5784,10.4455,10.5232,4384165
2025-02-10,D003,演示证券,10.6895,10.9973,10.4974,10.8033,4580183
2025-02-11,D003,演示证券,10.834,10.9071,10.7814,10.8545,5789696
2025-02-12,D003,演示证券,11.0477,11.4041,10.8266,11.1804,8302272
2025-02-13,D003,演示证券,11.2015,11.2594,11.1579,11.2157,2640195
2025-02-14,D003,演示证券,11.1242,11.2367,10.9522,11.064,2713162
2025-02-17,D003,演示证券,11.2229,11.5183,11.0378,11.3313,3286044
2025-02-18,D003,演示证券,11.3318,11.3552,11.3087,11.3321,3383899
2025-02-19,D003,演示证券,11.2798,11.3543,11.1709,11.2451,4672595
2025-02-20,D003,演示证券,11.3484,11.5467,11.2208,11.4183,3982811
2025-02-21,D003,演示证券,11.6024,11.9431,11.3901,11.7285,4043494
2025-02-24,D003,演示证券,11.8937,12.2013,11.7008,12.0065,4801285
2025-02-25,D003,演示证券,12.204,12.5691,11.9766,12.3393,3323582
2025-02-26,D003,演示证券,12.4165,12.5719,12.3136,12.4685,1544172
2025-02-27,D003,演示证券,12.4876,12.5444,12.4435,12.5003,3872991
2025-02-28,D003,演示证券,12.4681,12.5251,12.3899,12.4468,6380896
2025-03-03,D003,演示证券,12.356,12.4704,12.1823,12.2962,4173795
2025-03-04,D003,演示证券,12.3419,12.4434,12.2712,12.3725,2969133
2025-03-05,D003,演示证券,12.0871,12.3859,11.6098,11.904,4228965
2025-03-06,D003,演示证券,11.8554,11.9274,11.7513,11.8231,3196199
2025-03-07,D003,演示证券,11.8492,11.9167,11.7993,11.8667,2324112
2025-03-10,D003,演示证券,11.7647,11.8888,11.5744,11.6977,2968564
2025-03-11,D003,演示证券,11.5441,11.7175,11.2721,11.444,3490999
2025-03-12,D003,演示证券,11.404,11.4665,11.3151,11.3775,7526153
2025-03-13,D003,演示证券,11.3433,11.4,11.2639,11.3205,5834816
2025-03-14,D003,演示证券,11.4516,11.6985,11.2951,11.5407,6670244
2025-03-17,D003,演示证券,11.5169,11.5637,11.4543,11.501,3184471
2025-03-18,D003,演示证券,11.551,11.6583,11.4776,11.5846,3578911
2025-03-19,D003,演示证券,11.538,11.6074,11.438,11.5072,11506432
2025-03-20,D003,演示证券,11.6371,11.882,11.4815,11.7253,4664558
2025-03-21,D003,演示证券,11.7755,11.8836,11.7014,11.8092,5855218
2025-03-24,D003,演示证券,11.7167,11.8315,11.5417,11.6558,5864782
2025-03-25,D003,演示证券,11.7226,11.8587,11.6318,11.7675,3443900
2025-03-26,D003,演示证券,11.6842,11.7899,11.5242,11.6294,7103446
2025-03-27,D003,演示证券,11.6666,11.7524,11.6058,11.6915,4048459
2025-03-28,D003,演示证券,11.6942,11.7222,11.6681,11.6961,3587763
2025-03-31,D003,演示证券,11.9652,12.4598,11.6617,12.1516,6872556
2025-04-01,D003,演示证券,12.059,12.1745,11.8831,11.9981,5944511
2025-04-02,D003,演示证券,12.1019,12.3025,11.9724,12.1722,4567452
2025-04-03,D003,演示证券,12.1369,12.1963,12.0543,12.1136,2647792
2025-04-04,D003,演示证券,11.9403,12.1333,11.6363,11.8275,4378396
2025-04-07,D003,演示证券,11.8606,11.9398,11.8037,11.8828,2586074
2025-04-08,D003,演示证券,11.7989,11.9054,11.6376,11.7436,2587655
2025-04-09,D003,演示证券,11.6596,11.7659,11.4984,11.6042,4351975
2025-04-10,D003,演示证券,11.5484,11.6269,11.4332,11.5114,2509666
2025-04-11,D003,演示证券,11.6405,11.8842,11.4857,11.7282,2011872
2025-04-14,D003,演示证券,11.6928,11.7514,11.6109,11.6694,2135003
2025-04-15,D003,演示证券,11.5935,11.6917,11.4458,11.5435,4456032
2025-04-16,D003,演示证券,11.5273,11.5666,11.4773,11.5165,3276483
2025-04-17,D003,演示证券,11.5352,11.5896,11.4934,11.5477,4792018
2025-04-18,D003,演示证券,11.5802,11.6578,11.5244,11.6019,5249398
2025-04-21,D003,演示证券,11.7281,11.9667,11.5761,11.8137,3479755
2025-04-22,D003,演示证券,11.8388,11.9045,11.7899,11.8556,2473081
2025-04-23,D003,演示证券,11.8192,11.879,11.7354,11.7951,2688502
2025-04-24,D003,演示证券,11.8154,11.8731,11.7714,11.829,4812276
2025-04-25,D003,演示证券,11.8291,11.8528,11.8054,11.8291,4495238
2025-04-28,D003,演示证券,11.8342,11.8664,11.8055,11.8376,6224387
2025-04-29,D003,演示证券,11.6697,11.857,11.3747,11.5603,4190271
2025-04-30,D003,演示证券,11.6107,11.7189,11.5367,11.6446,4415950
2025-05-01,D003,演示证券,11.5822,11.6672,11.4561,11.5409,2934137
2025-05-02,D003,演示证券,11.4185,11.5616,11.1963,11.3383,3528351
2025-05-05,D003,演示证券,11.3045,11.3608,11.2259,11.2821,2947801
2025-05-06,D003,演示证券,11.2544,11.3045,11.186,11.236,2074257
2025-05-07,D003,演示证券,11.2903,11.4045,11.213,11.3269,4547638
2025-05-08,D003,演示证券,11.2877,11.3492,11.2005,11.2618,2852614
2025-05-09,D003,演示证券,11.3223,11.447,11.2386,11.363,3945546
2025-05-12,D003,演示证券,11.2222,11.3826,10.9711,11.1302,4117399
2025-05-13,D003,演示证券,11.152,11.2107,11.1078,11.1665,3796907
2025-05-14,D003,演示证券,11.2288,11.3564,11.1435,11.2707,3895739
2025-05-15,D003,演示证券,11.378,11.5831,11.2463,11.4506,2980741
2025-05-16,D003,演示证券,11.4256,11.4733,11.3614,11.409,4080449
2025-05-19,D003,演示证券,11.4151,11.4479,11.3862,11.4191,2373209
2025-05-20,D003,演示证券,11.2989,11.4396,11.0805,11.2202,3262110
2025-05-21,D003,演示证券,11.177,11.2423,11.0834,11.1484,4667849
2025-05-22,D003,演示证券,11.1897,11.2814,11.1258,11.2173,4221453
2025-05-23,D003,演示证券,11.204,11.2397,11.1593,11.1951,3611984
2025-05-26,D003,演示证券,11.183,11.2174,11.1406,11.175,2590342
2025-05-27,D003,演示证券,11.2794,11.4794,11.1508,11.35,2670861
2025-05-28,D003,演示证券,11.2879,11.3721,11.1629,11.2468,4888527
2025-05-29,D003,演示证券,11.3047,11.425,11.2237,11.3437,4247479
2025-05-30,D003,演示证券,11.296,11.3659,11.1948,11.2645,2925428
2025-06-02,D003,演示证券,11.2935,11.3648,11.2418,11.3129,3934454
2025-06-03,D003,演示证券,11.4763,11.7799,11.286,11.5878,2591885
2025-06-04,D003,演示证券,11.7401,12.0245,11.561,11.8438,3203876
2025-06-05,D003,演示证券,11.9096,12.0445,11.8194,11.9539,3169822
2025-06-06,D003,演示证券,12.0332,12.1913,11.929,12.0866,4600630
2025-06-09,D003,演示证券,12.1607,12.3101,12.0615,12.2105,2332896
2025-06-10,D003,演示证券,12.3606,12.6419,12.1827,12.4626,3246259
2025-06-11,D003,演示证券,12.6276,12.9357,12.4337,12.74,3327817
2025-06-12,D003,演示证券,12.8675,13.1102,12.7122,12.9538,4873134
2025-06-13,D003,演示证券,12.9102,12.9794,12.8121,12.8812,3073145
2025-06-16,D003,演示证券,12.6601,12.9003,12.2794,12.5169,2670554
2025-06-17,D003,演示证券,12.616,12.8092,12.4903,12.6829,5667676
2025-06-18,D003,演示证券,12.8879,13.2674,12.6515,13.0284,6313614
2025-06-19,D003,演示证券,13.2991,13.7972,12.9923,13.486,5061899
2025-06-20,D003,演示证券,13.4892,13.5217,13.459,13.4914,3158606
2025-06-23,D003,演示证券,13.6525,13.9552,13.4609,13.7621,4221555
2025-06-24,D003,演示证券,13.6824,13.7887,13.5239,13.6298,3396505
2025-06-25,D003,演示证券,13.4773,13.6539,13.2023,13.3776,6755311
2025-06-26,D003,演示证券,13.2092,13.4005,12.9095,13.0993,5105921
2025-06-27,D003,演示证券,12.9408,13.122,12.6575,12.8373,6319593
2025-06-30,D003,演示证券,12.6283,12.8569,12.2665,12.4927,2746680
2025-07-01,D003,演示证券,12.5251,12.6046,12.4675,12.5469,2090473
2025-07-02,D003,演示证券,12.6465,12.8407,12.5202,12.7138,6988237
2025-07-03,D003,演示证券,12.8606,13.137,12.6853,12.9603,3454636
2025-07-04,D003,演示证券,13.1198,13.4188,12.9308,13.2283,4012368
2025-07-07,D003,演示证券,13.1209,13.2531,12.9188,13.0503,8267288
2025-07-08,D003,演示证券,12.8958,13.0731,12.6191,12.7949,5251131
2025-07-09,D003,演示证券,12.9648,13.2821,12.7652,13.0807,3635667
2025-07-10,D003,演示证券,13.1919,13.4071,13.0527,13.2671,3683816
2025-07-11,D003,演示证券,13.3643,13.5556,13.2392,13.4299,4750895
2025-07-14,D003,演示证券,13.4218,13.4567,13.3816,13.4164,4358642
2025-07-15,D003,演示证券,13.31,13.4417,13.109,13.2399,7232961
2025-07-16,D003,演示证券,13.141,13.265,12.9525,13.0759,3053949
2025-07-17,D003,演示证券,12.979,13.1007,12.7941,12.9152,3192530
2025-07-18,D003,演示证券,12.8596,12.9405,12.742,12.8227,1804657
2025-07-21,D003,演示证券,12.7277,12.847,12.5463,12.6651,2306214
2025-07-22,D003,演示证券,12.6463,12.6903,12.5897,12.6337,2954577
2025-07-23,D003,演示证券,12.6013,12.6588,12.5224,12.5798,3011004
2025-07-24,D003,演示证券,12.5531,12.6048,12.4836,12.5353,3430237
2025-07-25,D003,演示证券,12.4855,12.5599,12.3782,12.4525,2838727
2025-07-28,D003,演示证券,12.5533,12.7495,12.426,12.6215,5895899
2025-07-29,D003,演示证券,12.6527,12.7303,12.596,12.6736,3673143
2025-07-30,D003,演示证券,12.593,12.6979,12.4354,12.5399,2470533
2025-07-31,D003,演示证券,12.6215,12.7847,12.5137,12.6765,3625144
2025-08-01,D003,演示证券,12.6067,12.7011,12.4666,12.5606,3813224
2025-08-04,D003,演示证券,12.7046,12.9759,12.5324,12.8024,3067665
2025-08-05,D003,演示证券,12.7919,12.828,12.7489,12.785,4741982
2025-08-06,D003,演示证券,12.9382,13.226,12.756,13.0423,3501822
2025-08-07,D003,演示证券,12.9785,13.0678,12.8472,12.9362,3412134
2025-08-08,D003,演示证券,12.7245,12.9559,12.3582,12.5872,3509932
2025-08-11,D003,演示证券,12.6563,12.7983,12.5612,12.7028,3463423
2025-08-12,D003,演示证券,12.5776,12.7259,12.3481,12.4954,5970564
2025-08-13,D003,演示证券,12.4629,12.5202,12.3841,12.4413,5966060
2025-08-14,D003,演示证券,12.5148,12.664,12.4156,12.5643,3160011
2025-08-15,D003,演示证券,12.6882,12.9243,12.5369,12.7721,2736831
2025-08-18,D003,演示证券,12.9135,13.1807,12.7436,13.0096,2766512
2025-08-19,D003,演示证券,13.1779,13.4926,12.9795,13.2925,9034183
2025-08-20,D003,演示证券,13.2792,13.3191,13.2305,13.2703,3785137
2025-08-21,D003,演示证券,13.3638,13.5487,13.2425,13.4269,3272754
2025-08-22,D003,演示证券,13.5154,13.6922,13.3988,13.5751,4805045
2025-08-25,D003,演示证券,13.3564,13.596,12.9773,13.2144,5464910
2025-08-26,D003,演示证券,13.2916,13.4484,13.1871,13.3435,2756648
2025-08-27,D003,演示证券,13.3826,13.4749,13.3166,13.4087,3363374
2025-08-28,D003,演示证券,13.1975,13.4296,12.8305,13.0603,3264097
2025-08-29,D003,演示证券,12.9529,13.0847,12.7513,12.8824,4428885
2025-09-01,D003,演示证券,12.9293,13.0341,12.8562,12.9608,5250014
2025-09-02,D003,演示证券,13.1047,13.3764,12.9319,13.2024,1651436
2025-09-03,D003,演示证券,13.2313,13.3062,13.1758,13.2506,3318943
2025-09-04,D003,演示证券,13.1448,13.2755,12.9451,13.0751,2778958
2025-09-05,D003,演示证券,13.0515,13.1012,12.9862,13.0358,4238297
2025-09-08,D003,演示证券,13.0067,13.0617,12.9324,12.9873,3114825
2025-09-09,D003,演示证券,13.0514,13.1856,12.9607,13.0945,3911987
2025-09-10,D003,演示证券,13.1728,13.3312,13.0674,13.2254,3007838
2025-09-11,D003,演示证券,13.2137,13.2518,13.1679,13.206,1918817
2025-09-12,D003,演示证券,13.2024,13.2324,13.1701,13.2001,3282031
2025-09-15,D003,演示证券,13.1852,13.2264,13.134,13.1752,4193099
2025-09-16,D003,演示证券,13.2972,13.5311,13.1468,13.3797,4329318
2025-09-17,D003,演示证券,13.3928,13.4413,13.3529,13.4015,3592106
2025-09-18,D003,演示证券,13.5043,13.7056,13.3731,13.5737,3770442
2025-09-19,D003,演示证券,13.5474,13.6007,13.4767,13.53,1929017
2025-09-22,D003,演示证券,13.5641,13.6484,13.5027,13.5869,3602993
2025-09-23,D003,演示证券,13.4974,13.6129,13.3233,13.4383,3270441
2025-09-24,D003,演示证券,13.4683,13.5454,13.4113,13.4883,8726959
2025-09-25,D003,演示证券,13.4217,13.5146,13.285,13.3776,3811807
2025-09-26,D003,演示证券,13.2766,13.4029,13.0843,13.21,3029862
2025-09-29,D003,演示证券,13.1969,13.2364,13.1486,13.1881,3894155
2025-09-30,D003,演示证券,13.1023,13.2134,12.935,13.0456,2100743
2025-10-01,D003,演示证券,13.2948,13.7538,13.011,13.4663,4852463
2025-10-02,D003,演示证券,13.2593,13.4876,12.8989,13.1248,4210117
2025-10-03,D003,演示证券,13.1028,13.151,13.0401,13.0882,2245043
2025-10-06,D003,演示证券,13.1785,13.3576,13.0608,13.2394,3818011
2025-10-07,D003,演示证券,13.1945,13.2655,13.0938,13.1647,5253043
2025-10-08,D003,演示证券,13.1467,13.191,13.0905,13.1347,4453420
2025-10-09,D003,演示证券,13.1599,13.2283,13.1083,13.1767,3667640
2025-10-10,D003,演示证券,13.1423,13.2028,13.059,13.1195,4289434
2025-10-13,D003,演示证券,13.1769,13.3,13.0927,13.2155,3186274
2025-10-14,D003,演示证券,13.4584,13.9061,13.181,13.6253,4058123
2025-10-15,D003,演示证券,13.5223,13.6511,13.3262,13.4544,2451575
2025-10-16,D003,演示证券,13.5405,13.7132,13.4264,13.5986,5925258
2025-10-17,D003,演示证券,13.5968,13.6258,13.5666,13.5956,5229096
2025-10-20,D003,演示证券,13.5294,13.6221,13.3934,13.4857,2951302
2025-10-21,D003,演示证券,13.4539,13.5125,13.3743,13.4328,3329947
2025-10-22,D003,演示证券,13.4703,13.5601,13.4057,13.4954,2653434
2025-10-23,D003,演示证券,13.599,13.8018,13.4669,13.669,3518687
2025-10-24,D003,演示证券,13.6705,13.7003,13.6416,13.6715,3330648
2025-10-27,D003,演示证券,13.7035,13.7845,13.6439,13.7249,2479654
2025-10-28,D003,演示证券,13.9086,14.2516,13.6929,14.0339,3305535
2025-10-29,D003,演示证券,14.1159,14.2825,14.0049,14.171,4127995
2025-10-30,D003,演示证券,14.0865,14.1984,13.9193,14.0307,5163066
2025-10-31,D003,演示证券,14.0241,14.0588,13.9849,14.0196,2417311
2025-11-03,D003,演示证券,13.9282,14.0465,13.75,13.8679,4136412
2025-11-04,D003,演示证券,13.9184,14.0313,13.8397,13.9523,2922573
2025-11-05,D003,演示证券,14.1372,14.4823,13.92,14.2631,6370689
2025-11-06,D003,演示证券,14.4032,14.6703,14.232,14.498,3014727
2025-11-07,D003,演示证券,14.443,14.5266,14.3233,14.4066,1978537
2025-11-10,D003,演示证券,14.352,14.435,14.2332,14.3159,4909565
2025-11-11,D003,演示证券,14.1981,14.3427,13.9768,14.1206,3952384
2025-11-12,D003,演示证券,14.1422,14.2067,14.0923,14.1567,4238463
2025-11-13,D003,演示证券,14.2357,14.3974,14.1275,14.2888,3603018
2025-11-14,D003,演示证券,14.2924,14.327,14.2602,14.2948,4605229
2025-11-17,D003,演示证券,14.3822,14.5584,14.2652,14.441,2987197
2025-11-18,D003,演示证券,14.5097,14.6546,14.4114,14.556,3431149
2025-11-19,D003,演示证券,14.595,14.6898,14.5266,14.6212,2758664
2025-11-20,D003,演示证券,14.6476,14.7211,14.5918,14.6653,3362502
2025-11-21,D003,演示证券,14.6775,14.7274,14.6359,14.6857,5803564
2025-11-24,D003,演示证券,14.6758,14.7151,14.63,14.6692,7687860
2025-11-25,D003,演示证券,14.716,14.824,14.6396,14.7473,3234909
2025-11-26,D003,演示证券,14.6774,14.7761,14.5328,14.6312,3245129
2025-11-27,D003,演示证券,14.6839,14.8017,14.6015,14.7192,4268925
2025-11-28,D003,演示证券,14.756,14.8473,14.6895,14.7807,2625696
2025-12-01,D003,演示证券,14.6582,14.8083,14.4284,14.5777,2722608
2025-12-02,D003,演示证券,14.8832,15.4451,14.5371,15.0941,4005882
2025-12-03,D003,演示证券,15.009,15.1233,14.8388,14.9528,4517519
2025-12-04,D003,演示证券,14.938,14.9826,14.8837,14.9282,3395488
2025-12-05,D003,演示证券,14.7568,14.9545,14.4485,14.6447,2651723
2024-01-02,D004,演示消费,48.0,48.9099,47.0901,48.0,4379639
2024-01-03,D004,演示消费,48.2895,48.875,47.9005,48.4844,3854007
2024-01-04,D004,演示消费,48.3829,48.5808,48.1178,48.3155,3854964
2024-01-05,D004,演示消费,48.7288,49.5279,48.2121,49.0083,6449871
2024-01-08,D004,演示消费,48.9198,49.1058,48.6752,48.861,3965201
2024-01-09,D004,演示消费,48.9618,49.2286,48.7628,49.0293,4017830
2024-01-10,D004,演示消费,48.9052,49.1265,48.6018,48.8228,7937045
2024-01-11,D004,演示消费,48.4382,48.9146,47.7112,48.1851,4194575
2024-01-12,D004,演示消费,48.1104,48.2812,47.8901,48.0607,4143964
2024-01-15,D004,演示消费,48.5661,49.5248,47.9547,48.909,5526645
2024-01-16,D004,演示消费,49.0272,49.3235,48.8105,49.1064,4964854
2024-01-17,D004,演示消费,49.371,49.916,49.0053,49.549,5501003
2024-01-18,D004,演示消费,50.1169,51.1872,49.4378,50.5028,3437113
2024-01-19,D004,演示消费,50.6021,50.8696,50.4013,50.6685,11784085
2024-01-22,D004,演示消费,50.3288,50.7654,49.6703,50.1049,3674506
2024-01-23,D004,演示消费,49.9071,50.2034,49.4806,49.7761,4250993
2024-01-24,D004,演示消费,50.0185,50.527,49.6741,50.1815,5805395
2024-01-25,D004,演示消费,50.5288,51.2174,50.0764,50.763,8346577
2024-01-26,D004,演示消费,50.4445,50.8605,49.82,50.2344,3072531
2024-01-29,D004,演示消费,50.1567,50.3345,49.9274,50.105,4535918
2024-01-30,D004,演示消费,50.271,50.6503,50.0036,50.3823,3238172
2024-01-31,D004,演示消费,50.9133,51.9204,50.271,51.2736,2984913
2024-02-01,D004,演示消费,51.4157,51.757,51.1701,51.5109,5800078
2024-02-02,D004,演示消费,51.4876,51.6139,51.3458,51.4721,4841290
2024-02-05,D004,演示消费,51.6318,52.0033,51.368,51.7389,3365581
2024-02-06,D004,演示消费,51.3682,51.8372,50.6573,51.124,3891229
2024-02-07,D004,演示消费,51.2069,51.448,51.0214,51.2623,4859326
2024-02-08,D004,演示消费,50.6159,51.3501,49.466,50.194,5508322
2024-02-09,D004,演示消费,50.403,50.8554,50.0917,50.5433,4918774
2024-02-12,D004,演示消费,50.6929,51.0453,50.4411,50.7931,6171971
2024-02-13,D004,演示消费,51.4583,52.7011,50.6755,51.9115,5198085
2024-02-14,D004,演示消费,51.914,52.0219,51.8077,51.9156,5505660
2024-02-15,D004,演示消费,51.2326,52.0032,50.0234,50.7872,6384144
2024-02-16,D004,演示消费,50.8164,50.9666,50.6856,50.8358,4347543
2024-02-19,D004,演示消费,50.5468,50.9342,49.9702,50.356,5110471
2024-02-20,D004,演示消费,50.58,51.0583,50.2532,50.7305,5176588
2024-02-21,D004,演示消费,50.9238,51.3508,50.6274,51.0536,5150320
2024-02-22,D004,演示消费,51.297,51.8097,50.949,51.4606,9207835
2024-02-23,D004,演示消费,52.1992,53.5726,51.3384,52.7035,4528310
2024-02-26,D004,演示消费,52.8943,53.3208,52.5965,53.0223,3530206
2024-02-27,D004,演示消费,53.545,54.542,52.9066,53.8993,4995879
2024-02-28,D004,演示消费,53.9522,54.1485,53.7913,53.9875,6221969
2024-02-29,D004,演示消费,53.4764,54.0865,52.5348,53.141,3881921
2024-03-01,D004,演示消费,53.1102,53.2472,52.9526,53.0896,3828995
2024-03-04,D004,演示消费,52.994,53.1953,52.7295,52.9305,4320869
2024-03-05,D004,演示消费,53.1954,53.7483,52.8219,53.3735,3944217
2024-03-06,D004,演示消费,53.013,53.4755,52.3151,52.7754,3662714
2024-03-07,D004,演示消费,53.2871,54.2644,52.6605,53.6338,6710373
2024-03-08,D004,演示消费,52.8021,53.7181,51.3552,52.2618,4289853
2024-03-11,D004,演示消费,52.4164,52.7805,52.1562,52.5199,6182144
2024-03-12,D004,演示消费,52.8578,53.5348,52.4105,53.0856,5451798
2024-03-13,D004,演示消费,53.5816,54.5323,52.9706,53.9175,2581293
2024-03-14,D004,演示消费,54.0734,54.4432,53.8086,54.1779,4147737
2024-03-15,D004,演示消费,54.3691,54.7991,54.068,54.4973,3846778
2024-03-18,D004,演示消费,54.8626,55.5902,54.3835,55.1089,4747833
2024-03-19,D004,演示消费,54.8709,55.2169,54.3682,54.7133,3842040
2024-03-20,D004,演示消费,54.7753,54.9886,54.6036,54.8168,5042969
2024-03-21,D004,演示消费,55.4524,56.6491,54.6935,55.8843,2989026
2024-03-22,D004,演示消费,55.5611,55.9923,54.9181,55.3477,3679976
2024-03-25,D004,演示消费,55.3773,55.5375,55.2369,55.3971,3688048
2024-03-26,D004,演示消费,55.8921,56.845,55.2779,56.2271,3110594
2024-03-27,D004,演示消费,55.7325,56.3314,54.8121,55.4075,4192850
2024-03-28,D004,演示消费,55.6752,56.2375,55.294,55.8551,3932605
2024-03-29,D004,演示消费,56.2845,57.1247,55.737,56.5744,3435129
2024-04-01,D004,演示消费,56.8471,57.4201,56.4585,57.0303,4222183
2024-04-02,D004,演示消费,56.9232,57.1438,56.6316,56.852,4159309
2024-04-03,D004,演示消费,57.2284,57.9794,56.7334,57.4821,6593961
2024-04-04,D004,演示消费,56.8558,57.5846,55.7223,56.4458,3222424
2024-04-05,D004,演示消费,56.9899,58.0296,56.323,57.3585,4604378
2024-04-08,D004,演示消费,57.3693,57.5021,57.2437,57.3765,2626895
2024-04-09,D004,演示消费,57.4724,57.7479,57.2613,57.5365,3798625
2024-04-10,D004,演示消费,57.8708,58.5508,57.4175,58.0958,5629004
2024-04-11,D004,演示消费,57.9699,58.2113,57.6452,57.8862,11316743
2024-04-12,D004,演示消费,58.3972,59.382,57.7619,58.7429,3244520
2024-04-15,D004,演示消费,58.6901,58.8602,58.4851,58.655,3334974
2024-04-16,D004,演示消费,57.947,58.7568,56.6812,57.4845,6487023
2024-04-17,D004,演示消费,57.4989,57.638,57.3695,57.5086,5322812
2024-04-18,D004,演示消费,57.5183,57.6497,57.3935,57.5248,2768509
2024-04-19,D004,演示消费,57.8472,58.5068,57.4061,58.0641,3700100
2024-04-22,D004,演示消费,57.912,58.1792,57.5444,57.8111,4677924
2024-04-23,D004,演示消费,57.1836,57.9142,56.0473,56.7727,4633528
2024-04-24,D004,演示消费,56.4641,56.8828,55.843,56.2602,4370061
2024-04-25,D004,演示消费,56.0333,56.3707,55.5466,55.8831,2324995
2024-04-26,D004,演示消费,55.5989,55.9919,55.0192,55.411,6273149
2024-04-29,D004,演示消费,55.8181,56.6193,55.2943,56.0929,2901273
2024-04-30,D004,演示消费,56.422,57.0903,55.9769,56.6435,7237959
2024-05-01,D004,演示消费,56.9311,57.5299,56.5272,57.1245,5069330
2024-05-02,D004,演示消费,57.1275,57.2467,57.0103,57.1295,5560313
2024-05-03,D004,演示消费,57.5991,58.5111,57.0078,57.9165,4808077
2024-05-06,D004,演示消费,57.3706,58.0228,56.3642,57.0123,5972403
2024-05-07,D004,演示消费,56.6724,57.1223,56.0,56.4481,4724680
2024-05-08,D004,演示消费,56.4158,56.5609,56.2492,56.3943,5464654
2024-05-09,D004,演示消费,55.9755,56.5011,55.1767,55.6997,4939343
2024-05-10,D004,演示消费,56.0787,56.832,55.5832,56.3342,2731433
2024-05-13,D004,演示消费,56.1751,56.4458,55.7992,56.0695,6609737
2024-05-14,D004,演示消费,56.4746,57.2733,55.9516,56.7479,5651644
2024-05-15,D004,演示消费,56.7135,56.8613,56.543,56.6906,2676221
2024-05-16,D004,演示消费,57.1849,58.1386,56.5691,57.5192,9241091
2024-05-17,D004,演示消费,57.6099,57.877,57.4037,57.6706,5136852
2024-05-20,D004,演示消费,58.3382,59.5954,57.5409,58.7919,4590240
2024-05-21,D004,演示消费,58.9374,59.2992,58.6735,59.0348,3132298
2024-05-22,D004,演示消费,59.141,59.437,58.9162,59.2119,3102548
2024-05-23,D004,演示消费,59.3012,59.569,59.0931,59.3608,4024442
2024-05-24,D004,演示消费,59.7478,60.5215,59.2371,60.0086,4363488
2024-05-27,D004,演示消费,59.8298,60.1273,59.4143,59.7112,4337295
2024-05-28,D004,演示消费,60.6076,62.271,59.5674,61.2202,3539979
2024-05-29,D004,演示消费,61.3761,61.7602,61.0968,61.4805,4068513
2024-05-30,D004,演示消费,60.5018,61.5758,58.8039,59.8666,3234298
2024-05-31,D004,演示消费,59.649,59.9845,59.17,59.5048,3084511
2024-06-03,D004,演示消费,59.4757,59.6237,59.3084,59.4564,4412488
2024-06-04,D004,演示消费,59.3711,59.5749,59.1108,59.3144,2566923
2024-06-05,D004,演示消费,58.9184,59.4278,58.1503,58.6574,2649571
2024-06-06,D004,演示消费,58.8628,59.3255,58.5385,59.0005,4728864
2024-06-07,D004,演示消费,59.1386,59.4885,58.8816,59.2311,2899060
2024-06-10,D004,演示消费,59.3367,59.6323,59.1121,59.4074,2893284
2024-06-11,D004,演示消费,59.6075,60.0628,59.287,59.7416,2397661
2024-06-12,D004,演示消费,59.7479,59.8779,59.6221,59.7521,3440012
2024-06-13,D004,演示消费,59.3812,59.867,58.6527,59.1365,6671027
2024-06-14,D004,演示消费,59.0804,59.2546,58.8691,59.0431,4664562
2024-06-17,D004,演示消费,58.3753,59.1474,57.1721,57.9384,5494190
2024-06-18,D004,演示消费,58.2759,58.9622,57.8186,58.5031,4191255
2024-06-19,D004,演示消费,57.891,58.6083,56.7778,57.49,2589951
2024-06-20,D004,演示消费,57.4072,57.6046,57.1548,57.352,3709103
2024-06-21,D004,演示消费,56.6844,57.4526,55.4857,56.2479,5904106
2024-06-24,D004,演示消费,55.9234,56.3567,55.2774,55.7091,6751403
2024-06-25,D004,演示消费,55.6234,55.8201,55.37,55.5665,5004288
2024-06-26,D004,演示消费,55.4094,55.6766,55.0384,55.3051,5065440
2024-06-27,D004,演示消费,55.3814,55.6199,55.1942,55.4324,5929996
2024-06-28,D004,演示消费,55.2606,55.5421,54.8656,55.1466,5033825
2024-07-01,D004,演示消费,54.8629,55.2539,54.2858,54.6754,5664212
2024-07-02,D004,演示消费,53.9154,54.7658,52.5777,53.4203,3106807
2024-07-03,D004,演示消费,53.6102,54.0366,53.3119,53.7376,5782758
2024-07-04,D004,演示消费,54.2154,55.1356,53.622,54.5387,11732015
2024-07-05,D004,演示消费,54.433,54.6472,54.1487,54.3627,3002983
2024-07-08,D004,演示消费,54.3773,54.5105,54.254,54.3871,8426314
2024-07-09,D004,演示消费,53.7121,54.4807,52.5091,53.2713,6042136
2024-07-10,D004,演示消费,53.5418,54.1046,53.162,53.7236,3186449
2024-07-11,D004,演示消费,53.4489,53.8281,52.8893,53.2673,3513792
2024-07-12,D004,演示消费,52.5323,53.3556,51.2377,52.0535,5980182
2024-07-15,D004,演示消费,51.5215,52.1475,50.551,51.1728,7227136
2024-07-16,D004,演示消费,50.8739,51.2717,50.2803,50.6765,4561481
2024-07-17,D004,演示消费,50.5935,50.7775,50.3546,50.5384,4512988
2024-07-18,D004,演示消费,50.6519,50.9434,50.4366,50.7278,3097053
2024-07-19,D004,演示消费,50.6474,50.8289,50.4125,50.5938,5393761
2024-07-22,D004,演示消费,50.4862,50.6944,50.2068,50.4147,4081238
2024-07-23,D004,演示消费,50.5179,50.7918,50.3134,50.587,5536406
2024-07-24,D004,演示消费,50.6903,50.9647,50.4852,50.7594,5655130
2024-07-25,D004,演示消费,50.3084,50.8534,49.4703,50.0121,3417271
2024-07-26,D004,演示消费,50.7351,52.0792,49.893,51.2289,4042625
2024-07-29,D004,演示消费,50.8771,51.3266,50.1978,50.6453,5951580
2024-07-30,D004,演示消费,50.2511,50.7407,49.5047,49.9918,9273250
2024-07-31,D004,演示消费,49.2377,50.0715,47.922,48.7475,4753615
2024-08-01,D004,演示消费,48.7897,48.9577,48.6498,48.8178,2966071
2024-08-02,D004,演示消费,49.0684,49.5891,48.7175,49.237,3366808
2024-08-05,D004,演示消费,49.593,50.2949,49.1335,49.8332,5151475
2024-08-06,D004,演示消费,50.1951,50.9084,49.7284,50.4394,8430102
2024-08-07,D004,演示消费,50.2189,50.5382,49.7547,50.073,8455857
2024-08-08,D004,演示消费,50.1053,50.2594,49.9728,50.1269,5597827
2024-08-09,D004,演示消费,49.6547,50.2188,48.7843,49.3449,4102578
2024-08-12,D004,演示消费,49.7236,50.4648,49.2406,49.9793,7300459
2024-08-13,D004,演示消费,50.2609,50.8366,49.8762,50.4504,5236825
2024-08-14,D004,演示消费,50.776,51.4279,50.3453,50.9954,3585790
2024-08-15,D004,演示消费,50.6804,51.0935,50.0611,50.4726,7690520
2024-08-16,D004,演示消费,49.9251,50.5626,48.9339,49.5668,7061424
2024-08-19,D004,演示消费,50.0583,50.9954,49.4585,50.3915,8390008
2024-08-20,D004,演示消费,51.1569,52.5765,50.2696,51.6802,4820223
2024-08-21,D004,演示消费,52.0281,52.7206,51.5722,52.2626,1775826
2024-08-22,D004,演示消费,53.1533,54.7985,52.1307,53.7641,5462912
2024-08-23,D004,演示消费,53.8281,54.0426,53.6564,53.8708,3432420
2024-08-26,D004,演示消费,53.2644,53.966,52.1714,52.8678,3656377
2024-08-27,D004,演示消费,52.6202,52.9711,52.1068,52.4565,5181161
2024-08-28,D004,演示消费,52.3932,52.5612,52.1833,52.3511,2504048
2024-08-29,D004,演示消费,52.4388,52.6904,52.246,52.4974,8934500
2024-08-30,D004,演示消费,52.4769,52.6024,52.3379,52.4633,4226087
2024-09-02,D004,演示消费,52.4653,52.5736,52.3584,52.4666,5292785
2024-09-03,D004,演示消费,52.8708,53.6616,52.3557,53.1438,5887187
2024-09-04,D004,演示消费,53.0672,53.2497,52.8338,53.0162,4366097
2024-09-05,D004,演示消费,53.396,54.1456,52.9049,53.6521,3547614
2024-09-06,D004,演示消费,53.6369,53.7594,53.5041,53.6267,4761070
2024-09-09,D004,演示消费,53.8383,54.302,53.5176,53.9804,3937240
2024-09-10,D004,演示消费,54.8179,56.37,53.8489,55.3908,3727349
2024-09-11,D004,演示消费,54.7701,55.4889,53.6506,54.364,3673356
2024-09-12,D004,演示消费,55.2861,56.9895,54.2271,55.9184,6436470
2024-09-13,D004,演示消费,55.3841,56.0207,54.4009,55.0335,2301893
2024-09-16,D004,演示消费,54.15,55.1184,52.6185,53.5766,8082870
2024-09-17,D004,演示消费,53.7995,54.282,53.4675,53.9491,2452863
2024-09-18,D004,演示消费,53.7706,54.0557,53.3677,53.6522,5135694
2024-09-19,D004,演示消费,53.8882,54.3932,53.5427,54.0467,6112036
2024-09-20,D004,演示消费,53.8281,54.1529,53.3594,53.6833,2428109
2024-09-23,D004,演示消费,53.7128,53.8694,53.5758,53.7324,6332858
2024-09-24,D004,演示消费,54.1724,55.027,53.6181,54.4697,5031337
2024-09-25,D004,演示消费,54.8173,55.5145,54.3563,55.0515,2717832
2024-09-26,D004,演示消费,54.5916,55.1543,53.7295,54.2892,1913118
2024-09-27,D004,演示消费,54.2621,54.3977,54.1086,54.2441,3554327
2024-09-30,D004,演示消费,54.1752,54.3523,53.9524,54.1293,8290669
2024-10-01,D004,演示消费,53.9034,54.2356,53.4225,53.7537,6393072
2024-10-02,D004,演示消费,53.5597,53.8597,53.1318,53.4311,4953096
2024-10-03,D004,演示消费,53.0561,53.5328,52.3346,52.8091,3833897
2024-10-04,D004,演示消费,53.5332,54.883,52.6853,54.0272,3663204
2024-10-07,D004,演示消费,53.9359,54.1348,53.6766,53.8753,6112575
2024-10-08,D004,演示消费,54.3051,55.1425,53.7609,54.5954,4925133
2024-10-09,D004,演示消费,54.6515,54.8544,54.486,54.6889,4183338
2024-10-10,D004,演示消费,55.3096,56.48,54.5664,55.7312,2251824
2024-10-11,D004,演示消费,55.6205,55.8421,55.3257,55.547,5790268
2024-10-14,D004,演示消费,55.7033,56.0769,55.4348,55.808,4269235
2024-10-15,D004,演示消费,55.4638,55.9154,54.7869,55.2367,6594715
2024-10-16,D004,演示消费,55.561,56.2197,55.1223,55.7793,6285292
2024-10-17,D004,演示消费,56.0981,56.7482,55.6641,56.3126,4305626
2024-10-18,D004,演示消费,56.6449,57.3192,56.196,56.8686,3163668
2024-10-21,D004,演示消费,57.2934,58.1276,56.7487,57.5802,3913695
2024-10-22,D004,演示消费,57.4293,57.6944,57.0644,57.3291,5213606
2024-10-23,D004,演示消费,56.9653,57.4392,56.2533,56.7253,8151293
2024-10-24,D004,演示消费,56.7095,56.8387,56.5699,56.699,3068661
2024-10-25,D004,演示消费,56.5221,56.8111,56.1164,56.4048,3865131
2024-10-28,D004,演示消费,56.3191,56.5173,56.064,56.262,5328470
2024-10-29,D004,演示消费,56.188,56.3742,55.9528,56.1388,3790672
2024-10-30,D004,演示消费,55.7591,56.2461,55.0241,55.5089,3825839
2024-10-31,D004,演示消费,55.1444,55.6152,54.4353,54.904,6137875
2024-11-01,D004,演示消费,54.9864,55.2341,54.7938,55.0414,5084954
2024-11-04,D004,演示消费,54.7879,55.149,54.2601,54.6202,3020693
2024-11-05,D004,演示消费,55.2099,56.3261,54.4991,55.6101,5880913
2024-11-06,D004,演示消费,55.3048,55.718,54.6915,55.1031,4048077
2024-11-07,D004,演示消费,54.6343,55.2058,53.758,54.3262,3476639
2024-11-08,D004,演示消费,53.8846,54.428,53.0536,53.5942,2380456
2024-11-11,D004,演示消费,53.1862,53.6954,52.4112,52.9177,3559039
2024-11-12,D004,演示消费,52.9606,53.138,52.8118,52.9891,7127735
2024-11-13,D004,演示消费,53.5786,54.6918,52.871,53.9789,4407752
2024-11-14,D004,演示消费,53.6237,54.0822,52.9329,53.3894,3610189
2024-11-15,D004,演示消费,53.221,53.495,52.8359,53.1093,4752963
2024-11-18,D004,演示消费,53.0928,53.2155,52.9592,53.0818,3543610
2024-11-19,D004,演示消费,52.7267,53.1833,52.0379,52.4925,3528877
2024-11-20,D004,演示消费,51.9855,52.5884,51.0538,51.6529,3492119
2024-11-21,D004,演示消费,51.7334,51.9717,51.5492,51.7873,4247562
2024-11-22,D004,演示消费,51.3873,51.8849,50.6288,51.124,4266937
2024-11-25,D004,演示消费,51.0068,51.2255,50.7106,50.929,4033461
2024-11-26,D004,演示消费,51.1736,51.688,50.8247,51.338,5783147
2024-11-27,D004,演示消费,50.3165,51.4052,48.5833,49.6578,4715495
2024-11-28,D004,演示消费,49.7293,49.9483,49.5581,49.777,7909344
2024-11-29,D004,演示消费,50.2173,51.0657,49.6701,50.5152,6067633
2024-12-02,D004,演示消费,50.0926,50.6095,49.3006,49.8147,7111333
2024-12-03,D004,演示消费,50.5134,51.8141,49.6972,50.9902,3886334
2024-12-04,D004,演示消费,50.8246,51.0909,50.4492,50.7149,5868518
2024-12-05,D004,演示消费,50.7164,50.8205,50.6134,50.7175,4763672
2024-12-06,D004,演示消费,50.4159,50.8153,49.8189,50.2168,3025788
2024-12-09,D004,演示消费,50.4279,50.8839,50.1144,50.5696,11930893
2024-12-10,D004,演示消费,50.7474,51.1477,50.4671,50.8667,4595128
2024-12-11,D004,演示消费,51.2481,51.9967,50.7594,51.5056,6201440
2024-12-12,D004,演示消费,51.8257,52.4702,51.3986,52.0413,3150950
2024-12-13,D004,演示消费,51.6794,52.1405,50.9818,51.4408,2840103
2024-12-16,D004,演示消费,51.2022,51.5414,50.7061,51.0443,1652773
2024-12-17,D004,演示消费,51.0266,51.1464,50.895,51.0147,3478125
2024-12-18,D004,演示消费,51.1204,51.3997,50.9121,51.1911,3699890
2024-12-19,D004,演示消费,51.247,51.4429,51.0885,51.2843,4739852
2024-12-20,D004,演示消费,51.1627,51.3862,50.8589,51.082,5339361
2024-12-23,D004,演示消费,50.9417,51.1832,50.6074,50.8485,3953125
2024-12-24,D004,演示消费,50.6432,50.9484,50.2028,50.5072,5476560
2024-12-25,D004,演示消费,50.4701,50.6081,50.3075,50.4454,5303896
2024-12-26,D004,演示消费,51.1419,52.4394,50.3269,51.617,4132011
2024-12-27,D004,演示消费,51.8554,52.3606,51.5114,52.0156,2603407
2024-12-30,D004,演示消费,51.5343,52.1113,50.6449,51.2184,4397420
2024-12-31,D004,演示消费,50.9842,51.3186,50.4958,50.8292,5407810
2025-01-01,D004,演示消费,50.3293,50.9217,49.413,50.0015,5236809
2025-01-02,D004,演示消费,49.9564,50.1013,49.7815,49.9264,4833947
2025-01-03,D004,演示消费,50.1781,50.7026,49.8239,50.3473,5290518
2025-01-06,D004,演示消费,50.1956,50.4469,49.8441,50.0949,6088218
2025-01-07,D004,演示消费,50.3044,50.7573,49.9929,50.445,5159197
2025-01-08,D004,演示消费,50.6053,50.9758,50.3429,50.7128,2852456
2025-01-09,D004,演示消费,50.5466,50.813,50.1705,50.4363,5646306
2025-01-10,D004,演示消费,50.8304,51.6001,50.3295,51.0966,5692188
2025-01-13,D004,演示消费,50.4724,51.1849,49.358,50.0647,2538046
2025-01-14,D004,演示消费,50.3044,50.8087,49.9622,50.4654,8649765
2025-01-15,D004,演示消费,50.8675,51.6509,50.3583,51.1391,2077984
2025-01-16,D004,演示消费,50.827,51.2376,50.2122,50.6211,7855696
2025-01-17,D004,演示消费,50.5347,50.7219,50.2903,50.4773,2716615
2025-01-20,D004,演示消费,50.9914,51.9691,50.3665,51.34,2652244
2025-01-21,D004,演示消费,51.1465,51.4411,50.7246,51.0184,6844409
2025-01-22,D004,演示消费,50.8597,51.1193,50.4954,50.7544,3702240
2025-01-23,D004,演示消费,50.2588,50.8469,49.3493,49.9337,2279911
2025-01-24,D004,演示消费,50.012,50.243,49.8335,50.0643,4574438
2025-01-27,D004,演示消费,50.3368,50.897,49.9612,50.52,6386984
2025-01-28,D004,演示消费,50.4462,50.6208,50.2227,50.3971,7320927
2025-01-29,D004,演示消费,50.6034,51.0516,50.2944,50.7419,5780974
2025-01-30,D004,演示消费,50.7378,50.8433,50.6296,50.7351,6569337
2025-01-31,D004,演示消费,51.0988,51.8166,50.6285,51.3441,4763652
2025-02-03,D004,演示消费,50.8453,51.4378,49.9294,50.5181,4465701
2025-02-04,D004,演示消费,50.7673,51.2886,50.4145,50.9347,2877204
2025-02-05,D004,演示消费,51.0641,51.383,50.8321,51.1506,3537319
2025-02-06,D004,演示消费,51.5706,52.3863,51.0417,51.8545,4545631
2025-02-07,D004,演示消费,51.7338,51.9575,51.4304,51.6537,4889873
2025-02-10,D004,演示消费,51.8262,52.2196,51.5491,51.9419,5337692
2025-02-11,D004,演示消费,51.8268,52.0451,51.5324,51.7503,4939011
2025-02-12,D004,演示消费,51.9391,52.3602,51.6453,52.0657,2706047
2025-02-13,D004,演示消费,52.2133,52.5654,51.9606,52.3122,2591121
2025-02-14,D004,演示消费,52.1149,52.4152,51.6847,51.9842,3253176
2025-02-17,D004,演示消费,52.3715,53.1322,51.8746,52.6329,7785815
2025-02-18,D004,演示消费,52.493,52.7372,52.1563,52.4001,2725598
2025-02-19,D004,演示消费,52.362,52.5048,52.1939,52.3366,8672439
2025-02-20,D004,演示消费,52.2889,52.4411,52.1049,52.2571,4757250
2025-02-21,D004,演示消费,52.611,53.315,52.1478,52.8497,9294495
2025-02-24,D004,演示消费,53.0748,53.5597,52.7419,53.2259,3356320
2025-02-25,D004,演示消费,53.7068,54.6314,53.1112,54.0323,3501293
2025-02-26,D004,演示消费,53.8228,54.1386,53.3692,53.6841,6113485
2025-02-27,D004,演示消费,53.6227,53.7912,53.4134,53.5818,4623354
2025-02-28,D004,演示消费,53.8026,54.2817,53.4727,53.9509,5601910
2025-03-03,D004,演示消费,53.3274,54.0456,52.2069,52.9196,5540509
2025-03-04,D004,演示消费,52.844,53.0251,52.6128,52.7938,6765908
2025-03-05,D004,演示消费,53.0454,53.5755,52.6857,53.2145,4667703
2025-03-06,D004,演示消费,53.2637,53.4524,53.1079,53.2965,2512221
2025-03-07,D004,演示消费,53.0333,53.4004,52.4934,52.8593,3730883
2025-03-10,D004,演示消费,52.632,52.9629,52.1516,52.4816,5967817
2025-03-11,D004,演示消费,52.9142,53.7539,52.3698,53.2066,2680869
2025-03-12,D004,演示消费,52.9456,53.3103,52.4096,52.7731,3123896
2025-03-13,D004,演示消费,52.6603,52.878,52.3679,52.5853,6511676
2025-03-14,D004,演示消费,52.834,53.3587,52.4777,53.0012,2421688
2025-03-17,D004,演示消费,53.6967,54.9962,52.8784,54.1707,2785819
2025-03-18,D004,演示消费,53.906,54.2764,53.3618,53.731,2768355
2025-03-19,D004,演示消费,53.3906,53.8342,52.7243,53.166,8469946
2025-03-20,D004,演示消费,52.761,53.2664,51.9916,52.4944,3807141
2025-03-21,D004,演示消费,52.8382,53.525,52.385,53.0698,7171757
2025-03-24,D004,演示消费,53.099,53.254,52.9636,53.1185,3584778
2025-03-25,D004,演示消费,53.8475,55.2061,52.994,54.3447,5981815
2025-03-26,D004,演示消费,53.2249,54.4132,51.3314,52.5036,3756704
2025-03-27,D004,演示消费,52.4589,52.6085,52.2797,52.4292,2531587
2025-03-28,D004,演示消费,51.6708,52.5144,50.3418,51.1773,3642132
2025-03-31,D004,演示消费,51.8866,53.2078,51.057,52.3705,4906817
2025-04-01,D004,演示消费,52.2647,52.4746,51.9848,52.1945,2321557
2025-04-02,D004,演示消费,52.3762,52.7862,52.0886,52.498,5492401
2025-04-03,D004,演示消费,52.6822,53.0969,52.3916,52.8056,4190291
2025-04-04,D004,演示消费,52.7533,52.9111,52.5607,52.7184,2707151
2025-04-07,D004,演示消费,52.7228,52.8357,52.6129,52.7258,4855075
2025-04-08,D004,演示消费,52.4987,52.8292,52.0189,52.3484,5277204
2025-04-09,D004,演示消费,51.4908,52.4282,50.0071,50.9345,4796180
2025-04-10,D004,演示消费,51.0836,51.436,50.8316,51.1835,8358385
2025-04-11,D004,演示消费,51.0698,51.2852,50.7791,50.9943,6403984
2025-04-14,D004,演示消费,51.0409,51.2208,50.8921,51.072,3817595
2025-04-15,D004,演示消费,51.0521,51.1741,50.917,51.0389,3261348
2025-04-16,D004,演示消费,50.6613,51.1356,49.9408,50.4127,2863124
2025-04-17,D004,演示消费,50.0683,50.5089,49.4026,49.8413,6459368
2025-04-18,D004,演示消费,49.868,50.0124,49.7415,49.8858,5366226
2025-04-21,D004,演示消费,49.4921,49.9797,48.748,49.233,5812823
2025-04-22,D004,演示消费,49.1656,49.3312,48.9553,49.1208,9875959
2025-04-23,D004,演示消费,49.3294,49.7792,49.0206,49.4695,2900286
2025-04-24,D004,演示消费,48.7119,49.5478,47.392,48.2195,4473134
2025-04-25,D004,演示消费,48.2952,48.5185,48.1227,48.3458,4120852
2025-04-28,D004,演示消费,48.4495,48.7201,48.2486,48.5189,4761947
2025-04-29,D004,演示消费,48.306,48.6139,47.8582,48.1652,4632759
2025-04-30,D004,演示消费,47.7629,48.2551,47.0089,47.4984,6011956
2025-05-01,D004,演示消费,47.3073,47.5918,46.8971,47.1808,5045834
2025-05-02,D004,演示消费,46.7312,47.2671,45.9038,46.4363,3259995
2025-05-05,D004,演示消费,46.4596,46.5915,46.3434,46.4752,7238483
2025-05-06,D004,演示消费,46.528,46.7094,46.382,46.5633,3281014
2025-05-07,D004,演示消费,46.886,47.5256,46.4658,47.1035,5287344
2025-05-08,D004,演示消费,46.7389,47.1923,46.0478,46.4989,7135249
2025-05-09,D004,演示消费,46.808,47.4244,46.4019,47.0164,4870060
2025-05-12,D004,演示消费,46.6463,47.1049,45.9466,46.4028,5270472
2025-05-13,D004,演示消费,46.4624,46.6551,46.3097,46.5023,3079058
2025-05-14,D004,演示消费,46.3223,46.5938,45.9324,46.2032,6175441
2025-05-15,D004,演示消费,45.9126,46.292,45.3432,45.7209,3834332
2025-05-16,D004,演示消费,45.663,45.8121,45.4754,45.6244,3131205
2025-05-19,D004,演示消费,45.8332,46.2765,45.5311,45.9735,3074996
2025-05-20,D004,演示消费,45.7043,46.0623,45.1699,45.5265,3535942
2025-05-21,D004,演示消费,45.7843,46.311,45.4325,45.9578,4254723
2025-05-22,D004,演示消费,46.1588,46.5894,45.864,46.2938,3004808
2025-05-23,D004,演示消费,46.2612,46.3862,46.1147,46.2396,2202586
2025-05-26,D004,演示消费,46.5167,47.0777,46.1438,46.7033,2636752
2025-05-27,D004,演示消费,47.0456,47.7194,46.605,47.2766,4166439
2025-05-28,D004,演示消费,47.1494,47.3703,46.8444,47.0649,4717611
2025-05-29,D004,演示消费,46.6717,47.1528,45.9347,46.4132,4553128
2025-05-30,D004,演示消费,46.3434,46.5057,46.1348,46.2969,4586426
2025-06-02,D004,演示消费,46.1544,46.3885,45.8263,46.0599,7374696
2025-06-03,D004,演示消费,46.017,46.1519,45.8536,45.9884,3079237
2025-06-04,D004,演示消费,45.8786,46.0797,45.6049,45.8057,3612308
2025-06-05,D004,演示消费,45.4136,45.891,44.6813,45.156,6206203
2025-06-06,D004,演示消费,45.0773,45.2459,44.8567,45.025,1530368
2025-06-09,D004,演示消费,45.0888,45.2856,44.9347,45.1314,5500039
2025-06-10,D004,演示消费,45.4053,45.9587,45.0378,45.5898,5623485
2025-06-11,D004,演示消费,45.5759,45.6809,45.4618,45.5667,5527176
2025-06-12,D004,演示消费,45.9386,46.6614,45.4697,46.19,5447978
2025-06-13,D004,演示消费,46.361,46.7413,46.0962,46.4758,9038523
2025-06-16,D004,演示消费,46.5147,46.6728,46.3827,46.5407,2993141
2025-06-17,D004,演示消费,46.1749,46.6283,45.4833,45.9343,4304477
2025-06-18,D004,演示消费,45.9613,46.0984,45.8423,45.9794,8213249
2025-06-19,D004,演示消费,46.3236,46.9994,45.8824,46.556,3968055
2025-06-20,D004,演示消费,46.727,47.1079,46.4615,46.8417,5216982
2025-06-23,D004,演示消费,46.6526,46.9338,46.2469,46.5274,3851855
2025-06-24,D004,演示消费,46.512,46.6204,46.3935,46.5018,2899966
2025-06-25,D004,演示消费,46.3226,46.5933,45.9339,46.2039,3728754
2025-06-26,D004,演示消费,46.0199,46.2947,45.624,45.8981,5333173
2025-06-27,D004,演示消费,45.5968,45.986,45.0105,45.398,5070556
2025-06-30,D004,演示消费,45.0922,45.4848,44.4997,44.8906,5191457
2025-07-01,D004,演示消费,44.8889,44.9804,44.7963,44.8878,3460886
2025-07-02,D004,演示消费,45.4237,46.4309,44.7862,45.7882,4807669
2025-07-03,D004,演示消费,46.3398,47.3756,45.6844,46.7149,4572198
2025-07-04,D004,演示消费,46.5397,46.8069,46.1571,46.4236,6647400
2025-07-07,D004,演示消费,46.4153,46.5165,46.3085,46.4097,4111809
2025-07-08,D004,演示消费,46.294,46.5018,46.0097,46.2172,5787296
2025-07-09,D004,演示消费,46.0243,46.3079,45.6137,45.8965,7241548
2025-07-10,D004,演示消费,46.2986,47.074,45.798,46.5705,2609028
2025-07-11,D004,演示消费,46.3326,46.6612,45.848,46.1754,3691362
2025-07-14,D004,演示消费,45.9443,46.2654,45.4715,45.7915,3373412
2025-07-15,D004,演示消费,45.2898,45.873,44.3825,44.9615,5625047
2025-07-16,D004,演示消费,45.5443,46.6339,44.8577,45.9413,4656679
2025-07-17,D004,演示消费,46.2709,46.9215,45.8448,46.4933,5647122
2025-07-18,D004,演示消费,47.0247,48.0262,46.3891,47.3857,4439580
2025-07-21,D004,演示消费,46.7863,47.4667,45.7202,46.395,5786849
2025-07-22,D004,演示消费,46.1457,46.485,45.6429,45.981,5741952
2025-07-23,D004,演示消费,46.0165,46.1677,45.8889,46.0401,6924791
2025-07-24,D004,演示消费,46.0915,46.2696,45.9478,46.1259,2939129
2025-07-25,D004,演示消费,45.5691,46.2059,44.5736,45.2053,3546460
2025-07-28,D004,演示消费,45.1779,45.2956,45.0419,45.1596,7238794
2025-07-29,D004,演示消费,45.7571,46.8728,45.0548,46.1642,5255928
2025-07-30,D004,演示消费,46.2219,46.4107,46.0717,46.2604,5394345
2025-07-31,D004,演示消费,46.4629,46.8968,46.1659,46.599,2994801
2025-08-01,D004,演示消费,46.589,46.6921,46.4791,46.5823,5790618
2025-08-04,D004,演示消费,46.9392,47.638,46.4838,47.1803,3078742
2025-08-05,D004,演示消费,47.2075,47.3473,47.0858,47.2256,3055544
2025-08-06,D004,演示消费,47.4208,47.8441,47.1294,47.5519,1501532
2025-08-07,D004,演示消费,48.1418,49.2478,47.4433,48.5434,4701323
2025-08-08,D004,演示消费,48.6125,48.8253,48.446,48.6586,4181441
2025-08-11,D004,演示消费,48.8792,49.3482,48.5592,49.0273,5096443
2025-08-12,D004,演示消费,48.9046,49.1246,48.6034,48.8231,3690152
2025-08-13,D004,演示消费,49.0622,49.5632,48.723,49.2229,2609576
2025-08-14,D004,演示消费,49.6017,50.3429,49.1188,49.8575,2578597
2025-08-15,D004,演示消费,50.0757,50.5431,49.7558,50.2222,3743114
2025-08-18,D004,演示消费,50.1768,50.3225,50.0011,50.1466,2721496
2025-08-19,D004,演示消费,50.3679,50.8412,50.0443,50.5166,2601305
2025-08-20,D004,演示消费,50.7609,51.274,50.4131,50.9251,5100848
2025-08-21,D004,演示消费,51.1589,51.6548,50.821,51.3159,3670173
2025-08-22,D004,演示消费,51.3313,51.4596,51.2132,51.3415,2080107
2025-08-25,D004,演示消费,51.1555,51.4427,50.7457,51.0322,5917836
2025-08-26,D004,演示消费,50.9222,51.1337,50.638,50.8492,2341252
2025-08-27,D004,演示消费,50.7758,50.9505,50.5525,50.727,4682158
2025-08-28,D004,演示消费,50.2141,50.8189,49.2772,49.8779,3139765
2025-08-29,D004,演示消费,49.9227,50.0974,49.778,49.9526,4370937
2025-09-01,D004,演示消费,50.1883,50.6857,49.8504,50.3467,8230144
2025-09-02,D004,演示消费,51.0659,52.4036,50.2273,51.5569,5278175
2025-09-03,D004,演示消费,51.3313,51.6579,50.8565,51.1821,4542120
2025-09-04,D004,演示消费,51.2775,51.5399,51.0792,51.3414,3436670
2025-09-05,D004,演示消费,51.1823,51.4429,50.8168,51.0769,5636097
2025-09-08,D004,演示消费,51.0216,51.1788,50.8278,50.9849,2706737
2025-09-09,D004,演示消费,50.9478,51.0867,50.7843,50.9231,2788678
2025-09-10,D004,演示消费,51.4173,52.3612,50.8122,51.7522,5158685
2025-09-11,D004,演示消费,51.9163,52.2957,51.6475,52.0263,4278647
2025-09-12,D004,演示消费,51.3995,52.1166,50.2785,50.9899,4964521
2025-09-15,D004,演示消费,50.7133,51.0889,50.1563,50.5305,5023372
2025-09-16,D004,演示消费,50.623,50.8792,50.429,50.6849,3545927
2025-09-17,D004,演示消费,50.9458,51.4876,50.5808,51.1213,6948586
2025-09-18,D004,演示消费,51.4611,52.1388,51.0146,51.6903,4711710
2025-09-19,D004,演示消费,51.7294,51.8983,51.5868,51.7555,6385392
2025-09-22,D004,演示消费,51.8404,52.086,51.6516,51.8971,2084685
2025-09-23,D004,演示消费,51.6907,51.9991,51.2466,51.5541,3514078
2025-09-24,D004,演示消费,51.759,52.207,51.4492,51.8964,3029205
2025-09-25,D004,演示消费,51.6592,51.9979,51.1647,51.5023,4936072
2025-09-26,D004,演示消费,51.2665,51.6031,50.775,51.1105,8094093
2025-09-29,D004,演示消费,51.0727,51.2126,50.9077,51.0476,2531247
2025-09-30,D004,演示消费,51.7011,52.9238,50.9301,52.1462,6148705
2025-10-01,D004,演示消费,51.9263,52.2485,51.4594,51.7807,5726339
2025-10-02,D004,演示消费,51.707,51.8839,51.4812,51.658,2589740
2025-10-03,D004,演示消费,51.8257,52.211,51.5534,51.9381,2845513
2025-10-06,D004,演示消费,52.0485,52.3376,51.8336,52.1224,3450333
2025-10-07,D004,演示消费,52.2866,52.6668,52.0169,52.3966,2753382
2025-10-08,D004,演示消费,52.6824,53.2699,52.2887,52.8747,4685825
2025-10-09,D004,演示消费,52.5176,52.9757,51.8263,52.2823,3568371
2025-10-10,D004,演示消费,52.1732,52.3862,51.8879,52.1007,4414633
2025-10-13,D004,演示消费,51.6324,52.197,50.7637,51.3249,4199922
2025-10-14,D004,演示消费,51.5042,51.9083,51.2209,51.6243,5003692
2025-10-15,D004,演示消费,50.9558,51.712,49.7699,50.5196,2618159
2025-10-16,D004,演示消费,50.4575,50.6204,50.2533,50.4161,3342278
2025-10-17,D004,演示消费,50.6044,51.0221,50.3137,50.7307,4495042
2025-10-20,D004,演示消费,50.5872,50.8312,50.2485,50.492,4015177
2025-10-21,D004,演示消费,50.5641,50.7859,50.3907,50.6123,3177577
2025-10-22,D004,演示消费,50.4521,50.7124,50.0862,50.3459,4929050
2025-10-23,D004,演示消费,49.8518,50.4376,48.9458,49.5278,5767439
2025-10-24,D004,演示消费,49.6438,49.9375,49.428,49.7214,3309100
2025-10-27,D004,演示消费,49.6906,49.8208,49.54,49.6701,10162717
2025-10-28,D004,演示消费,50.0834,50.8848,49.5642,50.3627,4566823
2025-10-29,D004,演示消费,50.8416,51.7579,50.2534,51.166,5064971
2025-10-30,D004,演示消费,51.302,51.6327,51.0628,51.3931,4227780
2025-10-31,D004,演示消费,51.3024,51.4954,51.0494,51.2422,7898212
2025-11-03,D004,演示消费,50.5485,51.3278,49.324,50.0964,4319938
2025-11-04,D004,演示消费,49.9065,50.195,49.493,49.7808,4078360
2025-11-05,D004,演示消费,50.2108,51.0414,49.6741,50.5016,4839209
2025-11-06,D004,演示消费,50.9615,51.845,50.3927,51.2727,4699623
2025-11-07,D004,演示消费,50.7209,51.3644,49.7207,50.3595,4034299
2025-11-10,D004,演示消费,49.9239,50.4531,49.1113,49.6376,4278084
2025-11-11,D004,演示消费,49.5018,49.7359,49.1781,49.4118,3969652
2025-11-12,D004,演示消费,49.3693,49.5104,49.2001,49.3411,3816387
2025-11-13,D004,演示消费,49.1983,49.4388,48.8635,49.1036,3788379
2025-11-14,D004,演示消费,49.3733,49.9272,49.0023,49.5548,6248915
2025-11-17,D004,演示消费,48.9226,49.6393,47.7993,48.51,906392
2025-11-18,D004,演示消费,48.7382,49.22,48.4107,48.8915,2730566
2025-11-19,D004,演示消费,49.2761,50.0266,48.7879,49.5358,2534734
2025-11-20,D004,演示消费,49.4947,49.6347,49.3275,49.4674,2929634
2025-11-21,D004,演示消费,49.5634,49.8233,49.3679,49.6276,5447021
2025-11-24,D004,演示消费,49.2044,49.72,48.4136,48.9263,1913204
2025-11-25,D004,演示消费,49.4697,50.496,48.8172,49.8387,2490952
2025-11-26,D004,演示消费,49.5455,49.9349,48.9641,49.352,2513814
2025-11-27,D004,演示消费,49.4343,49.6709,49.2529,49.4893,3141074
2025-11-28,D004,演示消费,50.3223,51.8616,49.3651,50.8934,6983362
2025-12-01,D004,演示消费,51.0801,51.4961,50.7901,51.2054,7584292
2025-12-02,D004,演示消费,51.4436,51.9477,51.1006,51.6037,2139655
2025-12-03,D004,演示消费,51.0497,51.6959,50.0454,50.687,5083566
2025-12-04,D004,演示消费,50.7802,51.0379,50.5852,50.8426,2604971
2025-12-05,D004,演示消费,50.8932,51.0797,50.7407,50.9271,4491723
2024-01-02,D005,演示医药,36.0,36.6671,35.3329,36.0,3557199
2024-01-03,D005,演示医药,36.175,36.5421,35.9262,36.2926,3938135
2024-01-04,D005,演示医药,36.0685,36.3624,35.628,35.9207,3195883
2024-01-05,D005,演示医药,36.0436,36.3222,35.8479,36.126,4597737
2024-01-08,D005,演示医药,36.2324,36.4833,36.0531,36.3036,7501656
2024-01-09,D005,演示医药,36.6068,37.1945,36.2262,36.8118,4723917
2024-01-10,D005,演示医药,36.3735,36.8759,35.5886,36.087,1645234
2024-01-11,D005,演示医药,36.3507,36.8699,36.0111,36.5286,4697155
2024-01-12,D005,演示医药,36.5479,36.6532,36.4555,36.5608,3639909
2024-01-15,D005,演示医药,36.5461,36.6339,36.4486,36.5363,6799366
2024-01-16,D005,演示医药,36.6548,36.9272,36.4624,36.7343,4256818
2024-01-17,D005,演示医药,36.8485,37.114,36.66,36.9251,7655457
2024-01-18,D005,演示医药,37.5745,38.7731,36.8307,38.0204,3950457
2024-01-19,D005,演示医药,37.8921,38.0954,37.6042,37.807,3495043
2024-01-22,D005,演示医药,37.281,37.8695,36.3552,36.9383,3523660
2024-01-23,D005,演示医药,36.9729,37.1046,36.8643,36.996,4916347
2024-01-24,D005,演示医药,37.0882,37.317,36.9214,37.1499,5636447
2024-01-25,D005,演示医药,37.4113,37.9286,37.072,37.5876,2820968
2024-01-26,D005,演示医药,37.5899,37.6689,37.5125,37.5915,3300890
2024-01-29,D005,演示医药,37.5695,37.6666,37.458,37.5549,3170811
2024-01-30,D005,演示医药,37.3733,37.6282,36.999,37.2532,3205329
2024-01-31,D005,演示医药,37.7034,38.5488,37.1686,38.0097,4885039
2024-02-01,D005,演示医药,37.6833,38.0804,37.0739,37.4687,2276973
2024-02-02,D005,演示医药,37.6394,38.002,37.3922,37.754,4388274
2024-02-05,D005,演示医药,37.5576,37.8275,37.159,37.4278,2369076
2024-02-06,D005,演示医药,37.5048,37.7087,37.3526,37.5562,5375778
2024-02-07,D005,演示医药,37.6887,37.9866,37.4801,37.7775,6828949
2024-02-08,D005,演示医药,37.4332,37.8472,36.7956,37.2071,6510248
2024-02-09,D005,演示医药,37.661,38.5127,37.1224,37.9698,4392992
2024-02-12,D005,演示医药,38.3651,39.1155,37.8861,38.6332,4485482
2024-02-13,D005,演示医药,38.8967,39.4203,38.5524,39.0744,1969532
2024-02-14,D005,演示医药,38.6249,39.1431,37.8167,38.3309,2452850
2024-02-15,D005,演示医药,38.1978,38.4066,37.9013,38.1096,3623221
2024-02-16,D005,演示医药,37.9752,38.1848,37.6771,37.8862,2662090
2024-02-19,D005,演示医药,37.8701,37.9619,37.7676,37.8594,3260825
2024-02-20,D005,演示医药,37.9908,38.2875,37.7826,38.0789,3015875
2024-02-21,D005,演示医药,38.4944,39.2802,37.9943,38.7764,4351689
2024-02-22,D005,演示医药,39.0522,39.5971,38.6951,39.2382,4765699
2024-02-23,D005,演示医药,39.2563,39.3649,39.1597,39.2683,2621364
2024-02-26,D005,演示医药,39.3523,39.5717,39.1893,39.4085,3935619
2024-02-27,D005,演示医药,39.6816,40.223,39.3259,39.8657,1977475
2024-02-28,D005,演示医药,39.942,40.1495,39.7856,39.9929,3565205
2024-02-29,D005,演示医药,40.138,40.462,39.9118,40.2352,4416554
2024-03-01,D005,演示医药,39.7581,40.3054,38.9033,39.4463,5529287
2024-03-04,D005,演示医药,39.5498,39.8025,39.3667,39.6191,4406143
2024-03-05,D005,演示医药,39.4138,39.6962,38.9966,39.278,3970100
2024-03-06,D005,演示医药,38.8321,39.3473,38.029,38.5404,3890378
2024-03-07,D005,演示医药,38.4126,38.6165,38.1244,38.3279,2175669
2024-03-08,D005,演示医药,38.5073,38.8866,38.2494,38.6279,3866406
2024-03-11,D005,演示医药,38.1003,38.6922,37.17,37.7565,5824046
2024-03-12,D005,演示医药,37.5115,37.8289,37.034,37.35,7093151
2024-03-13,D005,演示医药,37.1007,37.4214,36.6171,36.9364,5125159
2024-03-14,D005,演示医药,36.9483,37.042,36.8625,36.9562,4343582
2024-03-15,D005,演示医药,37.1341,37.5081,36.8805,37.2536,5131382
2024-03-18,D005,演示医药,37.5047,38.0042,37.1758,37.6739,4539085
2024-03-19,D005,演示医药,37.5944,37.7488,37.3875,37.5416,5659903
2024-03-20,D005,演示医药,37.1915,37.6106,36.545,36.9616,2847791
2024-03-21,D005,演示医药,36.9899,37.1112,36.8876,37.0088,2784318
2024-03-22,D005,演示医药,36.9148,37.0822,36.6854,36.8525,5486499
2024-03-25,D005,演示医药,37.5955,38.9628,36.752,38.1078,2180486
2024-03-26,D005,演示医药,38.673,39.7225,38.0163,39.0592,3376642
2024-03-27,D005,演示医药,39.0518,39.1373,38.9612,39.0468,3510892
2024-03-28,D005,演示医药,39.1114,39.2978,38.9684,39.1546,4233307
2024-03-29,D005,演示医药,39.7394,40.8248,39.0605,40.139,2234903
2024-04-01,D005,演示医药,39.6176,40.2071,38.6929,39.2774,4678048
2024-04-02,D005,演示医药,39.1482,39.355,38.8562,39.0625,4392437
2024-04-03,D005,演示医药,39.4585,40.2119,38.9769,39.727,3697082
2024-04-04,D005,演示医药,39.6881,39.8063,39.5441,39.6622,7782795
2024-04-05,D005,演示医药,40.1206,40.9838,39.5731,40.432,6208047
2024-04-08,D005,演示医药,40.3359,40.5123,40.0959,40.272,6648681
2024-04-09,D005,演示医药,40.2074,40.3523,40.0198,40.1645,1967234
2024-04-10,D005,演示医药,40.5323,41.2384,40.0778,40.7812,7961662
2024-04-11,D005,演示医药,40.9436,41.2986,40.6982,41.0526,3112712
2024-04-12,D005,演示医药,40.4544,41.1191,39.4069,40.0652,4849441
2024-04-15,D005,演示医药,40.0314,40.1452,39.8951,40.0089,2588688
2024-04-16,D005,演示医药,40.0911,40.309,39.9284,40.1461,5530780
2024-04-17,D005,演示医药,40.2449,40.4911,40.0652,40.3111,3044165
2024-04-18,D005,演示医药,40.3106,40.3917,40.2291,40.3103,2318167
2024-04-19,D005,演示医药,40.2643,40.3907,40.1075,40.2338,2063088
2024-04-22,D005,演示医药,40.483,40.9851,40.1502,40.6509,2658698
2024-04-23,D005,演示医药,40.1829,40.7223,39.3415,39.8769,7517779
2024-04-24,D005,演示医药,39.624,39.9535,39.1291,39.4572,2357142
2024-04-25,D005,演示医药,39.0697,39.529,38.3592,38.8156,3177561
2024-04-26,D005,演示医药,38.5544,38.8898,38.0484,38.3822,2567801
2024-04-29,D005,演示医药,38.2763,38.4583,38.0243,38.206,5852479
2024-04-30,D005,演示医药,38.3698,38.7223,38.1281,38.4798,5877735
2024-05-01,D005,演示医药,38.969,39.8845,38.3915,39.3021,4043627
2024-05-02,D005,演示医药,39.588,40.1514,39.2194,39.781,5431952
2024-05-03,D005,演示医药,40.1812,40.9431,39.6938,40.4525,2788538
2024-05-06,D005,演示医药,40.0944,40.5274,39.4286,39.8591,3261397
2024-05-07,D005,演示医药,39.9067,40.0661,39.7792,39.9385,3947018
2024-05-08,D005,演示医药,39.6015,40.013,38.9706,39.3799,4547386
2024-05-09,D005,演示医药,39.2148,39.4572,38.8639,39.1055,3642758
2024-05-10,D005,演示医药,39.1231,39.2308,39.0273,39.1349,3827989
2024-05-13,D005,演示医药,38.9697,39.2117,38.6192,38.8604,5331229
2024-05-14,D005,演示医药,38.9857,39.2741,38.7818,39.0697,5348820
2024-05-15,D005,演示医药,38.8064,39.1444,38.2963,38.6328,2326914
2024-05-16,D005,演示医药,38.7165,38.9342,38.555,38.7725,2818452
2024-05-17,D005,演示医药,38.9012,39.1952,38.694,38.9875,2856514
2024-05-20,D005,演示医药,39.2435,39.7549,38.9062,39.4161,3761298
2024-05-21,D005,演示医药,39.6526,40.1314,39.3344,39.8119,2608011
2024-05-22,D005,演示医药,39.4144,39.8842,38.6871,39.1537,5966014
2024-05-23,D005,演示医药,39.16,39.2488,39.0754,39.1642,4336335
2024-05-24,D005,演示医药,38.7772,39.2354,38.0683,38.5235,4255694
2024-05-27,D005,演示医药,38.546,38.6606,38.4464,38.561,13226698
2024-05-28,D005,演示医药,38.7961,39.271,38.481,38.9545,1786983
2024-05-29,D005,演示医药,39.2551,39.8432,38.8721,39.4582,3207750
2024-05-30,D005,演示医药,39.0274,39.5284,38.2481,38.7455,3794998
2024-05-31,D005,演示医药,38.5974,38.8217,38.2756,38.4993,5915226
2024-06-03,D005,演示医药,38.2495,38.5732,37.7624,38.0847,5080819
2024-06-04,D005,演示医药,38.1065,38.2191,38.0084,38.121,6121821
2024-06-05,D005,演示医药,37.5768,38.1833,36.6216,37.2225,2907233
2024-06-06,D005,演示医药,36.9995,37.2943,36.5587,36.8523,5302903
2024-06-07,D005,演示医药,37.1398,37.7014,36.7742,37.334,3783892
2024-06-10,D005,演示医药,37.2872,37.4084,37.135,37.2561,1947718
2024-06-11,D005,演示医药,37.676,38.4683,37.1728,37.9613,4751119
2024-06-12,D005,演示医药,38.4278,39.303,37.8748,38.7453,5286306
2024-06-13,D005,演示医药,38.4276,38.8179,37.8306,38.2187,4634065
2024-06-14,D005,演示医药,38.3034,38.522,38.1418,38.3601,6177257
2024-06-17,D005,演示医药,38.1861,38.4352,37.8227,38.071,4908340
2024-06-18,D005,演示医药,38.3806,38.9826,37.99,38.5899,3469384
2024-06-19,D005,演示医药,38.7886,39.2013,38.5106,38.9223,3427366
2024-06-20,D005,演示医药,39.0985,39.4734,38.8427,39.2169,3614074
2024-06-21,D005,演示医药,39.3795,39.7319,39.137,39.4887,4429799
2024-06-24,D005,演示医药,39.2066,39.5638,38.6652,39.0207,4200240
2024-06-25,D005,演示医药,38.8098,39.0964,38.3848,38.6704,4668555
2024-06-26,D005,演示医药,38.6142,38.7475,38.4436,38.5768,3489561
2024-06-27,D005,演示医药,38.8851,39.4856,38.4949,39.0933,3689311
2024-06-28,D005,演示医药,39.2258,39.5268,39.0141,39.3146,3071421
2024-07-01,D005,演示医药,39.3859,39.5841,39.2356,39.4336,4187762
2024-07-02,D005,演示医药,39.1892,39.5095,38.7089,39.0279,4507223
2024-07-03,D005,演示医药,38.9917,39.1058,38.8534,38.9675,7340544
2024-07-04,D005,演示医药,38.865,39.0448,38.6175,38.797,4826217
2024-07-05,D005,演示医药,38.62,38.8729,38.2508,38.5029,4549718
2024-07-08,D005,演示医药,38.3437,38.5785,38.004,38.2382,4418858
2024-07-09,D005,演示医药,37.9645,38.3109,37.4394,37.7842,4157789
2024-07-10,D005,演示医药,37.5703,37.8573,37.1432,37.4291,4952180
2024-07-11,D005,演示医药,37.7836,38.4623,37.3479,38.0238,3352556
2024-07-12,D005,演示医药,37.6064,38.0914,36.8518,37.3332,5375214
2024-07-15,D005,演示医药,37.4005,37.588,37.2582,37.4455,4634258
2024-07-16,D005,演示医药,37.619,37.9864,37.3689,37.7356,6160262
2024-07-17,D005,演示医药,37.8419,38.0959,37.6594,37.9131,5200940
2024-07-18,D005,演示医药,37.6772,37.986,37.214,37.5215,6813053
2024-07-19,D005,演示医药,37.3992,37.5957,37.1222,37.3182,2021317
2024-07-22,D005,演示医药,37.456,37.7625,37.2424,37.5484,5780408
2024-07-23,D005,演示医药,37.4169,37.6225,37.1246,37.3297,2915281
2024-07-24,D005,演示医药,37.1272,37.4021,36.7194,36.9934,5663083
2024-07-25,D005,演示医药,36.6773,37.0623,36.0868,36.4696,3254341
2024-07-26,D005,演示医药,36.5396,36.73,36.3963,36.5865,4804796
2024-07-29,D005,演示医药,36.6023,36.7019,36.5133,36.6129,4747325
2024-07-30,D005,演示医药,36.3598,36.6827,35.8716,36.193,3946033
2024-07-31,D005,演示医药,36.0443,36.2641,35.7268,35.9459,3069918
2024-08-01,D005,演示医药,36.0238,36.2264,35.8736,36.076,2769686
2024-08-02,D005,演示医药,36.3754,36.9562,35.9991,36.5778,3899493
2024-08-05,D005,演示医药,36.8535,37.3942,36.5006,37.0396,2999661
2024-08-06,D005,演示医药,36.7437,37.1091,36.1857,36.5491,4843080
2024-08-07,D005,演示医药,36.2782,36.6184,35.7614,36.0998,4149774
2024-08-08,D005,演示医药,36.2204,36.4954,36.0267,36.3013,2966608
2024-08-09,D005,演示医药,36.3178,36.4181,36.2286,36.3289,4365905
2024-08-12,D005,演示医药,36.2312,36.4009,35.9969,36.1663,4184693
2024-08-13,D005,演示医药,36.356,36.7485,36.092,36.4836,4854563
2024-08-14,D005,演示医药,36.7488,37.2715,36.4068,36.9278,3250481
2024-08-15,D005,演示医药,36.8337,37.0011,36.604,36.7711,3111033
2024-08-16,D005,演示医药,36.8787,37.133,36.6969,36.9508,3673043
2024-08-19,D005,演示医药,37.2922,37.9473,36.8709,37.5234,4431165
2024-08-20,D005,演示医药,37.9294,38.6978,37.4402,38.205,4946399
2024-08-21,D005,演示医药,37.9159,38.2772,37.3661,37.7256,6665524
2024-08-22,D005,演示医药,37.8102,38.0277,37.6496,37.8669,4278087
2024-08-23,D005,演示医药,37.8514,37.9426,37.75,37.8411,3539162
2024-08-26,D005,演示医药,37.5341,37.912,36.9564,37.3322,3264717
2024-08-27,D005,演示医药,37.1144,37.4044,36.6816,36.9705,3126486
2024-08-28,D005,演示医药,37.3531,38.0799,36.8891,37.6127,4484102
2024-08-29,D005,演示医药,37.5015,37.6871,37.2425,37.4278,3812286
2024-08-30,D005,演示医药,37.4038,37.5026,37.2891,37.3878,3559216
2024-09-02,D005,演示医药,37.6315,38.1186,37.3099,37.7957,2950590
2024-09-03,D005,演示医药,38.2578,39.125,37.7096,38.5723,5396250
2024-09-04,D005,演示医药,38.5237,38.6493,38.3659,38.4914,4304454
2024-09-05,D005,演示医药,38.7458,39.2536,38.4111,38.9174,4996934
2024-09-06,D005,演示医药,38.7471,38.9936,38.3886,38.6344,5360268
2024-09-09,D005,演示医药,38.5615,38.7113,38.3635,38.5131,2628009
2024-09-10,D005,演示医药,39.0464,40.0399,38.4226,39.4102,2211208
2024-09-11,D005,演示医药,39.3705,39.4889,39.2257,39.344,2375505
2024-09-12,D005,演示医药,39.6448,40.2339,39.2609,39.848,3442066
2024-09-13,D005,演示医药,39.5051,39.9221,38.8651,39.2797,3702879
2024-09-16,D005,演示医药,39.3027,39.4195,39.2011,39.3179,3673244
2024-09-17,D005,演示医药,39.5959,40.1456,39.2355,39.7834,4318303
2024-09-18,D005,演示医药,40.0896,40.6886,39.6993,40.2963,3144986
2024-09-19,D005,演示医药,40.4563,40.8063,40.2144,40.5637,3415254
2024-09-20,D005,演示医药,40.5589,40.6448,40.4698,40.5557,7303519
2024-09-23,D005,演示医药,39.8097,40.6127,38.5342,39.3275,4192662
2024-09-24,D005,演示医药,39.6295,40.2205,39.2443,39.8334,3217704
2024-09-25,D005,演示医药,39.705,39.9121,39.4133,39.6199,3784563
2024-09-26,D005,演示医药,39.7997,40.182,39.539,39.9205,4391086
2024-09-27,D005,演示医药,39.7606,39.9989,39.4171,39.6548,2498486
2024-09-30,D005,演示医药,39.7575,40.0092,39.5748,39.8262,3259052
2024-10-01,D005,演示医药,40.1146,40.683,39.7425,40.3091,3474896
2024-10-02,D005,演示医药,40.3841,40.5903,40.2281,40.4342,4061658
2024-10-03,D005,演示医药,40.1195,40.5104,39.5236,39.9124,3426123
2024-10-04,D005,演示医药,40.0469,40.3529,39.8316,40.1371,4879406
2024-10-07,D005,演示医药,40.3903,40.8991,40.0536,40.561,2946100
2024-10-08,D005,演示医药,40.7994,41.2836,40.477,40.9599,4272373
2024-10-09,D005,演示医药,41.1976,41.6813,40.8752,41.3576,4666785
2024-10-10,D005,演示医药,41.2585,41.4397,41.0117,41.1927,4179303
2024-10-11,D005,演示医药,41.3535,41.7067,41.1089,41.4615,2413408
2024-10-14,D005,演示医药,41.3835,41.544,41.1714,41.3317,6202285
2024-10-15,D005,演示医药,41.3849,41.5566,41.2488,41.4204,4565932
2024-10-16,D005,演示医药,41.601,41.9882,41.3359,41.7223,2848771
2024-10-17,D005,演示医药,41.2742,41.7969,40.4619,40.9808,4448856
2024-10-18,D005,演示医药,40.6279,41.0571,39.9693,40.396,6061436
2024-10-21,D005,演示医药,40.165,40.4741,39.7045,40.0125,4316434
2024-10-22,D005,演示医药,40.1586,40.4845,39.9313,40.2566,6340138
2024-10-23,D005,演示医药,40.0509,40.3349,39.6318,39.9149,5405568
2024-10-24,D005,演示医药,39.5284,39.9878,38.8184,39.2748,5176910
2024-10-25,D005,演示医药,39.0749,39.3513,38.6672,38.9427,2682479
2024-10-28,D005,演示医药,38.4287,39.0083,37.5189,38.0935,3849447
2024-10-29,D005,演示医药,37.8957,38.1676,37.4941,37.765,8359594
2024-10-30,D005,演示医药,37.6138,37.8392,37.2887,37.5136,2890175
2024-10-31,D005,演示医药,37.8207,38.4173,37.4337,38.0283,5965605
2024-11-01,D005,演示医药,38.0387,38.1322,37.9522,38.0457,5507798
2024-11-04,D005,演示医药,38.2031,38.5444,37.9682,38.3088,2991465
2024-11-05,D005,演示医药,38.4143,38.6681,38.2315,38.4849,9227418
2024-11-06,D005,演示医药,38.3136,38.5603,37.9543,38.2003,3609061
2024-11-07,D005,演示医药,38.1122,38.2761,37.8901,38.0538,4205696
2024-11-08,D005,演示医药,38.0794,38.1985,37.9776,38.0966,5039931
2024-11-11,D005,演示医药,37.4501,38.1534,36.3358,37.0312,3291562
2024-11-12,D005,演示医药,37.1851,37.5185,36.9558,37.2885,3870395
2024-11-13,D005,演示医药,37.1133,37.3613,36.7502,36.9975,4382121
2024-11-14,D005,演示医药,36.7606,37.0685,36.2977,36.6043,5252236
2024-11-15,D005,演示医药,36.6219,36.7246,36.531,36.6337,3147001
2024-11-18,D005,演示医药,36.8694,37.3415,36.5574,37.0282,6120608
2024-11-19,D005,演示医药,37.0372,37.1262,36.9541,37.0431,2968060
2024-11-20,D005,演示医药,37.0222,37.1172,36.9133,37.0082,2217422
2024-11-21,D005,演示医药,36.9679,37.0821,36.8269,36.941,2783881
2024-11-22,D005,演示医药,36.5861,37.0085,35.9336,36.3533,2714110
2024-11-25,D005,演示医药,36.5022,36.8256,36.2793,36.6021,4027166
2024-11-26,D005,演示医药,36.6302,36.7504,36.5288,36.649,3910573
2024-11-27,D005,演示医药,35.9804,36.7008,34.8363,35.5481,5428004
2024-11-28,D005,演示医药,35.5584,35.6467,35.4769,35.5652,4633299
2024-11-29,D005,演示医药,35.3976,35.6347,35.0504,35.2867,2729480
2024-12-02,D005,演示医药,35.089,35.3551,34.6934,34.9584,4077648
2024-12-03,D005,演示医药,35.0768,35.3458,34.8876,35.1562,3936097
2024-12-04,D005,演示医药,35.5256,36.2263,35.0786,35.7762,5258902
2024-12-05,D005,演示医药,36.0995,36.721,35.6991,36.3182,7143757
2024-12-06,D005,演示医药,36.114,36.3886,35.7055,35.9791,3425461
2024-12-09,D005,演示医药,35.6057,36.0439,34.9258,35.361,3529836
2024-12-10,D005,演示医药,35.6062,36.0924,35.2869,35.7716,2283233
2024-12-11,D005,演示医药,35.9865,36.4213,35.6975,36.1312,5029278
2024-12-12,D005,演示医药,35.978,36.202,35.6532,35.8766,2500560
2024-12-13,D005,演示医药,35.8405,35.9482,35.7088,35.8164,2919609
2024-12-16,D005,演示医药,35.2648,35.873,34.3043,34.9063,2902642
2024-12-17,D005,演示医药,34.7972,34.9754,34.547,34.7248,5799792
2024-12-18,D005,演示医药,34.2902,34.7844,33.5163,34.0064,4336942
2024-12-19,D005,演示医药,33.8541,34.073,33.5351,33.7533,3115312
2024-12-20,D005,演示医药,33.9755,34.419,33.6829,34.1252,4942772
2024-12-23,D005,演示医药,34.0526,34.193,33.8641,34.0043,6520287
2024-12-24,D005,演示医药,33.8894,34.0715,33.6315,33.8132,4746915
2024-12-25,D005,演示医药,34.1305,34.7385,33.7399,34.3454,4362720
2024-12-26,D005,演示医药,34.7567,35.5295,34.2676,35.0365,4241769
2024-12-27,D005,演示医药,34.9668,35.1062,34.7814,34.9206,4893829
2024-12-30,D005,演示医药,34.8783,34.9903,34.7384,34.8502,1639864
2024-12-31,D005,演示医药,34.9643,35.2257,34.7797,35.0407,3210965
2025-01-01,D005,演示医药,34.9434,35.1102,34.7124,34.8788,2162866
2025-01-02,D005,演示医药,34.7336,34.9473,34.4244,34.6375,3722634
2025-01-03,D005,演示医药,35.0315,35.7744,34.5599,35.2992,2754747
2025-01-06,D005,演示医药,34.9155,35.3621,34.2209,34.6643,4342895
2025-01-07,D005,演示医药,34.4493,34.731,34.027,34.3075,8724629
2025-01-08,D005,演示医药,34.6454,35.29,34.2326,34.8744,6503412
2025-01-09,D005,演示医药,34.3677,34.931,33.4802,34.0381,5114337
2025-01-10,D005,演示医药,34.1378,34.3733,33.9693,34.2045,2073462
2025-01-13,D005,演示医药,34.6391,35.4525,34.126,34.935,5618067
2025-01-14,D005,演示医药,34.9535,35.0544,34.865,34.9659,3542878
2025-01-15,D005,演示医药,35.3382,36.0437,34.8886,35.5909,2845702
2025-01-16,D005,演示医药,35.4807,35.6613,35.2274,35.4076,6066754
2025-01-17,D005,演示医药,35.3436,35.4781,35.1668,35.3011,3281276
2025-01-20,D005,演示医药,35.4771,35.8446,35.2287,35.5954,2305302
2025-01-21,D005,演示医药,35.7646,36.1212,35.5225,35.8783,2943747
2025-01-22,D005,演示医药,36.163,36.7182,35.8022,36.3554,5430673
2025-01-23,D005,演示医药,36.1294,36.4253,35.6857,35.9803,6361803
2025-01-24,D005,演示医药,36.1568,36.5265,35.9066,36.2754,9115196
2025-01-27,D005,演示医药,36.3865,36.6457,36.2021,36.4609,4028992
2025-01-28,D005,演示医药,36.4502,36.5338,36.3593,36.443,3078508
2025-01-29,D005,演示医药,36.5325,36.7556,36.3696,36.5924,2793064
2025-01-30,D005,演示医药,36.7195,37.0065,36.5182,36.8047,2629012
2025-01-31,D005,演示医药,36.7489,36.8781,36.5828,36.7118,4098534
2025-02-03,D005,演示医药,36.8649,37.1962,36.637,36.9677,4110475
2025-02-04,D005,演示医药,37.0904,37.3708,36.8928,37.1727,4306179
2025-02-05,D005,演示医药,37.5259,38.2016,37.0921,37.765,4570803
2025-02-06,D005,演示医药,37.7996,37.933,37.6894,37.8227,2121979
2025-02-07,D005,演示医药,37.641,37.8965,37.2661,37.5208,3897779
2025-02-10,D005,演示医药,37.3648,37.5945,37.0325,37.2615,3473701
2025-02-11,D005,演示医药,37.539,38.0841,37.183,37.7263,6025009
2025-02-12,D005,演示医药,37.7795,37.9442,37.6506,37.8151,3705830
2025-02-13,D005,演示医药,38.2102,38.9601,37.7318,38.4783,6729050
2025-02-14,D005,演示医药,37.8677,38.538,36.8081,37.4714,4274308
2025-02-17,D005,演示医药,37.3871,37.5458,37.1726,37.3311,3445722
2025-02-18,D005,演示医药,37.3327,37.41,37.2564,37.3338,3932363
2025-02-19,D005,演示医药,37.2273,37.4077,36.9767,37.1567,3453722
2025-02-20,D005,演示医药,36.9398,37.2285,36.5091,36.7966,4022173
2025-02-21,D005,演示医药,36.7285,36.8699,36.5419,36.6831,2661639
2025-02-24,D005,演示医药,36.7304,36.8828,36.6096,36.7619,2029930
2025-02-25,D005,演示医药,36.9384,37.3096,36.6866,37.057,3932973
2025-02-26,D005,演示医药,36.9812,37.1307,36.7815,36.9309,3540174
2025-02-27,D005,演示医药,36.5673,36.9981,35.9011,36.329,6143453
2025-02-28,D005,演示医药,36.3704,36.5123,36.2561,36.398,7038598
2025-03-03,D005,演示医药,36.4953,36.7315,36.3246,36.5604,2877671
2025-03-04,D005,演示医药,36.5192,36.6334,36.3776,36.4917,2108418
2025-03-05,D005,演示医药,36.3657,36.5637,36.0846,36.2822,4210294
2025-03-06,D005,演示医药,35.9966,36.3504,35.4566,35.8086,3456278
2025-03-07,D005,演示医药,35.6592,35.8789,35.341,35.5602,1929638
2025-03-10,D005,演示医药,35.2771,35.627,34.7428,35.0909,4352901
2025-03-11,D005,演示医药,35.141,35.295,35.0205,35.1744,7975565
2025-03-12,D005,演示医药,34.8628,35.2396,34.2835,34.6581,5710894
2025-03-13,D005,演示医药,34.8511,35.2465,34.5866,34.981,3990275
2025-03-14,D005,演示医药,35.1087,35.3937,34.91,35.1945,4635030
2025-03-17,D005,演示医药,35.5688,36.2782,35.1166,35.8228,4742811
2025-03-18,D005,演示医药,36.0687,36.557,35.7478,36.2346,7597183
2025-03-19,D005,演示医药,36.1135,36.3061,35.841,36.0332,6131185
2025-03-20,D005,演示医药,36.3331,36.9147,35.9564,36.5359,3988662
2025-03-21,D005,演示医药,36.6807,36.9975,36.4615,36.7778,11228950
2025-03-24,D005,演示医药,36.9142,37.2173,36.7032,37.0057,3674297
2025-03-25,D005,演示医药,37.162,37.4992,36.9303,37.2669,3260896
2025-03-26,D005,演示医药,37.0086,37.3379,36.5106,36.8384,2566720
2025-03-27,D005,演示医药,36.2961,36.8978,35.3474,35.9433,3577673
2025-03-28,D005,演示医药,35.937,36.0151,35.8547,35.9328,4984773
2025-03-31,D005,演示医药,36.5452,37.6763,35.8421,36.9652,6936119
2025-04-01,D005,演示医药,36.3831,37.0228,35.3721,36.0052,4557898
2025-04-02,D005,演示医药,36.3668,37.0555,35.9264,36.612,7967992
2025-04-03,D005,演示医药,36.3708,36.6821,35.9018,36.2117,2312673
2025-04-04,D005,演示医药,35.9718,36.2811,35.5058,35.8137,5088478
2025-04-07,D005,演示医药,35.761,35.8851,35.6021,35.726,5121469
2025-04-08,D005,演示医药,35.8082,36.0175,35.6541,35.8632,5815743
2025-04-09,D005,演示医药,35.3627,35.9224,34.4822,35.0367,3834108
2025-04-10,D005,演示医药,34.6896,35.1004,34.054,34.4621,3956207
2025-04-11,D005,演示医药,34.392,34.5306,34.207,34.3454,2878109
2025-04-14,D005,演示医药,34.5488,34.9611,34.2743,34.6856,2886458
2025-04-15,D005,演示医药,34.1313,34.7393,33.17,33.7715,2803770
2025-04-16,D005,演示医药,33.4986,33.8349,32.9847,33.3191,3560698
2025-04-17,D005,演示医药,32.9918,33.3798,32.3917,32.7771,5670705
2025-04-18,D005,演示医药,32.7741,32.8427,32.7035,32.7721,3288870
2025-04-21,D005,演示医药,32.8012,32.9156,32.7064,32.8207,4714641
2025-04-22,D005,演示医药,32.9721,33.293,32.7536,33.0738,4182300
2025-04-23,D005,演示医药,33.3782,33.9624,33.0024,33.5843,2786571
2025-04-24,D005,演示医药,33.5874,33.6598,33.5171,33.5895,2299141
2025-04-25,D005,演示医药,33.6452,33.8058,33.5221,33.6825,3907468
2025-04-28,D005,演示医药,33.7653,33.9716,33.6146,33.8207,6344156
2025-04-29,D005,演示医药,34.0861,34.6041,33.749,34.2653,3313557
2025-04-30,D005,演示医药,34.3027,34.4338,34.1966,34.3277,3491380
2025-05-01,D005,演示医药,34.2823,34.3962,34.1383,34.2521,6176829
2025-05-02,D005,演示医药,34.1079,34.3193,33.8016,34.0124,4009519
2025-05-05,D005,演示医药,34.0856,34.2764,33.944,34.1346,2492983
2025-05-06,D005,演示医药,33.7326,34.1942,33.0118,33.4698,3349014
2025-05-07,D005,演示医药,33.7314,34.2423,33.3989,33.9081,4359856
2025-05-08,D005,演示医药,33.9505,34.0894,33.8401,33.9789,4254466
2025-05-09,D005,演示医药,34.1841,34.5992,33.9084,34.3224,5671679
2025-05-12,D005,演示医药,33.7779,34.3757,32.833,33.4245,2948711
2025-05-13,D005,演示医药,33.4956,33.6818,33.3572,33.5432,3620130
2025-05-14,D005,演示医药,33.8335,34.3942,33.4713,34.0299,2000140
2025-05-15,D005,演示医药,33.7849,34.0945,33.3154,33.6235,3376041
2025-05-16,D005,演示医药,33.4989,33.6898,33.2259,33.4163,5671782
2025-05-19,D005,演示医药,33.8283,34.6008,33.3401,34.1086,2240395
2025-05-20,D005,演示医药,34.2043,34.4332,34.0398,34.2684,2785294
2025-05-21,D005,演示医药,34.1394,34.3358,33.8579,34.0539,6546123
2025-05-22,D005,演示医药,34.4437,35.1783,33.9775,34.7085,4206524
2025-05-23,D005,演示医药,34.7967,35.0143,34.6386,34.8558,2011144
2025-05-26,D005,演示医药,35.0813,35.5327,34.7832,35.2333,3899528
2025-05-27,D005,演示医药,35.5545,36.1715,35.1573,35.7719,2381887
2025-05-28,D005,演示医药,35.4696,35.8386,34.9039,35.2709,5272497
2025-05-29,D005,演示医药,35.3709,35.6095,35.1997,35.4379,4375117
2025-05-30,D005,演示医药,35.189,35.5054,34.7101,35.025,4397565
2025-06-02,D005,演示医药,35.2186,35.6156,34.9528,35.3488,2687295
2025-06-03,D005,演示医药,35.2145,35.4184,34.9221,35.1255,4914478
2025-06-04,D005,演示医药,35.1332,35.2163,35.0552,35.1383,3137075
2025-06-05,D005,演示医药,34.8199,35.2032,34.2297,34.6107,3502906
2025-06-06,D005,演示医药,34.6972,34.9115,34.541,34.7551,2690157
2025-06-09,D005,演示医药,34.463,34.8199,33.9161,34.2711,2507595
2025-06-10,D005,演示医药,34.7068,35.5225,34.1923,35.0036,6116714
2025-06-11,D005,演示医药,34.662,35.0674,34.0352,34.438,2983659
2025-06-12,D005,演示医药,34.4572,34.5582,34.369,34.47,5180760
2025-06-13,D005,演示医药,34.1081,34.532,33.45,33.871,2896670
2025-06-16,D005,演示医药,33.7892,33.9382,33.5863,33.735,4395509
2025-06-17,D005,演示医药,33.6686,33.8021,33.4911,33.6244,1853495
2025-06-18,D005,演示医药,34.3872,35.7892,33.5264,34.9152,4636514
2025-06-19,D005,演示医药,35.2436,35.8726,34.8395,35.466,4812210
2025-06-20,D005,演示医药,35.6794,36.1112,35.3925,35.8231,3308152
2025-06-23,D005,演示医药,36.3103,37.2186,35.7394,36.6425,5329903
2025-06-24,D005,演示医药,36.6498,36.7353,36.5692,36.6547,4063033
2025-06-25,D005,演示医药,36.2154,36.7184,35.4295,35.9284,3516893
2025-06-26,D005,演示医药,35.5831,35.9941,34.9482,35.3566,4637435
2025-06-27,D005,演示医药,34.891,35.4162,34.0668,34.5874,3568378
2025-06-30,D005,演示医药,33.9434,34.6356,32.8436,33.5273,4048412
2025-07-01,D005,演示医药,33.7654,34.2361,33.4569,33.9261,1709103
2025-07-02,D005,演示医药,33.9536,34.0675,33.8581,33.972,6525786
2025-07-03,D005,演示医药,33.8927,34.0395,33.6935,33.84,5490522
2025-07-04,D005,演示医药,33.7028,33.9065,33.4088,33.612,2706270
2025-07-07,D005,演示医药,33.6904,33.8893,33.5443,33.7429,4773694
2025-07-08,D005,演示医药,33.716,33.8103,33.6038,33.6981,2886385
2025-07-09,D005,演示医药,33.6158,33.765,33.4123,33.5612,5959291
2025-07-10,D005,演示医药,33.582,33.6838,33.494,33.5958,2880991
2025-07-11,D005,演示医药,33.5715,33.663,33.4639,33.5553,3623951
2025-07-14,D005,演示医药,33.5672,33.6541,33.4882,33.5751,2652778
2025-07-15,D005,演示医药,33.1873,33.634,32.4903,32.9337,2889819
2025-07-16,D005,演示医药,32.7718,32.9979,32.4394,32.6647,3247873
2025-07-17,D005,演示医药,32.8522,33.2344,32.5972,32.9784,3001116
2025-07-18,D005,演示医药,33.1307,33.4533,32.911,33.2329,4985473
2025-07-21,D005,演示医药,32.9012,33.2933,32.2941,32.6836,5119172
2025-07-22,D005,演示医药,32.5692,32.7481,32.315,32.4934,6062827
2025-07-23,D005,演示医药,32.7118,33.1467,32.4255,32.8591,4877564
2025-07-24,D005,演示医药,32.9951,33.29,32.7922,33.0865,2975420
2025-07-25,D005,演示医药,32.8392,33.1491,32.368,32.6763,4686015
2025-07-28,D005,演示医药,32.4515,32.7387,32.0173,32.3032,3794345
2025-07-29,D005,演示医药,32.4441,32.7462,32.2373,32.5388,4135787
2025-07-30,D005,演示医药,32.4593,32.6034,32.2627,32.4066,7141030
2025-07-31,D005,演示医药,32.2095,32.469,31.8209,32.0794,4247765
2025-08-01,D005,演示医药,32.007,32.1431,31.8231,31.959,4644574
2025-08-04,D005,演示医药,32.1241,32.4666,31.8933,32.235,2619272
2025-08-05,D005,演示医药,32.1997,32.2994,32.0764,32.1761,4081853
2025-08-06,D005,演示医药,32.252,32.4437,32.1113,32.3028,4991913
2025-08-07,D005,演示医药,32.5835,33.1254,32.2335,32.7734,2480218
2025-08-08,D005,演示医药,33.1023,33.7285,32.7016,33.3252,5666383
2025-08-11,D005,演示医药,33.1454,33.3899,32.7829,33.0266,5171317
2025-08-12,D005,演示医药,32.9667,33.0923,32.8015,32.927,3488593
2025-08-13,D005,演示医药,32.8926,32.9927,32.7698,32.8698,4046775
2025-08-14,D005,演示医药,33.1273,33.6301,32.8002,33.3013,7646436
2025-08-15,D005,演示医药,32.9558,33.3612,32.3268,32.7295,8369881
2025-08-18,D005,演示医药,32.6531,32.7945,32.4612,32.6024,3702083
2025-08-19,D005,演示医药,32.5602,32.6674,32.425,32.5321,4413865
2025-08-20,D005,演示医药,32.4037,32.5961,32.1268,32.3187,3423027
2025-08-21,D005,演示医药,32.2571,32.383,32.0904,32.2161,3167662
2025-08-22,D005,演示医药,32.1872,32.2805,32.0748,32.168,2639524
2025-08-25,D005,演示医药,31.8969,32.228,31.3894,31.7187,5346769
2025-08-26,D005,演示医药,31.4224,31.7769,30.8757,31.228,4475660
2025-08-27,D005,演示医药,31.2506,31.3508,31.1654,31.2656,4122855
2025-08-28,D005,演示医药,31.2522,31.3281,31.1674,31.2433,2543996
2025-08-29,D005,演示医药,31.3293,31.5361,31.1802,31.3868,9595627
2025-09-01,D005,演示医药,31.5423,31.8673,31.3225,31.6468,2751799
2025-09-02,D005,演示医药,31.8012,32.1251,31.5819,31.905,5451977
2025-09-03,D005,演示医药,31.991,32.1993,31.8407,32.0486,3468847
2025-09-04,D005,演示医药,31.8282,32.1098,31.4027,31.683,2523507
2025-09-05,D005,演示医药,31.568,31.7454,31.3149,31.4918,4335272
2025-09-08,D005,演示医药,31.2631,31.5516,30.8254,31.1125,2679300
2025-09-09,D005,演示医药,31.1643,31.3133,31.05,31.1989,3900523
2025-09-10,D005,演示医药,31.3352,31.6272,31.1352,31.4267,5032726
2025-09-11,D005,演示医药,31.7609,32.3942,31.3572,31.9877,2216690
2025-09-12,D005,演示医药,31.8862,32.0509,31.6545,31.8189,3179483
2025-09-15,D005,演示医药,32.033,32.4591,31.7524,32.1773,4101599
2025-09-16,D005,演示医药,32.3533,32.7148,32.111,32.4716,4458558
2025-09-17,D005,演示医药,32.3238,32.5352,32.0154,32.226,3708775
2025-09-18,D005,演示医药,32.1815,32.2903,32.0431,32.1518,3127307
2025-09-19,D005,演示医药,32.2101,32.3721,32.0872,32.2491,5178379
2025-09-22,D005,演示医药,32.3631,32.6193,32.1837,32.4395,2170328
2025-09-23,D005,演示医药,32.3678,32.504,32.1843,32.3202,4530260
2025-09-24,D005,演示医药,31.9409,32.3768,31.2603,31.6928,4806739
2025-09-25,D005,演示医药,31.3625,31.7499,30.7614,31.1461,2038655
2025-09-26,D005,演示医药,30.9139,31.205,30.4713,30.761,3592416
2025-09-29,D005,演示医药,30.6969,30.8222,30.5291,30.6542,5960750
2025-09-30,D005,演示医药,30.8083,31.1296,30.5913,30.9119,1379200
2025-10-01,D005,演示医药,30.8403,30.9733,30.6599,30.7927,3785598
2025-10-02,D005,演示医药,30.2792,30.8392,29.3925,29.9463,3815729
2025-10-03,D005,演示医药,29.8173,30.005,29.5447,29.7319,5402739
2025-10-06,D005,演示医药,29.7796,29.919,29.6722,29.8115,3616845
2025-10-07,D005,演示医药,29.8415,29.9514,29.7518,29.8616,3292998
2025-10-08,D005,演示医药,29.7753,29.9207,29.5728,29.718,4210713
2025-10-09,D005,演示医药,29.7861,29.9599,29.6581,29.8317,5475311
2025-10-10,D005,演示医药,29.8748,30.0067,29.7718,29.9037,4661931
2025-10-13,D005,演示医药,30.1705,30.6841,29.8393,30.351,4259259
2025-10-14,D005,演示医药,30.3963,30.5331,30.2901,30.4267,2598262
2025-10-15,D005,演示医药,30.143,30.4826,29.6194,29.9568,4573765
2025-10-16,D005,演示医药,30.0299,30.2124,29.8965,30.0788,4858510
2025-10-17,D005,演示医药,30.2833,30.6898,30.0159,30.4212,7205475
2025-10-20,D005,演示医药,30.8111,31.5405,30.3511,31.0766,7077834
2025-10-21,D005,演示医药,31.0033,31.1383,30.8197,30.9545,3809087
2025-10-22,D005,演示医药,31.0757,31.3417,30.8916,31.1571,4352135
2025-10-23,D005,演示医药,30.8021,31.212,30.1631,30.5699,5141443
2025-10-24,D005,演示医药,30.3971,30.6291,30.0518,30.283,3969251
2025-10-27,D005,演示医药,30.498,30.923,30.2194,30.6431,2827971
2025-10-28,D005,演示医药,30.8317,31.2121,30.5795,30.9588,5600356
2025-10-29,D005,演示医药,30.8901,31.0203,30.7145,30.8445,7850370
2025-10-30,D005,演示医药,30.8059,30.906,30.6802,30.7803,4907047
2025-10-31,D005,演示医药,31.0676,31.6184,30.7136,31.2622,2734815
2025-11-03,D005,演示医药,31.2028,31.3244,31.0418,31.1633,2514527
2025-11-04,D005,演示医药,31.4913,32.1135,31.0945,31.7139,4671276
2025-11-05,D005,演示医药,31.5292,31.7752,31.1624,31.4073,3560059
2025-11-06,D005,演示医药,31.1593,31.4664,30.6905,30.996,4216331
2025-11-07,D005,演示医药,30.5079,31.0444,29.66,30.1909,5875365
2025-11-10,D005,演示医药,30.1784,30.2512,30.0973,30.1701,4886965
2025-11-11,D005,演示医药,30.4794,31.0672,30.1038,30.6891,3666427
2025-11-12,D005,演示医药,30.7935,31.0305,30.6269,30.8635,6312373
2025-11-13,D005,演示医药,30.9507,31.1589,30.8012,31.0091,3473227
2025-11-14,D005,演示医药,30.9027,31.0703,30.6648,30.8321,5443196
2025-11-17,D005,演示医药,30.9681,31.259,30.7691,31.0594,3997247
2025-11-18,D005,演示医药,30.8271,31.1182,30.3845,30.6741,5775029
2025-11-19,D005,演示医药,30.8068,31.0916,30.6116,30.8958,2882339
2025-11-20,D005,演示医药,30.687,30.9549,30.2828,30.5494,4597088
2025-11-21,D005,演示医药,30.6273,30.8193,30.4878,30.6795,3347198
2025-11-24,D005,演示医药,30.4703,30.7381,30.0659,30.3324,5726421
2025-11-25,D005,演示医药,30.4356,30.6697,30.271,30.5047,2222010
2025-11-26,D005,演示医药,30.6414,30.9328,30.4424,30.7332,2967006
2025-11-27,D005,演示医药,30.5761,30.793,30.2561,30.4723,4012951
2025-11-28,D005,演示医药,30.8534,31.5674,30.4026,31.1128,4363234
2025-12-01,D005,演示医药,30.5501,31.1571,29.5863,30.1861,5183299
2025-12-02,D005,演示医药,29.8925,30.2412,29.3535,29.6999,3434300
2025-12-03,D005,演示医药,29.7309,29.8422,29.6404,29.7516,5929520
2025-12-04,D005,演示医药,29.8881,30.1776,29.6908,29.9797,4816825
2025-12-05,D005,演示医药,29.8649,30.0387,29.6154,29.7888,4016251
2024-01-02,D006,演示制造,22.0,22.2537,21.7463,22.0,4586920
2024-01-03,D006,演示制造,22.2575,22.7421,21.9504,22.4326,5626757
2024-01-04,D006,演示制造,22.4134,22.4774,22.3367,22.4006,3411850
2024-01-05,D006,演示制造,22.365,22.4453,22.261,22.3412,6607281
2024-01-08,D006,演示制造,22.4246,22.6096,22.2959,22.4805,8109123
2024-01-09,D006,演示制造,22.4872,22.5433,22.4356,22.4917,3060400
2024-01-10,D006,演示制造,22.2659,22.5324,21.8532,22.118,2873250
2024-01-11,D006,演示制造,22.2939,22.6369,22.071,22.4128,5107515
2024-01-12,D006,演示制造,22.2867,22.4562,22.0345,22.2034,5097757
2024-01-15,D006,演示制造,22.3909,22.754,22.1559,22.5177,4724365
2024-01-16,D006,演示制造,22.4483,22.5623,22.2885,22.4022,8639952
2024-01-17,D006,演示制造,22.4464,22.5653,22.3572,22.4759,7452341
2024-01-18,D006,演示制造,22.7912,23.3781,22.4229,23.0063,2767892
2024-01-19,D006,演示制造,22.9211,23.0516,22.7345,22.8647,6732732
2024-01-22,D006,演示制造,22.8001,22.91,22.6475,22.7572,2414755
2024-01-23,D006,演示制造,23.0085,23.4834,22.7066,23.1792,3318924
2024-01-24,D006,演示制造,23.4016,23.8269,23.1288,23.5523,3012307
2024-01-25,D006,演示制造,23.3365,23.5957,22.9372,23.1949,6128822
2024-01-26,D006,演示制造,22.8346,23.2313,22.2079,22.6005,3156602
2024-01-29,D006,演示制造,22.7467,23.0392,22.5534,22.8452,4111323
2024-01-30,D006,演示制造,23.2077,23.879,22.789,23.4558,3874035
2024-01-31,D006,演示制造,23.4794,23.5659,23.4088,23.4952,6464227
2024-02-01,D006,演示制造,23.4368,23.5418,23.2931,23.398,5517511
2024-02-02,D006,演示制造,23.7481,24.3979,23.3417,23.9874,4085546
2024-02-05,D006,演示制造,23.812,24.0329,23.4767,23.6965,4409956
2024-02-06,D006,演示制造,24.035,24.6645,23.6403,24.266,6254717
2024-02-07,D006,演示制造,24.3175,24.4524,24.2172,24.3519,2337161
2024-02-08,D006,演示制造,24.2462,24.3997,24.0232,24.1762,1585633
2024-02-09,D006,演示制造,24.1144,24.2242,23.9638,24.0734,2482289
2024-02-12,D006,演示制造,24.1031,24.2011,24.0251,24.123,4940367
2024-02-13,D006,演示制造,23.9729,24.1694,23.6782,23.8739,2855111
2024-02-14,D006,演示制造,23.7824,23.9209,23.5836,23.7218,6291254
2024-02-15,D006,演示制造,23.4767,23.7645,23.0303,23.3161,3355816
2024-02-16,D006,演示制造,23.1735,23.361,22.8926,23.0794,3214003
2024-02-19,D006,演示制造,23.1185,23.2302,23.033,23.1447,8800007
2024-02-20,D006,演示制造,23.2203,23.3937,23.0978,23.271,3967599
2024-02-21,D006,演示制造,23.3407,23.5045,23.2239,23.3874,2671459
2024-02-22,D006,演示制造,23.61,24.0358,23.3367,23.7607,3566631
2024-02-23,D006,演示制造,23.7767,23.8509,23.7132,23.7873,5331370
2024-02-26,D006,演示制造,23.8396,23.9748,23.7395,23.8745,5264993
2024-02-27,D006,演示制造,23.8745,23.9223,23.8268,23.8745,3654856
2024-02-28,D006,演示制造,23.8751,23.9238,23.8268,23.8755,3952322
2024-02-29,D006,演示制造,23.921,24.045,23.8275,23.9514,3288711
2024-03-01,D006,演示制造,23.8697,23.9987,23.6868,23.8155,6672974
2024-03-04,D006,演示制造,23.9983,24.3562,23.7651,24.1218,8772063
2024-03-05,D006,演示制造,24.3682,24.8368,24.0688,24.5353,4672636
2024-03-06,D006,演示制造,24.3405,24.5815,23.9727,24.2124,3985692
2024-03-07,D006,演示制造,24.3258,24.5654,24.1628,24.402,4805529
2024-03-08,D006,演示制造,24.3692,24.4506,24.2661,24.3475,2387500
2024-03-11,D006,演示制造,24.0747,24.3906,23.5828,23.8963,4394236
2024-03-12,D006,演示制造,23.6832,23.9405,23.2874,23.5432,4670157
2024-03-13,D006,演示制造,23.6323,23.8294,23.4954,23.6921,4516314
2024-03-14,D006,演示制造,23.6464,23.7392,23.5234,23.6161,3164481
2024-03-15,D006,演示制造,23.8221,24.2195,23.5654,23.9614,5115626
2024-03-18,D006,演示制造,24.1958,24.6433,23.9091,24.3547,6019011
2024-03-19,D006,演示制造,24.5477,24.924,24.303,24.6781,6913926
2024-03-20,D006,演示制造,24.7164,24.8299,24.6285,24.742,3429060
2024-03-21,D006,演示制造,24.8827,25.17,24.6909,24.9775,4828858
2024-03-22,D006,演示制造,24.8827,25.0266,24.6764,24.82,4136988
2024-03-25,D006,演示制造,25.0072,25.3745,24.7676,25.1336,3176288
2024-03-26,D006,演示制造,25.3232,25.6949,25.0806,25.4511,5666541
2024-03-27,D006,演示制造,25.3332,25.5009,25.088,25.2552,4969376
2024-03-28,D006,演示制造,25.412,25.7279,25.2027,25.5177,3705683
2024-03-29,D006,演示制造,25.7071,26.0794,25.4639,25.835,3028095
2024-04-01,D006,演示制造,25.5528,25.881,25.0421,25.368,2686259
2024-04-02,D006,演示制造,25.2476,25.4176,24.9985,25.1679,4687730
2024-04-03,D006,演示制造,25.4617,26.0145,25.1112,25.6613,4447643
2024-04-04,D006,演示制造,25.8511,26.2242,25.6073,25.9792,5583691
2024-04-05,D006,演示制造,25.9998,26.0863,25.9271,26.0136,2675617
2024-04-08,D006,演示制造,26.1832,26.5222,25.9594,26.2975,4730458
2024-04-09,D006,演示制造,26.3556,26.5057,26.2445,26.3945,3450621
2024-04-10,D006,演示制造,26.5448,26.8517,26.3399,26.646,3175746
2024-04-11,D006,演示制造,26.7278,26.9185,26.5921,26.7826,3315841
2024-04-12,D006,演示制造,26.6639,26.835,26.4148,26.5854,3398736
2024-04-15,D006,演示制造,26.6263,26.748,26.532,26.6536,10101005
2024-04-16,D006,演示制造,26.2815,26.6976,25.6267,26.0391,4083928
2024-04-17,D006,演示制造,26.0335,26.0911,25.9723,26.0298,3935025
2024-04-18,D006,演示制造,25.8694,26.0799,25.5539,25.7636,4083904
2024-04-19,D006,演示制造,25.553,25.8118,25.1572,25.4146,2562791
2024-04-22,D006,演示制造,25.4558,25.5757,25.3635,25.4834,2789998
2024-04-23,D006,演示制造,25.6579,26.0045,25.43,25.7756,4489399
2024-04-24,D006,演示制造,25.6884,25.8265,25.4929,25.6306,2172422
2024-04-25,D006,演示制造,25.7219,25.9268,25.5786,25.7831,3464179
2024-04-26,D006,演示制造,25.6603,25.8335,25.4064,25.579,5366393
2024-04-29,D006,演示制造,25.676,25.8904,25.5271,25.7411,7523808
2024-04-30,D006,演示制造,25.6117,25.7913,25.3471,25.5261,2683085
2024-05-01,D006,演示制造,25.7985,26.3145,25.4696,25.9833,3521862
2024-05-02,D006,演示制造,26.1913,26.5965,25.9281,26.3319,5640635
2024-05-03,D006,演示制造,26.6648,27.2882,26.2715,26.8915,4051053
2024-05-06,D006,演示制造,26.8459,26.9451,26.7165,26.8156,3463818
2024-05-07,D006,演示制造,26.7849,26.8691,26.6804,26.7645,4108649
2024-05-08,D006,演示制造,26.3935,26.8088,25.7404,26.1519,2155358
2024-05-09,D006,演示制造,26.0494,26.2033,25.8281,25.9816,3625488
2024-05-10,D006,演示制造,26.1276,26.4263,25.9279,26.2259,1598153
2024-05-13,D006,演示制造,26.0727,26.2765,25.7685,25.9716,3484383
2024-05-14,D006,演示制造,26.168,26.5531,25.9168,26.3006,5334288
2024-05-15,D006,演示制造,26.2608,26.353,26.1422,26.2343,3333799
2024-05-16,D006,演示制造,26.1222,26.2858,25.8848,26.048,4083159
2024-05-17,D006,演示制造,26.0865,26.2033,25.9957,26.1123,4371076
2024-05-20,D006,演示制造,25.9186,26.1618,25.5492,25.7911,1469450
2024-05-21,D006,演示制造,25.7984,25.8621,25.7395,25.8032,2614195
2024-05-22,D006,演示制造,25.5585,25.8505,25.1078,25.3979,4368248
2024-05-23,D006,演示制造,25.5124,25.7562,25.346,25.5893,3409132
2024-05-24,D006,演示制造,25.4031,25.6379,25.0469,25.2805,1783948
2024-05-27,D006,演示制造,25.0387,25.3267,24.5938,24.88,5127599
2024-05-28,D006,演示制造,24.9195,25.0354,24.8301,24.9459,3422861
2024-05-29,D006,演示制造,25.0925,25.3903,24.8943,25.1912,5432308
2024-05-30,D006,演示制造,24.7873,25.2301,24.0871,24.5252,6424145
2024-05-31,D006,演示制造,24.6041,24.7858,24.4756,24.657,4339592
2024-06-03,D006,演示制造,24.7399,24.9286,24.6071,24.7955,3995116
2024-06-04,D006,演示制造,25.0421,25.5121,24.7413,25.2092,2605196
2024-06-05,D006,演示制造,25.0088,25.2566,24.6305,24.877,3237795
2024-06-06,D006,演示制造,24.8202,24.9264,24.6764,24.7825,6414574
2024-06-07,D006,演示制造,24.9112,25.1781,24.7315,24.9978,6183555
2024-06-10,D006,演示制造,25.1703,25.5124,24.9454,25.2866,3422163
2024-06-11,D006,演示制造,25.2715,25.3371,25.1958,25.2614,2926909
2024-06-12,D006,演示制造,25.1263,25.3104,24.8537,25.0371,3137302
2024-06-13,D006,演示制造,24.7899,25.0826,24.337,24.6278,5816456
2024-06-14,D006,演示制造,24.459,24.6748,24.1328,24.3477,7364486
2024-06-17,D006,演示制造,24.2193,24.395,23.9593,24.1344,4429610
2024-06-18,D006,演示制造,24.4192,24.9548,24.0799,24.6129,5538098
2024-06-19,D006,演示制造,24.7026,24.9029,24.5629,24.7628,2380629
2024-06-20,D006,演示制造,24.8973,25.1738,24.7118,24.9877,3637955
2024-06-21,D006,演示制造,24.8224,25.0355,24.5013,24.7134,2915991
2024-06-24,D006,演示制造,24.662,24.7626,24.5275,24.6279,6648141
2024-06-25,D006,演示制造,24.5197,24.6761,24.292,24.448,7091604
2024-06-26,D006,演示制造,24.4186,24.4968,24.3209,24.3991,3361286
2024-06-27,D006,演示制造,24.8205,25.5986,24.3371,25.1097,4422450
2024-06-28,D006,演示制造,25.2383,25.5057,25.0581,25.3248,5736792
2024-07-01,D006,演示制造,25.2479,25.3749,25.07,25.1968,3403383
2024-07-02,D006,演示制造,25.0892,25.2462,24.8613,25.0179,3462278
2024-07-03,D006,演示制造,25.1617,25.4547,24.9662,25.2585,7224171
2024-07-04,D006,演示制造,25.5009,25.9643,25.2036,25.6651,6006236
2024-07-05,D006,演示制造,25.3123,25.7077,24.6907,25.0825,6546621
2024-07-08,D006,演示制造,25.0217,25.1323,24.8711,24.9814,9076743
2024-07-09,D006,演示制造,24.7557,25.0276,24.3374,24.6075,3298224
2024-07-10,D006,演示制造,24.6219,24.6951,24.5583,24.6315,1633499
2024-07-11,D006,演示制造,25.0314,25.7713,24.5705,25.3053,3731706
2024-07-12,D006,演示制造,25.1236,25.3534,24.7751,25.0038,5317186
2024-07-15,D006,演示制造,24.8213,25.0513,24.4722,24.7011,3678446
2024-07-16,D006,演示制造,24.6956,24.7504,24.6372,24.692,3643907
2024-07-17,D006,演示制造,24.468,24.7376,24.053,24.3209,6280086
2024-07-18,D006,演示制造,24.0421,24.3637,23.5405,23.8597,4818176
2024-07-19,D006,演示制造,23.8615,23.9123,23.812,23.8627,5391259
2024-07-22,D006,演示制造,24.1744,24.7569,23.8075,24.3868,3171417
2024-07-23,D006,演示制造,24.5789,24.9538,24.3351,24.7087,1940766
2024-07-24,D006,演示制造,24.6588,24.7578,24.5268,24.6257,3319459
2024-07-25,D006,演示制造,24.4275,24.6719,24.054,24.2971,3564842
2024-07-26,D006,演示制造,24.2253,24.3452,24.058,24.1777,6491208
2024-07-29,D006,演示制造,23.9646,24.2225,23.5683,23.8247,7697356
2024-07-30,D006,演示制造,23.3592,23.8564,22.568,23.0589,4503336
2024-07-31,D006,演示制造,22.9962,23.1046,22.8464,22.9546,4911700
2024-08-01,D006,演示制造,23.0762,23.3274,22.9073,23.158,2615000
2024-08-02,D006,演示制造,23.3349,23.6813,23.109,23.4543,5293267
2024-08-05,D006,演示制造,23.6424,24.0086,23.4045,23.7695,2663494
2024-08-06,D006,演示制造,23.9336,24.2591,23.7197,24.0442,3420151
2024-08-07,D006,演示制造,24.1156,24.2836,23.9956,24.1634,3993938
2024-08-08,D006,演示制造,24.1703,24.2303,24.115,24.175,6464377
2024-08-09,D006,演示制造,24.2871,24.5245,24.1255,24.3624,4688970
2024-08-12,D006,演示制造,24.2184,24.4095,23.933,24.1233,7072732
2024-08-13,D006,演示制造,24.3008,24.65,24.0725,24.4206,4090911
2024-08-14,D006,演示制造,24.5986,24.9492,24.3692,24.7187,3398711
2024-08-15,D006,演示制造,24.7345,24.8104,24.6692,24.7451,3996801
2024-08-16,D006,演示制造,24.8969,25.2032,24.6937,24.9992,6441849
2024-08-19,D006,演示制造,25.324,25.9311,24.9415,25.5452,4417584
2024-08-20,D006,演示制造,25.7648,26.1892,25.4905,25.9133,4996292
2024-08-21,D006,演示制造,25.6165,25.9589,25.0824,25.4223,4676884
2024-08-22,D006,演示制造,25.5904,25.9259,25.3693,25.7038,4105911
2024-08-23,D006,演示制造,25.6086,25.7544,25.4,25.5455,3490319
2024-08-26,D006,演示制造,25.5797,25.6882,25.4943,25.6026,4796799
2024-08-27,D006,演示制造,25.6896,25.8871,25.5507,25.7479,4225309
2024-08-28,D006,演示制造,25.6773,25.799,25.5089,25.6304,4162550
2024-08-29,D006,演示制造,25.8817,26.3614,25.5745,26.0521,2659283
2024-08-30,D006,演示制造,26.0097,26.104,25.8874,25.9815,4430332
2024-09-02,D006,演示制造,26.1987,26.6195,25.9261,26.3454,3976935
2024-09-03,D006,演示制造,26.3368,26.3981,26.2698,26.3311,3226509
2024-09-04,D006,演示制造,26.3767,26.5058,26.2782,26.4072,4655222
2024-09-05,D006,演示制造,26.3602,26.4597,26.2297,26.3291,2536179
2024-09-06,D006,演示制造,26.4634,26.7426,26.275,26.5536,5373336
2024-09-09,D006,演示制造,26.5109,26.6065,26.3869,26.4825,2411828
2024-09-10,D006,演示制造,26.6128,26.8858,26.4282,26.7005,11022155
2024-09-11,D006,演示制造,26.549,26.7522,26.2465,26.4489,6275010
2024-09-12,D006,演示制造,26.3204,26.5005,26.056,26.2355,4663335
2024-09-13,D006,演示制造,26.2735,26.3897,26.1829,26.2989,4328324
2024-09-16,D006,演示制造,26.0046,26.3455,25.4736,25.812,3313559
2024-09-17,D006,演示制造,25.859,25.9896,25.7601,25.8905,3532557
2024-09-18,D006,演示制造,26.2916,27.0349,25.8275,26.566,5155085
2024-09-19,D006,演示制造,26.3108,26.6145,25.8417,26.1435,5238167
2024-09-20,D006,演示制造,25.841,26.1894,25.2976,25.6433,2746248
2024-09-23,D006,演示制造,25.6572,25.7319,25.5919,25.6666,4251245
2024-09-24,D006,演示制造,25.8572,26.2318,25.6125,25.9859,2916840
2024-09-25,D006,演示制造,26.016,26.1184,25.9338,26.0361,3183645
2024-09-26,D006,演示制造,26.1082,26.2814,25.9835,26.1565,5137505
2024-09-27,D006,演示制造,26.2474,26.4526,26.1035,26.3083,5762889
2024-09-30,D006,演示制造,26.2851,26.3609,26.1938,26.2696,2678916
2024-10-01,D006,演示制造,26.2686,26.3221,26.2143,26.2679,4552748
2024-10-02,D006,演示制造,26.1507,26.3193,25.905,26.0731,4738651
2024-10-03,D006,演示制造,25.8961,26.1229,25.5536,25.7794,3469949
2024-10-04,D006,演示制造,25.7248,25.8306,25.5828,25.6885,5297584
2024-10-07,D006,演示制造,25.7146,25.8097,25.637,25.7321,4453636
2024-10-08,D006,演示制造,25.9327,26.3247,25.6776,26.0682,2705860
2024-10-09,D006,演示制造,26.1476,26.3331,26.0155,26.2008,5502089
2024-10-10,D006,演示制造,26.3582,26.6768,26.1465,26.4642,3645273
2024-10-11,D006,演示制造,26.5358,26.7089,26.4108,26.5837,5668097
2024-10-14,D006,演示制造,26.5679,26.6368,26.4886,26.5575,3106576
2024-10-15,D006,演示制造,26.4966,26.6102,26.3427,26.4562,4660533
2024-10-16,D006,演示制造,26.4176,26.5089,26.3008,26.392,3635357
2024-10-17,D006,演示制造,26.5975,26.999,26.3361,26.7363,2420089
2024-10-18,D006,演示制造,26.8275,27.0342,26.6821,26.8886,4290243
2024-10-21,D006,演示制造,26.768,26.9412,26.5155,26.6882,2719936
2024-10-22,D006,演示制造,26.5192,26.7395,26.1884,26.4077,5619268
2024-10-23,D006,演示制造,26.3929,26.4605,26.3155,26.383,2606826
2024-10-24,D006,演示制造,26.0153,26.4266,25.3682,25.7757,4141544
2024-10-25,D006,演示制造,26.0814,26.6561,25.7175,26.2893,3293719
2024-10-28,D006,演示制造,26.21,26.3413,26.0264,26.1574,4957491
2024-10-29,D006,演示制造,26.0184,26.2082,25.7373,25.9265,5690840
2024-10-30,D006,演示制造,25.5264,25.9674,24.8301,25.2665,3699833
2024-10-31,D006,演示制造,24.9838,25.3112,24.4737,24.7988,4500371
2024-11-01,D006,演示制造,24.9613,25.2859,24.7471,25.0708,5047020
2024-11-04,D006,演示制造,25.0868,25.1638,25.0206,25.0975,3836919
2024-11-05,D006,演示制造,25.021,25.1472,24.8443,24.9702,3469041
2024-11-06,D006,演示制造,24.5779,25.0092,23.8963,24.3231,4717137
2024-11-07,D006,演示制造,24.1,24.3679,23.6872,23.9535,7080335
2024-11-08,D006,演示制造,23.6982,23.9964,23.2349,23.531,6108284
2024-11-11,D006,演示制造,23.259,23.5723,22.7702,23.0811,5312243
2024-11-12,D006,演示制造,23.2286,23.5243,23.0331,23.3279,3674155
2024-11-13,D006,演示制造,22.9784,23.3652,22.368,22.7511,3415693
2024-11-14,D006,演示制造,22.7954,22.9153,22.7053,22.8251,8893233
2024-11-15,D006,演示制造,22.6962,22.8693,22.4387,22.6111,2486268
2024-11-18,D006,演示制造,22.6711,22.8171,22.5655,22.7113,4967310
2024-11-19,D006,演示制造,22.599,22.7556,22.3686,22.5247,6504993
2024-11-20,D006,演示制造,22.3802,22.5679,22.0981,22.285,3891873
2024-11-21,D006,演示制造,22.4972,22.9034,22.2366,22.641,4007786
2024-11-22,D006,演示制造,22.4777,22.684,22.1649,22.3702,7008700
2024-11-25,D006,演示制造,22.3989,22.4918,22.3253,22.4181,4806380
2024-11-26,D006,演示制造,22.3317,22.4622,22.1443,22.2745,2545777
2024-11-27,D006,演示制造,22.0595,22.3151,21.6644,21.9184,3923325
2024-11-28,D006,演示制造,22.1701,22.6444,21.8692,22.3412,4471637
2024-11-29,D006,演示制造,22.6183,23.1378,22.2901,22.8069,2866455
2024-12-02,D006,演示制造,22.9573,23.2575,22.7593,23.0586,4149989
2024-12-03,D006,演示制造,23.408,24.056,23.0029,23.6468,5205508
2024-12-04,D006,演示制造,23.6475,23.696,23.5995,23.648,4005955
2024-12-05,D006,演示制造,23.5904,23.695,23.4478,23.5522,4094026
2024-12-06,D006,演示制造,23.4563,23.5984,23.251,23.3928,4904990
2024-12-09,D006,演示制造,23.2823,23.4385,23.0534,23.2091,4518868
2024-12-10,D006,演示制造,23.3625,23.6684,23.1607,23.4658,4534543
2024-12-11,D006,演示制造,23.8046,24.4345,23.41,24.036,4177739
2024-12-12,D006,演示制造,24.0439,24.1052,23.9879,24.0492,4050621
2024-12-13,D006,演示制造,24.1637,24.4049,24.0,24.2407,6598884
2024-12-16,D006,演示制造,24.2637,24.3508,24.1921,24.2791,3954632
2024-12-17,D006,演示制造,24.1163,24.3256,23.8008,24.009,3609996
2024-12-18,D006,演示制造,24.105,24.3147,23.9602,24.1694,6389475
2024-12-19,D006,演示制造,24.2727,24.4951,24.1202,24.3421,4366425
2024-12-20,D006,演示制造,24.0926,24.386,23.6376,23.9291,4467013
2024-12-23,D006,演示制造,23.7963,23.9755,23.53,23.7085,4510744
2024-12-24,D006,演示制造,23.8025,24.008,23.6603,23.8655,2680360
2024-12-25,D006,演示制造,23.6248,23.9087,23.1849,23.467,1942186
2024-12-26,D006,演示制造,23.5116,23.6333,23.4198,23.5414,5304791
2024-12-27,D006,演示制造,23.6262,23.8161,23.4936,23.6831,3358923
2024-12-30,D006,演示制造,23.7536,23.9194,23.6353,23.8008,4703100
2024-12-31,D006,演示制造,23.8079,23.8672,23.7532,23.8126,2847955
2025-01-01,D006,演示制造,23.61,23.8569,23.2313,23.4769,3873331
2025-01-02,D006,演示制造,23.4565,23.5237,23.3757,23.4429,3637308
2025-01-03,D006,演示制造,23.3746,23.4893,23.2148,23.3293,3975944
2025-01-06,D006,演示制造,23.3511,23.4342,23.2826,23.3656,5956355
2025-01-07,D006,演示制造,23.3865,23.4683,23.3188,23.4005,4897767
2025-01-08,D006,演示制造,23.494,23.6983,23.3529,23.5568,3459571
2025-01-09,D006,演示制造,23.4082,23.602,23.1171,23.3102,10049455
2025-01-10,D006,演示制造,23.2984,23.3567,23.2321,23.2905,3096731
2025-01-13,D006,演示制造,23.4558,23.7824,23.2416,23.5672,2270630
2025-01-14,D006,演示制造,23.6451,23.8231,23.5195,23.6973,8151030
2025-01-15,D006,演示制造,23.8593,24.1812,23.6477,23.9686,2598929
2025-01-16,D006,演示制造,23.8889,24.016,23.7093,23.8361,3510090
2025-01-17,D006,演示制造,23.4973,23.8751,22.9024,23.2767,5115893
2025-01-20,D006,演示制造,23.4418,23.7681,23.2278,23.5532,3443773
2025-01-21,D006,演示制造,23.8383,24.3737,23.4997,24.0323,4626514
2025-01-22,D006,演示制造,24.3747,25.0116,23.9754,24.6085,4321884
2025-01-23,D006,演示制造,24.5125,24.6569,24.3049,24.4489,4757405
2025-01-24,D006,演示制造,24.2314,24.4942,23.8274,24.0886,9156763
2025-01-27,D006,演示制造,24.0656,24.1367,23.9793,24.0503,4669813
2025-01-28,D006,演示制造,24.1124,24.2648,24.0019,24.154,2415344
2025-01-29,D006,演示制造,24.0575,24.2015,23.8499,23.9935,5059652
2025-01-30,D006,演示制造,24.0186,24.1085,23.9455,24.0353,2496199
2025-01-31,D006,演示制造,24.1216,24.3148,23.9866,24.1795,3228726
2025-02-03,D006,演示制造,23.981,24.2247,23.608,23.8505,4649680
2025-02-04,D006,演示制造,23.7659,23.8975,23.5787,23.7099,3360009
2025-02-05,D006,演示制造,23.5587,23.7554,23.263,23.4589,6294600
2025-02-06,D006,演示制造,23.5784,23.8268,23.4108,23.6587,4009311
2025-02-07,D006,演示制造,23.2987,23.6962,22.6713,23.0648,5488018
2025-02-10,D006,演示制造,23.0703,23.1257,23.0187,23.074,4158514
2025-02-11,D006,演示制造,23.1918,23.4366,23.0266,23.2709,5898015
2025-02-12,D006,演示制造,23.4617,23.8322,23.2214,23.5906,4684167
2025-02-13,D006,演示制造,23.4064,23.635,23.0577,23.2851,5046156
2025-02-14,D006,演示制造,23.0658,23.3278,22.6615,22.9219,3608239
2025-02-17,D006,演示制造,23.2426,23.8398,22.8678,23.4615,2357289
2025-02-18,D006,演示制造,23.1475,23.5009,22.5925,22.9427,2716135
2025-02-19,D006,演示制造,22.6793,22.9831,22.2055,22.507,3968736
2025-02-20,D006,演示制造,22.3542,22.55,22.0587,22.2535,8697070
2025-02-21,D006,演示制造,22.2003,22.2977,22.0678,22.165,3270566
2025-02-24,D006,演示制造,22.4376,22.9488,22.1145,22.6231,4394570
2025-02-25,D006,演示制造,22.86,23.3097,22.5732,23.0208,3013423
2025-02-26,D006,演示制造,23.1024,23.2857,22.9741,23.1571,5742237
2025-02-27,D006,演示制造,23.2403,23.4266,23.1101,23.2961,3513170
2025-02-28,D006,演示制造,23.1519,23.341,22.8685,23.0568,2991638
2025-03-03,D006,演示制造,22.9691,23.1022,22.7784,22.9111,6759302
2025-03-04,D006,演示制造,23.1145,23.5063,22.8618,23.2521,7749421
2025-03-05,D006,演示制造,23.1155,23.297,22.8445,23.0253,3455905
2025-03-06,D006,演示制造,22.8966,23.0699,22.6388,22.8115,3018848
2025-03-07,D006,演示制造,22.7713,22.857,22.659,22.7446,3358563
2025-03-10,D006,演示制造,22.8424,23.0528,22.6982,22.9081,5888879
2025-03-11,D006,演示制造,23.0116,23.2317,22.8613,23.081,6739795
2025-03-12,D006,演示制造,23.0301,23.1269,22.8996,22.9962,3078576
2025-03-13,D006,演示制造,23.2212,23.6506,22.9461,23.3737,10288981
2025-03-14,D006,演示制造,23.2516,23.4191,23.004,23.1709,5805725
2025-03-17,D006,演示制造,23.4716,24.0337,23.1174,23.6764,6570489
2025-03-18,D006,演示制造,23.5267,23.7219,23.2336,23.428,6010834
2025-03-19,D006,演示制造,23.3095,23.4736,23.0675,23.2311,8294969
2025-03-20,D006,演示制造,23.5003,24.0072,23.1789,23.6832,4537535
2025-03-21,D006,演示制造,23.6552,23.7305,23.5612,23.6365,3714727
2025-03-24,D006,演示制造,23.7584,24.0114,23.5879,23.8403,5327314
2025-03-25,D006,演示制造,23.9788,24.2606,23.791,24.072,4666207
2025-03-26,D006,演示制造,23.8319,24.1157,23.3925,23.6745,3007583
2025-03-27,D006,演示制造,23.7155,23.8316,23.6269,23.7429,2992414
2025-03-28,D006,演示制造,23.738,23.7904,23.6824,23.7348,3681892
2025-03-31,D006,演示制造,24.0192,24.5536,23.681,24.2127,2479559
2025-04-01,D006,演示制造,24.3136,24.5322,24.1633,24.3814,4480704
2025-04-02,D006,演示制造,24.4905,24.7232,24.3316,24.5638,3425115
2025-04-03,D006,演示制造,24.5463,24.6129,24.4682,24.5347,4402444
2025-04-04,D006,演示制造,24.3634,24.5814,24.0336,24.2506,12058016
2025-04-07,D006,演示制造,24.371,24.6226,24.2008,24.4519,7122442
2025-04-08,D006,演示制造,24.2753,24.4983,23.9369,24.1589,4515213
2025-04-09,D006,演示制造,23.8403,24.1997,23.2764,23.6326,5119435
2025-04-10,D006,演示制造,23.6473,23.7191,23.5853,23.6571,3140383
2025-04-11,D006,演示制造,23.5021,23.7024,23.2006,23.4,3918810
2025-04-14,D006,演示制造,23.6598,24.1505,23.3478,23.8362,4073639
2025-04-15,D006,演示制造,23.7826,23.8836,23.6462,23.747,3799846
2025-04-16,D006,演示制造,23.8574,24.0911,23.6985,23.9316,4899839
2025-04-17,D006,演示制造,23.8362,23.9786,23.631,23.773,2732006
2025-04-18,D006,演示制造,23.9138,24.1993,23.7238,24.0086,5165660
2025-04-21,D006,演示制造,23.9835,24.0565,23.8939,23.9668,4339906
2025-04-22,D006,演示制造,24.0525,24.2445,23.9182,24.1099,5261685
2025-04-23,D006,演示制造,24.097,24.1581,24.0274,24.0885,6414129
2025-04-24,D006,演示制造,24.0645,24.1366,23.9765,24.0485,10377644
2025-04-25,D006,演示制造,23.8947,24.0947,23.5941,23.7933,2663012
2025-04-28,D006,演示制造,23.8755,24.0614,23.745,23.9307,3407513
2025-04-29,D006,演示制造,23.8705,23.9782,23.7231,23.8305,6585559
2025-04-30,D006,演示制造,23.7905,23.878,23.6763,23.7638,2675891
2025-05-01,D006,演示制造,23.7111,23.811,23.5763,23.6761,5354821
2025-05-02,D006,演示制造,23.6301,23.7232,23.5067,23.5996,4580618
2025-05-05,D006,演示制造,23.7624,24.0853,23.5502,23.8722,2827607
2025-05-06,D006,演示制造,24.0209,24.3203,23.8226,24.1211,3164684
2025-05-07,D006,演示制造,24.4024,24.9318,24.0668,24.5936,6212867
2025-05-08,D006,演示制造,24.5502,24.6426,24.4291,24.5214,1918159
2025-05-09,D006,演示制造,24.699,25.0491,24.4698,24.8188,5584110
2025-05-12,D006,演示制造,24.5999,24.8648,24.1927,24.4561,3934576
2025-05-13,D006,演示制造,24.2445,24.5015,23.8499,24.1055,3218560
2025-05-14,D006,演示制造,24.2951,24.6653,24.0544,24.4232,2458062
2025-05-15,D006,演示制造,24.4977,24.6717,24.3739,24.5476,5262758
2025-05-16,D006,演示制造,24.5006,24.5965,24.3736,24.4694,5410513
2025-05-19,D006,演示制造,24.8378,25.5215,24.4103,25.0897,4072049
2025-05-20,D006,演示制造,24.889,25.1368,24.5105,24.757,4690436
2025-05-21,D006,演示制造,24.9316,25.277,24.705,25.0494,3350177
2025-05-22,D006,演示制造,25.4166,26.0988,24.9895,25.6675,3877353
2025-05-23,D006,演示制造,25.7068,25.8241,25.616,25.7331,3553171
2025-05-26,D006,演示制造,25.8252,26.0317,25.6809,25.887,3968235
2025-05-27,D006,演示制造,25.928,26.0484,25.835,25.9553,4268581
2025-05-28,D006,演示制造,25.9342,26.0072,25.8471,25.9201,4131254
2025-05-29,D006,演示制造,26.0669,26.3668,25.8665,26.1657,6875783
2025-05-30,D006,演示制造,26.2983,26.5745,26.112,26.3875,5351582
2025-06-02,D006,演示制造,26.3973,26.4665,26.3347,26.4039,9964043
2025-06-03,D006,演示制造,26.2017,26.4537,25.8178,26.0686,1927797
2025-06-04,D006,演示制造,26.0137,26.1204,25.8708,25.9773,1997868
2025-06-05,D006,演示制造,25.9487,26.0291,25.8494,25.9297,3316982
2025-06-06,D006,演示制造,25.8394,25.9809,25.6384,25.7796,5447258
2025-06-09,D006,演示制造,25.7335,25.8309,25.6057,25.7029,5320905
2025-06-10,D006,演示制造,25.7105,25.7745,25.6515,25.7155,2985172
2025-06-11,D006,演示制造,25.8708,26.1849,25.6622,25.9754,4671154
2025-06-12,D006,演示制造,26.0209,26.1491,25.9233,26.0513,2364230
2025-06-13,D006,演示制造,26.0782,26.1754,25.9991,26.0962,5802606
2025-06-16,D006,演示制造,26.2675,26.6097,26.0418,26.383,6254748
2025-06-17,D006,演示制造,26.3825,26.4358,26.329,26.3822,3438989
2025-06-18,D006,演示制造,26.8059,27.59,26.3172,27.096,4686650
2025-06-19,D006,演示制造,27.4941,28.2335,27.0312,27.766,2210935
2025-06-20,D006,演示制造,27.4486,27.8149,26.8773,27.2409,3196387
2025-06-23,D006,演示制造,27.3632,27.6237,27.1853,27.4453,4202828
2025-06-24,D006,演示制造,27.4297,27.5001,27.3489,27.4193,4339919
2025-06-25,D006,演示制造,27.0753,27.4663,26.4629,26.8507,4480898
2025-06-26,D006,演示制造,26.5987,26.9,26.1339,26.4333,4982597
2025-06-27,D006,演示制造,26.2694,26.4841,25.9473,26.1612,3761972
2025-06-30,D006,演示制造,26.4479,26.99,26.103,26.6425,2968225
2025-07-01,D006,演示制造,26.8878,27.3585,26.585,27.0538,4054014
2025-07-02,D006,演示制造,26.9797,27.1074,26.803,26.9305,4429565
2025-07-03,D006,演示制造,27.1997,27.7125,26.8716,27.3822,1780241
2025-07-04,D006,演示制造,27.1344,27.4327,26.6751,26.9717,4298143
2025-07-07,D006,演示制造,26.8374,27.0242,26.5625,26.7487,3098419
2025-07-08,D006,演示制造,26.774,26.8699,26.6951,26.7909,6805564
2025-07-09,D006,演示制造,26.7429,26.8443,26.6097,26.711,10204269
2025-07-10,D006,演示制造,27.0017,27.5517,26.6516,27.1991,5474991
2025-07-11,D006,演示制造,26.8498,27.2454,26.2297,26.6219,3696300
2025-07-14,D006,演示制造,26.6709,26.8063,26.5684,26.7037,4613136
2025-07-15,D006,演示制造,26.8453,27.1379,26.6487,26.9406,4349372
2025-07-16,D006,演示制造,27.1298,27.5044,26.8841,27.2575,3694187
2025-07-17,D006,演示制造,27.3,27.4258,27.2028,27.3284,2336067
2025-07-18,D006,演示制造,27.6209,28.175,27.268,27.8194,3410186
2025-07-21,D006,演示制造,27.5236,27.8693,26.9865,27.3298,3844982
2025-07-22,D006,演示制造,27.2554,27.384,27.0777,27.206,3553716
2025-07-23,D006,演示制造,27.1302,27.2599,26.9504,27.0799,4350210
2025-07-24,D006,演示制造,27.2607,27.6211,27.0233,27.3826,7988508
2025-07-25,D006,演示制造,27.2854,27.4366,27.0701,27.221,5267322
2025-07-28,D006,演示制造,27.3723,27.6825,27.1648,27.4742,3619890
2025-07-29,D006,演示制造,27.6429,27.9833,27.4172,27.7566,10011541
2025-07-30,D006,演示制造,27.8788,28.1404,27.6999,27.9609,2256478
2025-07-31,D006,演示制造,28.2931,28.9175,27.8977,28.519,4004396
2025-08-01,D006,演示制造,28.4014,28.575,28.1503,28.3235,5071079
2025-08-04,D006,演示制造,28.4913,28.8316,28.2648,28.6043,6061088
2025-08-05,D006,演示制造,28.6957,28.9067,28.5464,28.757,5085304
2025-08-06,D006,演示制造,28.8554,29.0782,28.6988,28.9213,4103366
2025-08-07,D006,演示制造,29.1433,29.5779,28.8601,29.2933,3120996
2025-08-08,D006,演示制造,29.0561,29.3482,28.6096,28.9002,3161602
2025-08-11,D006,演示制造,29.3417,30.1605,28.8301,29.6437,4863712
2025-08-12,D006,演示制造,29.5133,29.7017,29.2391,29.427,4590503
2025-08-13,D006,演示制造,29.4071,29.4858,29.3152,29.3938,3790171
2025-08-14,D006,演示制造,29.5733,29.9357,29.3328,29.6942,5144917
2025-08-15,D006,演示制造,29.7281,29.8442,29.6347,29.7507,5386730
2025-08-18,D006,演示制造,29.6109,29.8088,29.3211,29.5184,6333893
2025-08-19,D006,演示制造,29.552,29.6672,29.4593,29.5744,3353242
2025-08-20,D006,演示制造,29.7731,30.1687,29.5126,29.9071,4380372
2025-08-21,D006,演示制造,29.3878,29.951,28.4948,29.0515,7466476
2025-08-22,D006,演示制造,29.0256,29.1095,28.9244,29.0083,2877619
2025-08-25,D006,演示制造,28.8255,29.0641,28.4674,28.705,2453108
2025-08-26,D006,演示制造,28.4383,28.7577,27.9458,28.2633,7016812
2025-08-27,D006,演示制造,28.4696,28.8759,28.2038,28.6088,1730888
2025-08-28,D006,演示制造,28.2484,28.6578,27.607,28.0131,4056160
2025-08-29,D006,演示制造,27.8378,28.0669,27.4939,27.7221,2570852
2025-09-01,D006,演示制造,27.8843,28.2139,27.6648,27.9935,2110546
2025-09-02,D006,演示制造,28.1769,28.5433,27.9351,28.3005,2720252
2025-09-03,D006,演示制造,28.022,28.352,27.5115,27.8393,2293868
2025-09-04,D006,演示制造,27.6962,27.8935,27.405,27.6016,5819721
2025-09-05,D006,演示制造,27.7732,28.1187,27.5443,27.8888,5760534
2025-09-08,D006,演示制造,27.667,27.9412,27.2482,27.521,2716268
2025-09-09,D006,演示制造,27.5635,27.6897,27.4658,27.5919,4299089
2025-09-10,D006,演示制造,27.5359,27.6468,27.388,27.4987,6248468
2025-09-11,D006,演示制造,27.6166,27.8701,27.4427,27.6957,3859293
2025-09-12,D006,演示制造,27.2146,27.7364,26.3873,26.9031,6267355
2025-09-15,D006,演示制造,26.9787,27.1596,26.8487,27.0294,4953127
2025-09-16,D006,演示制造,27.3146,27.8556,26.9697,27.5082,5090053
2025-09-17,D006,演示制造,27.7448,28.202,27.4493,27.9048,3148809
2025-09-18,D006,演示制造,27.9938,28.1993,27.8483,28.0535,3010444
2025-09-19,D006,演示制造,28.1431,28.3497,27.9967,28.2031,3661755
2025-09-22,D006,演示制造,28.1626,28.2593,28.0391,28.1357,2738090
2025-09-23,D006,演示制造,27.7589,28.1829,27.0931,27.5133,5246587
2025-09-24,D006,演示制造,27.4016,27.5674,27.1623,27.3276,3181583
2025-09-25,D006,演示制造,27.1912,27.3809,26.9119,27.1009,5130123
2025-09-26,D006,演示制造,26.8276,27.15,26.3282,26.6485,4003933
2025-09-29,D006,演示制造,26.5374,26.7008,26.3008,26.4638,2575555
2025-09-30,D006,演示制造,26.5129,26.6482,26.4106,26.5458,4787825
2025-10-01,D006,演示制造,27.0036,27.8489,26.4785,27.3177,6348312
2025-10-02,D006,演示制造,27.0319,27.3668,26.512,26.8446,3350747
2025-10-03,D006,演示制造,26.8695,26.9648,26.7909,26.8861,5341915
2025-10-06,D006,演示制造,27.0096,27.2717,26.8311,27.0926,8809489
2025-10-07,D006,演示制造,26.9472,27.1452,26.6537,26.8511,2755330
2025-10-08,D006,演示制造,27.1406,27.6887,26.7915,27.3371,3308799
2025-10-09,D006,演示制造,27.3041,27.3917,27.1945,27.2821,4001042
2025-10-10,D006,演示制造,27.426,27.7235,27.226,27.5227,4656642
2025-10-13,D006,演示制造,27.5372,27.6164,27.4677,27.5468,3551781
2025-10-14,D006,演示制造,27.7166,28.0588,27.4896,27.8309,4067413
2025-10-15,D006,演示制造,27.6787,27.8849,27.3728,27.5782,6710634
2025-10-16,D006,演示制造,27.5321,27.6331,27.4005,27.5014,4642260
2025-10-17,D006,演示制造,27.6295,27.9005,27.4452,27.7156,3435843
2025-10-20,D006,演示制造,27.5558,27.7692,27.2377,27.4503,5473576
2025-10-21,D006,演示制造,27.1806,27.5002,26.6861,27.0037,3953952
2025-10-22,D006,演示制造,27.1485,27.447,26.9481,27.2459,5051885
2025-10-23,D006,演示制造,27.0739,27.2983,26.7369,26.9604,6604051
2025-10-24,D006,演示制造,26.8324,27.013,26.5676,26.7477,5983768
2025-10-27,D006,演示制造,26.715,26.8011,26.6072,26.6932,3741715
2025-10-28,D006,演示制造,26.8974,27.2971,26.6368,27.0352,6465367
2025-10-29,D006,演示制造,27.1378,27.3646,26.9803,27.2067,7473619
2025-10-30,D006,演示制造,27.2495,27.3758,27.152,27.2782,3550161
2025-10-31,D006,演示制造,27.1536,27.3316,26.8938,27.0712,3901806
2025-11-03,D006,演示制造,26.5004,27.1044,25.5373,26.133,2514458
2025-11-04,D006,演示制造,25.9786,26.1834,25.6726,25.8767,5895685
2025-11-05,D006,演示制造,26.0411,26.371,25.8228,26.1518,8058712
2025-11-06,D006,演示制造,26.1931,26.3145,26.0994,26.2207,5797638
2025-11-07,D006,演示制造,25.9982,26.2695,25.5823,25.852,2966571
2025-11-10,D006,演示制造,25.6844,25.9016,25.3575,25.5738,5190511
2025-11-11,D006,演示制造,25.7253,26.0327,25.5208,25.8274,4731615
2025-11-12,D006,演示制造,26.0521,26.4859,25.772,26.2042,3773260
2025-11-13,D006,演示制造,26.2908,26.489,26.1511,26.3489,4127105
2025-11-14,D006,演示制造,26.1282,26.3981,25.7146,25.983,2994167
2025-11-17,D006,演示制造,26.1369,26.4489,25.9292,26.2404,5272675
2025-11-18,D006,演示制造,25.9628,26.2875,25.4585,25.781,2692151
2025-11-19,D006,演示制造,25.7865,25.8473,25.7294,25.7902,3107733
2025-11-20,D006,演示制造,25.6494,25.8402,25.3664,25.5565,7574502
2025-11-21,D006,演示制造,25.5899,25.697,25.5052,25.6122,6754897
2025-11-24,D006,演示制造,25.6783,25.8405,25.5606,25.7225,3699460
2025-11-25,D006,演示制造,25.808,26.0031,25.6705,25.8653,5544750
2025-11-26,D006,演示制造,26.0093,26.3044,25.8119,26.1063,3799257
2025-11-27,D006,演示制造,26.2388,26.5147,26.0527,26.3279,3884671
2025-11-28,D006,演示制造,26.4565,26.726,26.2739,26.5429,4487206
2025-12-01,D006,演示制造,26.4281,26.5949,26.1859,26.3522,5154894
2025-12-02,D006,演示制造,26.7468,27.4791,26.2888,27.0165,4646811
2025-12-03,D006,演示制造,26.8537,27.0685,26.5323,26.7463,4548999
2025-12-04,D006,演示制造,26.8777,27.1528,26.6915,26.966,5087002
2025-12-05,D006,演示制造,27.1241,27.4452,26.9102,27.2305,3862084
2024-01-02,D007,演示能源,8.4,8.5623,8.2377,8.4,3024884
2024-01-03,D007,演示能源,8.5048,8.7011,8.3808,8.5761,5511237
2024-01-04,D007,演示能源,8.4789,8.5912,8.3038,8.4153,8233418
2024-01-05,D007,演示能源,8.4548,8.5382,8.3981,8.4813,4465837
2024-01-08,D007,演示能源,8.4113,8.4972,8.2797,8.3652,5849995
2024-01-09,D007,演示能源,8.3559,8.3819,8.3237,8.3497,6652141
2024-01-10,D007,演示能源,8.2923,8.3656,8.1815,8.2545,4166662
2024-01-11,D007,演示能源,8.2787,8.3359,8.2378,8.2949,5618108
2024-01-12,D007,演示能源,8.2997,8.3243,8.2783,8.3029,8468045
2024-01-15,D007,演示能源,8.2709,8.3192,8.2016,8.2498,6999208
2024-01-16,D007,演示能源,8.237,8.2662,8.1993,8.2285,3279541
2024-01-17,D007,演示能源,8.2114,8.2449,8.1667,8.2001,5648283
2024-01-18,D007,演示能源,8.2626,8.3851,8.1827,8.3048,2839526
2024-01-19,D007,演示能源,8.2866,8.3214,8.2398,8.2745,4345002
2024-01-22,D007,演示能源,8.1874,8.2893,8.0291,8.1303,5654768
2024-01-23,D007,演示能源,8.1151,8.1465,8.0735,8.1049,3532301
2024-01-24,D007,演示能源,8.0267,8.1197,7.8829,7.9753,5393531
2024-01-25,D007,演示能源,7.957,7.9912,7.9107,7.9448,6609070
2024-01-26,D007,演示能源,7.9303,7.9606,7.8902,7.9206,2924671
2024-01-29,D007,演示能源,7.9239,7.9453,7.9047,7.9261,9786246
2024-01-30,D007,演示能源,7.9248,7.942,7.9067,7.9239,4176706
2024-01-31,D007,演示能源,7.919,7.9397,7.895,7.9157,4757485
2024-02-01,D007,演示能源,7.9398,7.9962,7.8997,7.956,3148832
2024-02-02,D007,演示能源,7.9624,7.989,7.9401,7.9667,4455457
2024-02-05,D007,演示能源,7.9722,7.9973,7.9507,7.9758,4601457
2024-02-06,D007,演示能源,7.9839,8.0134,7.9598,7.9893,3798892
2024-02-07,D007,演示能源,7.998,8.0285,7.9733,8.0038,8653192
2024-02-08,D007,演示能源,7.9757,8.0196,7.9132,7.957,5586299
2024-02-09,D007,演示能源,7.9878,8.0556,7.9408,8.0085,5217933
2024-02-12,D007,演示能源,7.93,8.0231,7.786,7.8785,7253083
2024-02-13,D007,演示能源,7.9107,7.9807,7.8625,7.9323,6999192
2024-02-14,D007,演示能源,7.8987,7.9479,7.8275,7.8765,6930064
2024-02-15,D007,演示能源,7.8748,7.8922,7.8562,7.8736,4509292
2024-02-16,D007,演示能源,7.9277,8.0349,7.8572,7.9641,5393388
2024-02-19,D007,演示能源,8.0154,8.1181,7.9475,8.0499,5105775
2024-02-20,D007,演示能源,8.0266,8.0659,7.9719,8.0111,4571127
2024-02-21,D007,演示能源,8.0104,8.0271,7.9933,8.01,4805112
2024-02-22,D007,演示能源,8.0602,8.1612,7.9933,8.094,6637570
2024-02-23,D007,演示能源,8.1844,8.3551,8.076,8.2458,3218872
2024-02-26,D007,演示能源,8.2804,8.3552,8.229,8.3036,5154425
2024-02-27,D007,演示能源,8.2911,8.3202,8.2536,8.2827,3464854
2024-02-28,D007,演示能源,8.3339,8.4371,8.2655,8.3684,5222538
2024-02-29,D007,演示能源,8.3246,8.3846,8.2358,8.2956,3636067
2024-03-01,D007,演示能源,8.2832,8.3122,8.246,8.275,3414162
2024-03-04,D007,演示能源,8.2497,8.2913,8.1913,8.2329,4782969
2024-03-05,D007,演示能源,8.2283,8.2493,8.2043,8.2253,4159255
2024-03-06,D007,演示能源,8.1332,8.2398,7.9671,8.073,5593003
2024-03-07,D007,演示能源,8.1154,8.2032,8.0563,8.144,6987371
2024-03-08,D007,演示能源,8.1266,8.1602,8.0817,8.1151,3495381
2024-03-11,D007,演示能源,8.0878,8.1312,8.0265,8.0697,4280442
2024-03-12,D007,演示能源,7.9998,8.0847,7.8693,7.9538,2459113
2024-03-13,D007,演示能源,7.9855,8.0548,7.9376,8.0068,4224422
2024-03-14,D007,演示能源,8.07,8.1932,7.9898,8.1126,4253915
2024-03-15,D007,演示能源,8.1515,8.2331,8.096,8.1775,4782622
2024-03-18,D007,演示能源,8.1949,8.2405,8.1611,8.2066,4188230
2024-03-19,D007,演示能源,8.2679,8.3884,8.1893,8.3093,4274764
2024-03-20,D007,演示能源,8.2472,8.3251,8.1287,8.2062,7148488
2024-03-21,D007,演示能源,8.2128,8.2403,8.1898,8.2172,3105934
2024-03-22,D007,演示能源,8.1583,8.2328,8.0453,8.1195,2847946
2024-03-25,D007,演示能源,8.1321,8.1694,8.1032,8.1405,6540326
2024-03-26,D007,演示能源,8.2023,8.3236,8.1233,8.2441,2776117
2024-03-27,D007,演示能源,8.185,8.2598,8.0716,8.1461,4128017
2024-03-28,D007,演示能源,8.1967,8.2988,8.1291,8.2309,5160371
2024-03-29,D007,演示能源,8.3027,8.4412,8.2132,8.3512,5210421
2024-04-01,D007,演示能源,8.2953,8.3672,8.1869,8.2585,4071140
2024-04-02,D007,演示能源,8.1959,8.2741,8.077,8.1548,3524518
2024-04-03,D007,演示能源,8.1417,8.171,8.1038,8.1331,8339989
2024-04-04,D007,演示能源,8.0751,8.1485,7.9638,8.0369,3820452
2024-04-05,D007,演示能源,8.0377,8.0551,8.0208,8.0382,3717640
2024-04-08,D007,演示能源,8.0104,8.0541,7.9484,7.992,4933495
2024-04-09,D007,演示能源,8.0301,8.1104,7.9756,8.0558,4535809
2024-04-10,D007,演示能源,8.1562,8.3443,8.0373,8.2245,3641533
2024-04-11,D007,演示能源,8.2259,8.2447,8.2081,8.2269,3618208
2024-04-12,D007,演示能源,8.2072,8.2432,8.1581,8.1941,4376742
2024-04-15,D007,演示能源,8.1509,8.21,8.0635,8.1224,9701270
2024-04-16,D007,演示能源,8.065,8.1378,7.9547,8.0272,5052070
2024-04-17,D007,演示能源,8.0042,8.0431,7.9503,7.989,3817190
2024-04-18,D007,演示能源,8.0342,8.1265,7.9725,8.0646,6339672
2024-04-19,D007,演示能源,8.0909,8.1513,8.0483,8.1086,3824724
2024-04-22,D007,演示能源,8.1229,8.1632,8.0923,8.1325,7678859
2024-04-23,D007,演示能源,8.1255,8.1488,8.0977,8.1209,3793642
2024-04-24,D007,演示能源,8.0516,8.136,7.922,8.006,4180187
2024-04-25,D007,演示能源,8.0929,8.2575,7.9882,8.152,2928195
2024-04-26,D007,演示能源,8.1759,8.2324,8.1355,8.1919,6492319
2024-04-29,D007,演示能源,8.1637,8.2081,8.1007,8.145,9176713
2024-04-30,D007,演示能源,8.0531,8.1594,7.8876,7.9931,3118719
2024-05-01,D007,演示能源,8.0573,8.1824,7.9761,8.1008,3583555
2024-05-02,D007,演示能源,8.2041,8.3975,8.0821,8.2745,4767499
2024-05-03,D007,演示能源,8.3239,8.4241,8.2574,8.3572,5647463
2024-05-06,D007,演示能源,8.34,8.3738,8.2949,8.3286,4061284
2024-05-07,D007,演示能源,8.2563,8.3441,8.1216,8.2088,6894299
2024-05-08,D007,演示能源,8.2196,8.254,8.1924,8.2267,4066333
2024-05-09,D007,演示能源,8.1662,8.2423,8.0506,8.1263,5903050
2024-05-10,D007,演示能源,8.1396,8.178,8.11,8.1484,6866542
2024-05-13,D007,演示能源,8.1323,8.1646,8.0893,8.1216,5137993
2024-05-14,D007,演示能源,8.1786,8.2916,8.1045,8.2171,4064556
2024-05-15,D007,演示能源,8.2071,8.2335,8.174,8.2004,5035948
2024-05-16,D007,演示能源,8.262,8.383,8.1831,8.3036,5039272
2024-05-17,D007,演示能源,8.2893,8.3202,8.249,8.2798,3040000
2024-05-20,D007,演示能源,8.3282,8.4265,8.2627,8.3608,3769328
2024-05-21,D007,演示能源,8.4828,8.7095,8.3408,8.5661,5375613
2024-05-22,D007,演示能源,8.4988,8.5823,8.3714,8.4544,4809795
2024-05-23,D007,演示能源,8.5138,8.6314,8.4367,8.5539,4612761
2024-05-24,D007,演示能源,8.4719,8.5695,8.3212,8.4182,3437130
2024-05-27,D007,演示能源,8.3206,8.433,8.1452,8.2567,3637487
2024-05-28,D007,演示能源,8.268,8.3033,8.2402,8.2755,3559556
2024-05-29,D007,演示能源,8.2656,8.292,8.2325,8.259,5432971
2024-05-30,D007,演示能源,8.2194,8.2751,8.1379,8.1933,4234039
2024-05-31,D007,演示能源,8.1697,8.2095,8.1144,8.1541,7665246
2024-06-03,D007,演示能源,8.2399,8.4026,8.1361,8.2981,4664124
2024-06-04,D007,演示能源,8.3832,8.545,8.2799,8.4409,6003586
2024-06-05,D007,演示能源,8.362,8.4564,8.2163,8.3102,2073256
2024-06-06,D007,演示能源,8.328,8.3745,8.2935,8.3399,6612872
2024-06-07,D007,演示能源,8.368,8.4318,8.323,8.3868,4780547
2024-06-10,D007,演示能源,8.4839,8.6668,8.3679,8.5499,5232803
2024-06-11,D007,演示能源,8.6594,8.8642,8.5302,8.7339,5717408
2024-06-12,D007,演示能源,8.7847,8.8881,8.7159,8.8189,6303490
2024-06-13,D007,演示能源,8.7463,8.8354,8.61,8.6986,3280212
2024-06-14,D007,演示能源,8.6902,8.7159,8.6589,8.6846,1989339
2024-06-17,D007,演示能源,8.6588,8.7018,8.5989,8.6417,4146456
2024-06-18,D007,演示能源,8.7422,8.9313,8.6223,8.8105,3026150
2024-06-19,D007,演示能源,8.8286,8.8767,8.7928,8.8408,4808897
2024-06-20,D007,演示能源,8.8438,8.8665,8.8231,8.8458,7442000
2024-06-21,D007,演示能源,8.756,8.8618,8.5921,8.6972,3371918
2024-06-24,D007,演示能源,8.7163,8.7658,8.6797,8.7291,2576149
2024-06-25,D007,演示能源,8.6757,8.746,8.5705,8.6404,4467699
2024-06-26,D007,演示能源,8.6741,8.7481,8.6229,8.6967,4869624
2024-06-27,D007,演示能源,8.8058,9.0102,8.6768,8.8801,5279796
2024-06-28,D007,演示能源,8.965,9.1274,8.8608,9.0225,7925890
2024-07-01,D007,演示能源,9.0356,9.0755,9.0044,9.0443,2531118
2024-07-02,D007,演示能源,9.0797,9.1573,9.0259,9.1034,4524715
2024-07-03,D007,演示能源,9.0532,9.121,8.9524,9.02,4577679
2024-07-04,D007,演示能源,9.1216,9.3134,8.9998,9.1906,2847968
2024-07-05,D007,演示能源,9.187,9.209,9.1624,9.1845,6226637
2024-07-08,D007,演示能源,9.1653,9.2028,9.115,9.1525,8032720
2024-07-09,D007,演示能源,9.0551,9.1689,8.8784,8.9913,4115026
2024-07-10,D007,演示能源,8.9907,9.0093,8.9716,8.9902,4184361
2024-07-11,D007,演示能源,9.0616,9.2006,8.9712,9.1098,6682678
2024-07-12,D007,演示能源,9.028,9.1266,8.8763,8.9743,3522044
2024-07-15,D007,演示能源,8.8263,8.9879,8.5704,8.7303,6823838
2024-07-16,D007,演示能源,8.6889,8.7474,8.6033,8.6615,3901936
2024-07-17,D007,演示能源,8.648,8.6788,8.6082,8.639,3089175
2024-07-18,D007,演示能源,8.5605,8.6549,8.4152,8.509,6343962
2024-07-19,D007,演示能源,8.5113,8.5322,8.492,8.5129,6202874
2024-07-22,D007,演示能源,8.5888,8.7351,8.4946,8.6402,3340212
2024-07-23,D007,演示能源,8.6752,8.7514,8.6227,8.6987,5685048
2024-07-24,D007,演示能源,8.6798,8.716,8.6311,8.6672,5897662
2024-07-25,D007,演示能源,8.6556,8.6845,8.6191,8.6479,5279759
2024-07-26,D007,演示能源,8.6777,8.745,8.6304,8.6976,6951487
2024-07-29,D007,演示能源,8.7248,8.788,8.68,8.7431,3250088
2024-07-30,D007,演示能源,8.6883,8.7599,8.581,8.6522,3851044
2024-07-31,D007,演示能源,8.5237,8.6661,8.2992,8.4402,4353755
2024-08-01,D007,演示能源,8.4055,8.4568,8.3313,8.3825,3060842
2024-08-02,D007,演示能源,8.4235,8.5095,8.3653,8.4511,2926582
2024-08-05,D007,演示能源,8.5351,8.6951,8.4326,8.592,4484910
2024-08-06,D007,演示能源,8.578,8.6091,8.5377,8.5688,7383083
2024-08-07,D007,演示能源,8.6344,8.7629,8.5506,8.6787,6388442
2024-08-08,D007,演示能源,8.7305,8.8354,8.6608,8.7654,4333086
2024-08-09,D007,演示能源,8.6948,8.7818,8.5619,8.6484,3942968
2024-08-12,D007,演示能源,8.6176,8.6655,8.5494,8.5972,4247703
2024-08-13,D007,演示能源,8.5208,8.6131,8.3788,8.4706,3264069
2024-08-14,D007,演示能源,8.5556,8.7174,8.452,8.6132,3860622
2024-08-15,D007,演示能源,8.5485,8.6295,8.4254,8.506,3488616
2024-08-16,D007,演示能源,8.5263,8.5775,8.4888,8.5399,5871874
2024-08-19,D007,演示能源,8.5763,8.6546,8.5225,8.6007,4173032
2024-08-20,D007,演示能源,8.6903,8.8603,8.5818,8.751,5377629
2024-08-21,D007,演示能源,8.7516,8.7702,8.7335,8.7521,6338475
2024-08-22,D007,演示能源,8.8185,8.9487,8.7336,8.8634,5421600
2024-08-23,D007,演示能源,8.8816,8.9298,8.8455,8.8937,3391680
2024-08-26,D007,演示能源,8.8428,8.9109,8.7413,8.8091,2564335
2024-08-27,D007,演示能源,8.8174,8.8488,8.7915,8.8229,2691041
2024-08-28,D007,演示能源,8.8432,8.895,8.8051,8.8568,5521625
2024-08-29,D007,演示能源,8.8771,8.9289,8.839,8.8907,3327612
2024-08-30,D007,演示能源,8.7621,8.9052,8.5367,8.6784,4220896
2024-09-02,D007,演示能源,8.7513,8.8925,8.6599,8.8006,5899291
2024-09-03,D007,演示能源,8.8645,8.9905,8.7821,8.9076,4870971
2024-09-04,D007,演示能源,8.9181,8.9533,8.8898,8.925,2841285
2024-09-05,D007,演示能源,9.0287,9.2238,8.905,9.0991,3681545
2024-09-06,D007,演示能源,9.0697,9.1171,9.0028,9.0501,2599832
2024-09-09,D007,演示能源,9.1455,9.3265,9.0301,9.2103,2590806
2024-09-10,D007,演示能源,9.3171,9.5182,9.1895,9.3897,7082492
2024-09-11,D007,演示能源,9.3479,9.408,9.2604,9.3203,10039560
2024-09-12,D007,演示能源,9.3987,9.5506,9.3004,9.4517,10376276
2024-09-13,D007,演示能源,9.4695,9.5181,9.4327,9.4813,3587576
2024-09-16,D007,演示能源,9.4124,9.4993,9.2806,9.3671,3357086
2024-09-17,D007,演示能源,9.3434,9.3856,9.2855,9.3277,3326934
2024-09-18,D007,演示能源,9.4112,9.5719,9.3076,9.4677,8212635
2024-09-19,D007,演示能源,9.5282,9.6496,9.448,9.569,3539810
2024-09-20,D007,演示能源,9.5616,9.5881,9.5301,9.5566,2712817
2024-09-23,D007,演示能源,9.5917,9.6698,9.5372,9.6152,3161805
2024-09-24,D007,演示能源,9.6973,9.856,9.5946,9.7528,5271121
2024-09-25,D007,演示能源,9.7626,9.7986,9.7332,9.7692,5063638
2024-09-26,D007,演示能源,9.7766,9.8085,9.7496,9.7815,3504533
2024-09-27,D007,演示能源,9.8238,9.9146,9.7616,9.8522,5087320
2024-09-30,D007,演示能源,9.8506,9.8719,9.8284,9.8496,2108883
2024-10-01,D007,演示能源,9.7373,9.867,9.5351,9.6638,5026765
2024-10-02,D007,演示能源,9.6647,9.6855,9.6445,9.6653,6105132
2024-10-03,D007,演示能源,9.6369,9.6844,9.5707,9.6181,5195461
2024-10-04,D007,演示能源,9.6524,9.7294,9.5986,9.6754,5042964
2024-10-07,D007,演示能源,9.6212,9.6942,9.5126,9.5853,4503018
2024-10-08,D007,演示能源,9.671,9.8359,9.5647,9.729,9087738
2024-10-09,D007,演示能源,9.7854,9.9003,9.7088,9.8235,3542517
2024-10-10,D007,演示能源,9.8536,9.924,9.8036,9.8738,2795077
2024-10-11,D007,演示能源,9.843,9.8934,9.7722,9.8225,5501916
2024-10-14,D007,演示能源,9.8448,9.9018,9.8027,9.8597,3983974
2024-10-15,D007,演示能源,9.8593,9.8794,9.839,9.8591,4212300
2024-10-16,D007,演示能源,9.7584,9.8769,9.5748,9.6925,3321272
2024-10-17,D007,演示能源,9.784,9.9593,9.6715,9.846,4428960
2024-10-18,D007,演示能源,9.881,9.9594,9.8261,9.9044,4672849
2024-10-21,D007,演示能源,9.9648,10.0867,9.8839,10.0054,4267917
2024-10-22,D007,演示能源,9.93,10.0244,9.7864,9.8803,2860497
2024-10-23,D007,演示能源,9.8311,9.8995,9.7303,9.7985,3480088
2024-10-24,D007,演示能源,9.7814,9.818,9.7334,9.77,6280404
2024-10-25,D007,演示能源,9.7835,9.8256,9.7504,9.7925,4677700
2024-10-28,D007,演示能源,9.7321,9.8113,9.6133,9.6922,3788255
2024-10-29,D007,演示能源,9.651,9.7112,9.5636,9.6237,3108852
2024-10-30,D007,演示能源,9.531,9.6413,9.3607,9.4702,6798803
2024-10-31,D007,演示能源,9.3921,9.488,9.2453,9.3407,3680869
2024-11-01,D007,演示能源,9.3446,9.3699,9.322,9.3473,3579338
2024-11-04,D007,演示能源,9.3037,9.3655,9.2134,9.275,4728770
2024-11-05,D007,演示能源,9.2525,9.2934,9.1967,9.2375,3854765
2024-11-06,D007,演示能源,9.2476,9.2828,9.219,9.2543,4016069
2024-11-07,D007,演示能源,9.2042,9.2722,9.1034,9.1712,6387393
2024-11-08,D007,演示能源,9.1396,9.1893,9.0692,9.1187,4574042
2024-11-11,D007,演示能源,9.0294,9.1353,8.8655,8.9707,5242015
2024-11-12,D007,演示能源,8.9724,8.9932,8.9528,8.9736,1727985
2024-11-13,D007,演示能源,8.9943,9.0471,8.9555,9.0082,6574481
2024-11-14,D007,演示能源,8.907,9.0242,8.7245,8.8408,8609418
2024-11-15,D007,演示能源,8.9637,9.1927,8.82,9.0476,8732623
2024-11-18,D007,演示能源,9.0351,9.0657,8.9961,9.0267,6299083
2024-11-19,D007,演示能源,9.006,9.0446,8.9535,8.9922,4701578
2024-11-20,D007,演示能源,8.977,9.0101,8.9339,8.9669,8201568
2024-11-21,D007,演示能源,8.8595,8.9825,8.6672,8.7893,2723988
2024-11-22,D007,演示能源,8.735,8.8062,8.6283,8.6992,6932771
2024-11-25,D007,演示能源,8.6656,8.7163,8.5927,8.6433,5644477
2024-11-26,D007,演示能源,8.6317,8.6606,8.5952,8.624,6097732
2024-11-27,D007,演示能源,8.5073,8.6384,8.3014,8.4313,6244826
2024-11-28,D007,演示能源,8.4083,8.448,8.3534,8.393,3964240
2024-11-29,D007,演示能源,8.5186,8.7518,8.3728,8.6045,4205955
2024-12-02,D007,演示能源,8.6392,8.7148,8.587,8.6625,12452655
2024-12-03,D007,演示能源,8.7606,8.9458,8.6431,8.8273,3686279
2024-12-04,D007,演示能源,8.8058,8.8449,8.7526,8.7916,4406984
2024-12-05,D007,演示能源,8.8528,8.9742,8.7731,8.8941,4616824
2024-12-06,D007,演示能源,8.8983,8.9232,8.8763,8.9012,2525363
2024-12-09,D007,演示能源,8.8502,8.9184,8.7486,8.8165,5750797
2024-12-10,D007,演示能源,8.9051,9.0736,8.7972,8.9651,4649403
2024-12-11,D007,演示能源,9.0308,9.1603,8.9462,9.0752,3388371
2024-12-12,D007,演示能源,9.1234,9.2229,9.0565,9.1558,3877714
2024-12-13,D007,演示能源,9.2338,9.3846,9.1362,9.2865,4610429
2024-12-16,D007,演示能源,9.3067,9.359,9.2678,9.3201,3119652
2024-12-17,D007,演示能源,9.2424,9.3376,9.0968,9.1913,5742592
2024-12-18,D007,演示能源,9.206,9.2489,9.1729,9.2158,5127414
2024-12-19,D007,演示能源,9.325,9.5302,9.195,9.3992,4626579
2024-12-20,D007,演示能源,9.3777,9.4179,9.3233,9.3634,3130540
2024-12-23,D007,演示能源,9.4247,9.5471,9.3439,9.466,6062445
2024-12-24,D007,演示能源,9.5006,9.5778,9.4468,9.5238,10651406
2024-12-25,D007,演示能源,9.5038,9.5428,9.4516,9.4905,7007762
2024-12-26,D007,演示能源,9.5071,9.5538,9.4714,9.5181,5615171
2024-12-27,D007,演示能源,9.6274,9.8333,9.4968,9.7017,5942817
2024-12-30,D007,演示能源,9.7043,9.728,9.6822,9.706,5149591
2024-12-31,D007,演示能源,9.6159,9.7238,9.4494,9.5567,1941366
2025-01-01,D007,演示能源,9.4706,9.5744,9.3109,9.4141,5119206
2025-01-02,D007,演示能源,9.4258,9.4643,9.3952,9.4337,3390356
2025-01-03,D007,演示能源,9.4431,9.4777,9.4148,9.4493,6839916
2025-01-06,D007,演示能源,9.359,9.4666,9.1927,9.2997,2840750
2025-01-07,D007,演示能源,9.2828,9.3182,9.2361,9.2715,2682781
2025-01-08,D007,演示能源,9.3347,9.4602,9.2521,9.3773,4195026
2025-01-09,D007,演示能源,9.4266,9.5287,9.358,9.4598,4962627
2025-01-10,D007,演示能源,9.3681,9.4771,9.1996,9.3079,1737672
2025-01-13,D007,演示能源,9.3725,9.5006,9.2884,9.4161,3285165
2025-01-14,D007,演示能源,9.3916,9.4347,9.3322,9.3753,2558347
2025-01-15,D007,演示能源,9.4135,9.4966,9.3562,9.4392,8954475
2025-01-16,D007,演示能源,9.2927,9.454,9.0378,9.1975,5624366
2025-01-17,D007,演示能源,9.1521,9.2154,9.059,9.1221,5605670
2025-01-20,D007,演示能源,9.1708,9.2713,9.1034,9.2036,7261118
2025-01-21,D007,演示能源,9.2388,9.3166,9.1849,9.2625,3641787
2025-01-22,D007,演示能源,9.2448,9.2809,9.197,9.233,4837664
2025-01-23,D007,演示能源,9.1208,9.249,8.9202,9.0474,5834203
2025-01-24,D007,演示能源,9.0935,9.1893,9.0288,9.1245,3492970
2025-01-27,D007,演示能源,9.1948,9.3324,9.1052,9.2423,4160809
2025-01-28,D007,演示能源,9.2815,9.3661,9.2234,9.3079,6013811
2025-01-29,D007,演示能源,9.2616,9.326,9.1669,9.2311,3370555
2025-01-30,D007,演示能源,9.2806,9.3826,9.2121,9.3139,6252457
2025-01-31,D007,演示能源,9.359,9.4537,9.2948,9.3893,4568188
2025-02-03,D007,演示能源,9.2908,9.4062,9.1117,9.2263,4764046
2025-02-04,D007,演示能源,9.1446,9.2434,8.9926,9.0909,5443469
2025-02-05,D007,演示能源,9.1317,9.2186,9.0723,9.1591,6546255
2025-02-06,D007,演示能源,9.1725,9.2134,9.1407,9.1815,10790422
2025-02-07,D007,演示能源,9.1677,9.1998,9.1265,9.1586,7294031
2025-02-10,D007,演示能源,9.2411,9.3998,9.1388,9.297,4491240
2025-02-11,D007,演示能源,9.2828,9.3155,9.2407,9.2734,5170925
2025-02-12,D007,演示能源,9.3063,9.3801,9.2546,9.3283,3434105
2025-02-13,D007,演示能源,9.3721,9.4645,9.3092,9.4015,3663938
2025-02-14,D007,演示能源,9.3116,9.4187,9.1463,9.2527,5807475
2025-02-17,D007,演示能源,9.299,9.3958,9.2337,9.3302,7389018
2025-02-18,D007,演示能源,9.3506,9.4035,9.3114,9.3643,4557637
2025-02-19,D007,演示能源,9.319,9.3825,9.2258,9.2891,4038611
2025-02-20,D007,演示能源,9.345,9.458,9.2698,9.3826,8575069
2025-02-21,D007,演示能源,9.424,9.5124,9.3635,9.4517,4211940
2025-02-24,D007,演示能源,9.4966,9.5912,9.4324,9.5268,2951420
2025-02-25,D007,演示能源,9.6383,9.8482,9.5053,9.7141,4212610
2025-02-26,D007,演示能源,9.7666,9.8747,9.6941,9.8019,4064683
2025-02-27,D007,演示能源,9.7262,9.8204,9.5825,9.6763,5231121
2025-02-28,D007,演示能源,9.6157,9.6949,9.4968,9.5757,2794573
2025-03-03,D007,演示能源,9.5776,9.6,9.5565,9.5789,5818139
2025-03-04,D007,演示能源,9.7336,10.0199,9.5553,9.8396,4447024
2025-03-05,D007,演示能源,9.7949,9.8588,9.7017,9.7654,2867448
2025-03-06,D007,演示能源,9.6847,9.7837,9.5331,9.6316,6905728
2025-03-07,D007,演示能源,9.6951,9.8219,9.6115,9.7379,6395335
2025-03-10,D007,演示能源,9.8032,9.9331,9.7176,9.8471,5035260
2025-03-11,D007,演示能源,9.9014,10.0128,9.8268,9.9379,4707634
2025-03-12,D007,演示能源,9.8409,9.9561,9.6629,9.7773,3014638
2025-03-13,D007,演示能源,9.8503,9.9936,9.7567,9.8995,1799214
2025-03-14,D007,演示能源,9.9045,9.9326,9.8797,9.9078,4899136
2025-03-17,D007,演示能源,10.0383,10.2819,9.8849,10.1271,8576216
2025-03-18,D007,演示能源,10.1876,10.31,10.1062,10.2282,4871519
2025-03-19,D007,演示能源,10.2308,10.2554,10.2078,10.2324,7605512
2025-03-20,D007,演示能源,10.2987,10.4312,10.2111,10.3433,5103001
2025-03-21,D007,演示能源,10.4697,10.7068,10.3198,10.5556,4489726
2025-03-24,D007,演示能源,10.592,10.6743,10.5343,10.6164,2826929
2025-03-25,D007,演示能源,10.5781,10.6373,10.4936,10.5527,4602934
2025-03-26,D007,演示能源,10.5763,10.637,10.5315,10.5921,3104515
2025-03-27,D007,演示能源,10.6383,10.7375,10.5705,10.6694,4784266
2025-03-28,D007,演示能源,10.5981,10.6898,10.4599,10.5512,4234461
2025-03-31,D007,演示能源,10.6243,10.7694,10.5291,10.6737,7108561
2025-04-01,D007,演示能源,10.5905,10.6938,10.433,10.5358,2461853
2025-04-02,D007,演示能源,10.6234,10.7933,10.5133,10.6826,3057698
2025-04-03,D007,演示能源,10.5987,10.7027,10.4399,10.5434,3664249
2025-04-04,D007,演示能源,10.4864,10.5639,10.3715,10.4487,4532747
2025-04-07,D007,演示能源,10.4656,10.5146,10.4278,10.4768,5329104
2025-04-08,D007,演示能源,10.4448,10.4975,10.371,10.4236,4422084
2025-04-09,D007,演示能源,10.4015,10.4443,10.344,10.3868,4724224
2025-04-10,D007,演示能源,10.3925,10.4228,10.366,10.3963,5331483
2025-04-11,D007,演示能源,10.3524,10.4167,10.2591,10.3233,7672599
2025-04-14,D007,演示能源,10.3421,10.3942,10.3025,10.3546,5130605
2025-04-15,D007,演示能源,10.3692,10.4143,10.3339,10.3789,3281766
2025-04-16,D007,演示能源,10.3294,10.3992,10.227,10.2966,4713750
2025-04-17,D007,演示能源,10.3002,10.3269,10.276,10.3027,6191057
2025-04-18,D007,演示能源,10.3637,10.4874,10.2813,10.4047,4964221
2025-04-21,D007,演示能源,10.2775,10.4227,10.0504,10.1944,5606055
2025-04-22,D007,演示能源,10.1854,10.2148,10.1502,10.1795,4975418
2025-04-23,D007,演示能源,10.1199,10.1991,10.0017,10.0806,8451247
2025-04-24,D007,演示能源,9.9918,10.0993,9.8265,9.9334,2525692
2025-04-25,D007,演示能源,9.9614,10.0282,9.9133,9.9801,6125813
2025-04-28,D007,演示能源,10.0203,10.1079,9.9598,10.0473,4587642
2025-04-29,D007,演示能源,9.9844,10.0666,9.861,9.9429,8164701
2025-04-30,D007,演示能源,9.9835,10.0717,9.9226,10.0107,2326109
2025-05-01,D007,演示能源,10.0357,10.0976,9.9905,10.0524,2960450
2025-05-02,D007,演示能源,10.0071,10.0721,9.9123,9.9771,4506691
2025-05-05,D007,演示能源,9.9873,10.0244,9.9571,9.9942,3878084
2025-05-06,D007,演示能源,9.9223,10.0132,9.7846,9.875,4394896
2025-05-07,D007,演示能源,9.7953,9.8936,9.6452,9.7429,5216719
2025-05-08,D007,演示能源,9.7365,9.7623,9.7063,9.7322,5115662
2025-05-09,D007,演示能源,9.7572,9.8186,9.7125,9.7739,2920610
2025-05-12,D007,演示能源,9.6961,9.7923,9.5491,9.6449,3460780
2025-05-13,D007,演示能源,9.6368,9.6641,9.6043,9.6315,4569991
2025-05-14,D007,演示能源,9.6385,9.6696,9.6122,9.6432,8392480
2025-05-15,D007,演示能源,9.6339,9.6625,9.599,9.6276,3312226
2025-05-16,D007,演示能源,9.5316,9.6451,9.3558,9.4686,4677461
2025-05-19,D007,演示能源,9.6014,9.8487,9.4463,9.6921,6390662
2025-05-20,D007,演示能源,9.6791,9.7114,9.6382,9.6705,5080300
2025-05-21,D007,演示能源,9.729,9.8472,9.6504,9.7684,3389906
2025-05-22,D007,演示能源,9.7925,9.8524,9.7487,9.8086,2536256
2025-05-23,D007,演示能源,9.8492,9.9372,9.7886,9.8764,6590120
2025-05-26,D007,演示能源,9.8287,9.8957,9.7302,9.7971,4429235
2025-05-27,D007,演示能源,9.9371,10.1975,9.7738,10.0327,12889685
2025-05-28,D007,演示能源,10.1042,10.2455,10.0116,10.1525,2599320
2025-05-29,D007,演示能源,10.0622,10.1713,9.8943,10.0028,4527190
2025-05-30,D007,演示能源,9.9564,10.0224,9.86,9.9257,3377474
2025-06-02,D007,演示能源,9.8834,9.9452,9.7937,9.8553,2194521
2025-06-03,D007,演示能源,9.807,9.8746,9.7078,9.7751,4134797
2025-06-04,D007,演示能源,9.7729,9.7947,9.7496,9.7714,3756276
2025-06-05,D007,演示能源,9.837,9.9676,9.751,9.8812,5358665
2025-06-06,D007,演示能源,9.8999,9.9509,9.8614,9.9123,6108311
2025-06-09,D007,演示能源,9.8835,9.9319,9.816,9.8644,6654948
2025-06-10,D007,演示能源,9.9051,9.9935,9.8443,9.9325,3612506
2025-06-11,D007,演示能源,9.9195,9.9523,9.8782,9.9109,4767887
2025-06-12,D007,演示能源,9.8461,9.9299,9.7199,9.8033,6098290
2025-06-13,D007,演示能源,9.8284,9.89,9.7836,9.8452,4553001
2025-06-16,D007,演示能源,9.9131,10.0478,9.8245,9.9589,3586820
2025-06-17,D007,演示能源,9.9469,9.9787,9.9072,9.939,1855017
2025-06-18,D007,演示能源,10.0094,10.1486,9.9181,10.0569,2447591
2025-06-19,D007,演示能源,10.1949,10.4521,10.0333,10.289,5111798
2025-06-20,D007,演示能源,10.3158,10.3813,10.2683,10.3337,4158712
2025-06-23,D007,演示能源,10.3315,10.3543,10.3073,10.3301,6534000
2025-06-24,D007,演示能源,10.2661,10.35,10.1405,10.224,2068510
2025-06-25,D007,演示能源,10.2118,10.2444,10.1712,10.2037,4602016
2025-06-26,D007,演示能源,10.1466,10.2235,10.0322,10.1088,5569948
2025-06-27,D007,演示能源,10.0397,10.1281,9.9062,9.9942,8339759
2025-06-30,D007,演示能源,9.9957,10.0183,9.9742,9.9968,5407645
2025-07-01,D007,演示能源,10.0993,10.2941,9.9748,10.1688,5335723
2025-07-02,D007,演示能源,10.2802,10.4909,10.1462,10.3558,6962759
2025-07-03,D007,演示能源,10.4177,10.5431,10.3344,10.4594,2639307
2025-07-04,D007,演示能源,10.4844,10.5474,10.4383,10.5012,4512953
2025-07-07,D007,演示能源,10.3767,10.5195,10.1537,10.2954,3404745
2025-07-08,D007,演示能源,10.2986,10.3247,10.2748,10.3008,4863393
2025-07-09,D007,演示能源,10.3081,10.3408,10.2802,10.3129,2986699
2025-07-10,D007,演示能源,10.3416,10.4103,10.2921,10.3607,2625956
2025-07-11,D007,演示能源,10.347,10.3814,10.3036,10.3379,4187548
2025-07-14,D007,演示能源,10.3527,10.3982,10.3172,10.3626,4489306
2025-07-15,D007,演示能源,10.3385,10.3832,10.2778,10.3224,5487184
2025-07-16,D007,演示能源,10.4603,10.7177,10.2984,10.5544,4319767
2025-07-17,D007,演示能源,10.5743,10.6289,10.5331,10.5877,6133231
2025-07-18,D007,演示能源,10.7326,11.0026,10.5629,10.8314,8628694
2025-07-21,D007,演示能源,10.7894,10.8527,10.6985,10.7616,4217547
2025-07-22,D007,演示能源,10.6135,10.7795,10.3526,10.517,7503894
2025-07-23,D007,演示能源,10.5473,10.6192,10.4958,10.5676,5227933
2025-07-24,D007,演示能源,10.5963,10.6657,10.5463,10.6156,4173391
2025-07-25,D007,演示能源,10.5346,10.6356,10.3809,10.4814,8401097
2025-07-28,D007,演示能源,10.4692,10.5023,10.428,10.4611,4663561
2025-07-29,D007,演示能源,10.4483,10.4819,10.4062,10.4398,6650271
2025-07-30,D007,演示能源,10.4364,10.4607,10.4097,10.4341,10209792
2025-07-31,D007,演示能源,10.3958,10.4546,10.3117,10.3704,5061776
2025-08-01,D007,演示能源,10.283,10.3898,10.1193,10.2255,4179900
2025-08-04,D007,演示能源,10.293,10.4276,10.2042,10.3384,8213573
2025-08-05,D007,演示能源,10.2854,10.3586,10.1773,10.2503,6086046
2025-08-06,D007,演示能源,10.1861,10.27,10.0603,10.1438,3381269
2025-08-07,D007,演示能源,10.2084,10.338,10.1227,10.252,4360164
2025-08-08,D007,演示能源,10.3249,10.4689,10.2304,10.374,4912954
2025-08-11,D007,演示能源,10.3838,10.4208,10.3533,10.3903,4690987
2025-08-12,D007,演示能源,10.3391,10.4105,10.2341,10.3053,4191475
2025-08-13,D007,演示能源,10.2845,10.3258,10.2295,10.2707,3003550
2025-08-14,D007,演示能源,10.3655,10.5472,10.2485,10.4296,5668400
2025-08-15,D007,演示能源,10.5012,10.6432,10.4078,10.5494,8170794
2025-08-18,D007,演示能源,10.6387,10.8114,10.5269,10.699,4245067
2025-08-19,D007,演示能源,10.6568,10.72,10.5657,10.6288,4406314
2025-08-20,D007,演示能源,10.4626,10.6454,10.1736,10.3546,3921041
2025-08-21,D007,演示能源,10.353,10.3753,10.3297,10.352,9967721
2025-08-22,D007,演示能源,10.3348,10.3726,10.2856,10.3234,5291594
2025-08-25,D007,演示能源,10.168,10.3398,9.8969,10.067,6393189
2025-08-26,D007,演示能源,10.0863,10.1387,10.0468,10.0992,4745882
2025-08-27,D007,演示能源,10.0751,10.1192,10.015,10.059,5356712
2025-08-28,D007,演示能源,10.0827,10.1425,10.0388,10.0985,5078956
2025-08-29,D007,演示能源,10.0342,10.1179,9.9083,9.9917,6195052
2025-09-01,D007,演示能源,10.0064,10.0511,9.9717,10.0163,4279376
2025-09-02,D007,演示能源,9.9682,10.0358,9.8691,9.9365,5668305
2025-09-03,D007,演示能源,9.9332,9.9563,9.9078,9.931,3497729
2025-09-04,D007,演示能源,9.8929,9.9505,9.8101,9.8676,4773287
2025-09-05,D007,演示能源,9.8704,9.8947,9.8479,9.8722,4821947
2025-09-08,D007,演示能源,9.883,9.9209,9.8524,9.8903,5400275
2025-09-09,D007,演示能源,9.9287,10.0132,9.8702,9.9545,3145485
2025-09-10,D007,演示能源,9.9012,9.9738,9.7935,9.8659,3054754
2025-09-11,D007,演示能源,9.876,9.9128,9.8461,9.8828,3742546
2025-09-12,D007,演示能源,9.7957,9.9011,9.6337,9.7385,5210181
2025-09-15,D007,演示能源,9.7387,9.7584,9.719,9.7388,7151277
2025-09-16,D007,演示能源,9.7962,9.9127,9.7186,9.8348,5900060
2025-09-17,D007,演示能源,9.7854,9.854,9.6843,9.7527,4081936
2025-09-18,D007,演示能源,9.8041,9.9104,9.7326,9.8387,3606139
2025-09-19,D007,演示能源,9.9038,10.0338,9.8181,9.9477,4084707
2025-09-22,D007,演示能源,10.0246,10.1748,9.9267,10.0764,9379962
2025-09-23,D007,演示能源,10.101,10.1624,10.0561,10.1174,7506679
2025-09-24,D007,演示能源,10.1407,10.2,10.0971,10.1563,3874434
2025-09-25,D007,演示能源,10.1401,10.1765,10.0928,10.1293,2684833
2025-09-26,D007,演示能源,10.124,10.1495,10.0949,10.1204,7165347
2025-09-29,D007,演示能源,10.1178,10.1407,10.0933,10.1161,4797261
2025-09-30,D007,演示能源,10.1122,10.1363,10.0855,10.1096,5752595
2025-10-01,D007,演示能源,10.1139,10.1414,10.0894,10.1168,3433414
2025-10-02,D007,演示能源,10.0124,10.1351,9.822,9.9439,10375560
2025-10-03,D007,演示能源,9.9211,9.9636,9.8636,9.906,6966738
2025-10-06,D007,演示能源,10.0386,10.2859,9.883,10.1289,2382396
2025-10-07,D007,演示能源,10.2299,10.4223,10.1068,10.2984,2845983
2025-10-08,D007,演示能源,10.298,10.319,10.2768,10.2978,5063212
2025-10-09,D007,演示能源,10.2579,10.318,10.1716,10.2315,4866397
2025-10-10,D007,演示能源,10.3218,10.4958,10.2096,10.3829,3695476
2025-10-13,D007,演示能源,10.3454,10.4033,10.2627,10.3205,4069572
2025-10-14,D007,演示能源,10.3631,10.4555,10.2995,10.3917,7689998
2025-10-15,D007,演示能源,10.4321,10.5208,10.3705,10.4592,5067266
2025-10-16,D007,演示能源,10.4643,10.4938,10.4382,10.4677,3474746
2025-10-17,D007,演示能源,10.5177,10.6228,10.4463,10.5512,3382219
2025-10-20,D007,演示能源,10.5163,10.572,10.4377,10.4932,3180426
2025-10-21,D007,演示能源,10.4715,10.5141,10.4144,10.457,3101076
2025-10-22,D007,演示能源,10.4997,10.5925,10.4357,10.5283,3515891
2025-10-23,D007,演示能源,10.4028,10.5467,10.1781,10.3208,5186125
2025-10-24,D007,演示能源,10.3271,10.3584,10.3001,10.3314,6285006
2025-10-27,D007,演示能源,10.3817,10.4873,10.3102,10.4155,2704210
2025-10-28,D007,演示能源,10.5215,10.7231,10.3927,10.5934,4804994
2025-10-29,D007,演示能源,10.6647,10.8067,10.5713,10.7128,5576100
2025-10-30,D007,演示能源,10.6784,10.734,10.6001,10.6556,6492860
2025-10-31,D007,演示能源,10.6773,10.735,10.6342,10.6918,4800780
2025-11-03,D007,演示能源,10.5514,10.7099,10.3026,10.4597,3611097
2025-11-04,D007,演示能源,10.4882,10.5568,10.4386,10.5072,5157302
2025-11-05,D007,演示能源,10.5748,10.7102,10.4853,10.6203,7759330
2025-11-06,D007,演示能源,10.5808,10.6413,10.4944,10.5547,4082143
2025-11-07,D007,演示能源,10.472,10.5745,10.3156,10.4176,5542794
2025-11-10,D007,演示能源,10.3725,10.438,10.2774,10.3427,3282902
2025-11-11,D007,演示能源,10.4438,10.6367,10.3202,10.5123,6366092
2025-11-12,D007,演示能源,10.5465,10.6252,10.491,10.5695,9312685
2025-11-13,D007,演示能源,10.5438,10.5905,10.48,10.5266,2356901
2025-11-14,D007,演示能源,10.5051,10.5476,10.4483,10.4908,8459378
2025-11-17,D007,演示能源,10.4545,10.5115,10.3737,10.4305,7126450
2025-11-18,D007,演示能源,10.4379,10.4712,10.4096,10.4429,3866370
2025-11-19,D007,演示能源,10.3873,10.4632,10.2749,10.3505,5947418
2025-11-20,D007,演示能源,10.3772,10.4426,10.3296,10.395,3934614
2025-11-21,D007,演示能源,10.4613,10.5943,10.3734,10.506,3868269
2025-11-24,D007,演示能源,10.515,10.5511,10.485,10.5211,4505811
2025-11-25,D007,演示能源,10.4678,10.5415,10.3592,10.4327,4890891
2025-11-26,D007,演示能源,10.4564,10.5172,10.4117,10.4723,4505647
2025-11-27,D007,演示能源,10.4732,10.4956,10.4514,10.4738,4151048
2025-11-28,D007,演示能源,10.5417,10.6776,10.452,10.5875,3651396
2025-12-01,D007,演示能源,10.5732,10.6086,10.5282,10.5636,6966418
2025-12-02,D007,演示能源,10.6155,10.7242,10.542,10.6504,6508870
2025-12-03,D007,演示能源,10.6425,10.6717,10.6081,10.6373,4205065
2025-12-04,D007,演示能源,10.7052,10.8413,10.6151,10.7509,3978464
2025-12-05,D007,演示能源,10.7414,10.7724,10.7041,10.7351,4343750
2024-01-02,D008,演示电力,21.0,21.1833,20.8167,21.0,5299744
2024-01-03,D008,演示电力,21.1141,21.3487,20.9567,21.1908,6764675
2024-01-04,D008,演示电力,21.1266,21.2327,20.978,21.084,6101958
2024-01-05,D008,演示电力,21.1451,21.2899,21.0414,21.186,7877105
2024-01-08,D008,演示电力,21.2037,21.2757,21.1436,21.2155,3075022
2024-01-09,D008,演示电力,21.2506,21.3518,21.1729,21.2741,5357100
2024-01-10,D008,演示电力,21.2105,21.3162,21.0628,21.1683,4688904
2024-01-11,D008,演示电力,21.2246,21.3614,21.1256,21.2622,8166650
2024-01-12,D008,演示电力,21.2058,21.3044,21.07,21.1684,5617902
2024-01-15,D008,演示电力,21.2375,21.396,21.1256,21.2838,3777659
2024-01-16,D008,演示电力,21.3057,21.385,21.2412,21.3204,5076698
2024-01-17,D008,演示电力,21.3907,21.5516,21.2772,21.4379,12925155
2024-01-18,D008,演示电力,21.5457,21.7704,21.3939,21.6181,6429730
2024-01-19,D008,演示电力,21.4592,21.6591,21.1557,21.3546,2283397
2024-01-22,D008,演示电力,21.2044,21.3953,20.9156,21.1055,7444444
2024-01-23,D008,演示电力,21.2224,21.4621,21.062,21.3011,6741752
2024-01-24,D008,演示电力,21.3103,21.3683,21.2584,21.3164,5997425
2024-01-25,D008,演示电力,21.3415,21.4262,21.2737,21.3583,3717123
2024-01-26,D008,演示电力,21.3134,21.4007,21.1965,21.2837,9602445
2024-01-29,D008,演示电力,21.3009,21.3722,21.241,21.3123,8986894
2024-01-30,D008,演示电力,21.3912,21.5667,21.2691,21.4442,5759107
2024-01-31,D008,演示电力,21.6184,21.9571,21.3986,21.7361,5989182
2024-02-01,D008,演示电力,21.8385,22.0545,21.6916,21.9072,3003580
2024-02-02,D008,演示电力,22.1396,22.58,21.8588,22.2972,5296985
2024-02-05,D008,演示电力,22.2061,22.341,22.0111,22.1457,4975788
2024-02-06,D008,演示电力,22.188,22.3032,22.1012,22.2163,4835336
2024-02-07,D008,演示电力,22.3015,22.4893,22.1711,22.3587,6010849
2024-02-08,D008,演示电力,22.3084,22.4031,22.1804,22.275,7732092
2024-02-09,D008,演示电力,22.1151,22.3173,21.8087,22.0098,5587149
2024-02-12,D008,演示电力,22.0847,22.2545,21.9653,22.1348,5115223
2024-02-13,D008,演示电力,22.1024,22.179,22.0044,22.0808,7704423
2024-02-14,D008,演示电力,21.9817,22.1241,21.7742,21.9161,9954599
2024-02-15,D008,演示电力,21.838,21.9593,21.6653,21.7863,3600384
2024-02-16,D008,演示电力,21.7652,21.8298,21.6867,21.7512,5852448
2024-02-19,D008,演示电力,21.896,22.1845,21.7058,21.9935,5529625
2024-02-20,D008,演示电力,21.9182,22.0369,21.7497,21.8682,5813845
2024-02-21,D008,演示电力,21.8495,21.9119,21.7746,21.837,4739516
2024-02-22,D008,演示电力,21.9408,22.1596,21.7923,22.0106,5779944
2024-02-23,D008,演示电力,22.1467,22.421,21.9649,22.2384,8837944
2024-02-26,D008,演示电力,22.2346,22.2829,22.1837,22.232,5823308
2024-02-27,D008,演示电力,22.3815,22.6792,22.1855,22.4823,11469206
2024-02-28,D008,演示电力,22.4833,22.5299,22.4374,22.484,4318346
2024-02-29,D008,演示电力,22.4335,22.5286,22.305,22.4,6425605
2024-03-01,D008,演示电力,22.4272,22.5176,22.3551,22.4454,2496366
2024-03-04,D008,演示电力,22.4436,22.4903,22.3956,22.4423,4991239
2024-03-05,D008,演示电力,22.424,22.4872,22.3486,22.4117,4286801
2024-03-06,D008,演示电力,22.3294,22.4559,22.1487,22.2749,5078771
2024-03-07,D008,演示电力,22.3621,22.5535,22.2296,22.4207,3696672
2024-03-08,D008,演示电力,22.397,22.4654,22.3129,22.3813,4818249
2024-03-11,D008,演示电力,22.2268,22.4239,21.9288,22.1251,4225875
2024-03-12,D008,演示电力,22.1591,22.2603,22.0807,22.1818,12667084
2024-03-13,D008,演示电力,22.3195,22.5968,22.1357,22.4122,7744004
2024-03-14,D008,演示电力,22.4606,22.5866,22.3671,22.493,3982207
2024-03-15,D008,演示电力,22.5516,22.6949,22.4476,22.5908,7240796
2024-03-18,D008,演示电力,22.6836,22.8852,22.5448,22.7459,5753216
2024-03-19,D008,演示电力,22.6832,22.791,22.5339,22.6416,5743990
2024-03-20,D008,演示电力,22.6786,22.7859,22.5961,22.7033,5561906
2024-03-21,D008,演示电力,22.8051,23.0222,22.6569,22.8735,5144808
2024-03-22,D008,演示电力,22.7448,22.9178,22.4873,22.6597,5016489
2024-03-25,D008,演示电力,22.6778,22.7533,22.6143,22.6898,6359365
2024-03-26,D008,演示电力,22.9704,23.4963,22.6381,23.1613,6065310
2024-03-27,D008,演示电力,23.1938,23.2946,23.1148,23.2156,10312690
2024-03-28,D008,演示电力,23.2143,23.262,23.1657,23.2134,3745119
2024-03-29,D008,演示电力,23.3736,23.6913,23.1648,23.4816,4869493
2024-04-01,D008,演示电力,23.4593,23.5284,23.3754,23.4445,2979218
2024-04-02,D008,演示电力,23.4186,23.4913,23.3286,23.4013,6059773
2024-04-03,D008,演示电力,23.475,23.6458,23.354,23.5244,6135533
2024-04-04,D008,演示电力,23.634,23.8657,23.4763,23.7076,3676256
2024-04-05,D008,演示电力,23.8743,24.2042,23.6579,23.9868,3485144
2024-04-08,D008,演示电力,24.0556,24.2191,23.9383,24.1016,8351581
2024-04-09,D008,演示电力,24.1317,24.2303,24.0533,24.1518,5532990
2024-04-10,D008,演示电力,24.3102,24.6266,24.1014,24.4169,3810455
2024-04-11,D008,演示电力,24.412,24.4657,24.3549,24.4087,8143940
2024-04-12,D008,演示电力,24.4986,24.6987,24.3591,24.5589,6157847
2024-04-15,D008,演示电力,24.35,24.6047,23.9594,24.2126,4078587
2024-04-16,D008,演示电力,24.1648,24.2608,24.0372,24.1331,3400802
2024-04-17,D008,演示电力,24.1938,24.3441,24.0844,24.2345,5477407
2024-04-18,D008,演示电力,24.1707,24.2826,24.0166,24.1283,1466353
2024-04-19,D008,演示电力,24.2479,24.498,24.0788,24.3283,5889730
2024-04-22,D008,演示电力,24.2712,24.3767,24.128,24.2333,3682381
2024-04-23,D008,演示电力,24.1775,24.2814,24.0367,24.1405,5907658
2024-04-24,D008,演示电力,23.9431,24.1857,23.5721,23.8133,7266152
2024-04-25,D008,演示电力,23.7084,23.86,23.4879,23.639,6410672
2024-04-26,D008,演示电力,23.4628,23.6838,23.127,23.3468,6423266
2024-04-29,D008,演示电力,23.4226,23.5968,23.2996,23.4734,5891132
2024-04-30,D008,演示电力,23.4976,23.5851,23.4264,23.5138,4143009
2024-05-01,D008,演示电力,23.6951,24.0497,23.4641,23.8175,5747468
2024-05-02,D008,演示电力,24.0502,24.4943,23.7656,24.2078,7195739
2024-05-03,D008,演示电力,24.2337,24.3253,24.1593,24.2509,5740078
2024-05-06,D008,演示电力,24.1871,24.299,24.033,24.1447,4676965
2024-05-07,D008,演示电力,24.1079,24.1928,23.9986,24.0835,7212955
2024-05-08,D008,演示电力,24.0457,24.1314,23.9349,24.0206,9732283
2024-05-09,D008,演示电力,23.9475,24.0681,23.7785,23.899,6741755
2024-05-10,D008,演示电力,23.9063,23.9665,23.8511,23.9113,3983636
2024-05-13,D008,演示电力,23.8985,23.9591,23.8294,23.89,5458045
2024-05-14,D008,演示电力,24.0476,24.3623,23.8401,24.1539,6936865
2024-05-15,D008,演示电力,24.1527,24.2022,24.1025,24.152,5071509
2024-05-16,D008,演示电力,24.3497,24.7337,24.1006,24.4833,5472422
2024-05-17,D008,演示电力,24.5332,24.6659,24.434,24.5666,4428535
2024-05-20,D008,演示电力,24.5318,24.6156,24.4249,24.5087,3983975
2024-05-21,D008,演示电力,24.5162,24.5779,24.4596,24.5213,7065845
2024-05-22,D008,演示电力,24.4011,24.5691,24.1541,24.3216,3600583
2024-05-23,D008,演示电力,24.6771,25.3375,24.2635,24.9199,5768021
2024-05-24,D008,演示电力,24.915,24.9697,24.857,24.9117,5830405
2024-05-27,D008,演示电力,24.9386,25.0335,24.8618,24.9566,4715412
2024-05-28,D008,演示电力,24.9584,25.0114,24.9067,24.9596,5027683
2024-05-29,D008,演示电力,24.877,25.0089,24.6906,24.8222,9609267
2024-05-30,D008,演示电力,24.6747,24.8701,24.3827,24.5773,5715151
2024-05-31,D008,演示电力,24.3331,24.622,23.886,24.1729,4027298
2024-06-03,D008,演示电力,24.2636,24.4645,24.1238,24.3244,7003730
2024-06-04,D008,演示电力,24.2886,24.3729,24.1806,24.2648,6865144
2024-06-05,D008,演示电力,24.1831,24.3127,23.9997,24.129,2428198
2024-06-06,D008,演示电力,24.1969,24.3592,24.0803,24.2424,10162861
2024-06-07,D008,演示电力,24.3451,24.5668,24.193,24.4141,4009426
2024-06-10,D008,演示电力,24.3169,24.4621,24.1076,24.2525,4878274
2024-06-11,D008,演示电力,24.1906,24.3006,24.0397,24.1495,8172976
2024-06-12,D008,演示电力,24.3019,24.6081,24.0993,24.4046,3231745
2024-06-13,D008,演示电力,24.1463,24.4484,23.6771,23.9771,4222260
2024-06-14,D008,演示电力,23.839,24.0234,23.5641,23.7478,10479617
2024-06-17,D008,演示电力,23.6843,23.7949,23.5318,23.6422,9525873
2024-06-18,D008,演示电力,23.6501,23.7106,23.5949,23.6554,7917741
2024-06-19,D008,演示电力,23.6536,23.7027,23.6032,23.6523,5509991
2024-06-20,D008,演示电力,23.6154,23.6995,23.507,23.5909,9749855
2024-06-21,D008,演示电力,23.5493,23.6379,23.4332,23.5217,5178042
2024-06-24,D008,演示电力,23.6927,24.0297,23.4722,23.8081,5418319
2024-06-25,D008,演示电力,23.86,23.9947,23.7602,23.8947,8560476
2024-06-26,D008,演示电力,23.8921,23.9425,23.84,23.8904,2752680
2024-06-27,D008,演示电力,23.9302,24.0448,23.8424,23.9569,6561997
2024-06-28,D008,演示电力,24.0997,24.389,23.9072,24.1958,8946273
2024-07-01,D008,演示电力,24.2242,24.3202,24.1473,24.2432,9066407
2024-07-02,D008,演示电力,24.1811,24.2913,24.0298,24.1399,3946337
2024-07-03,D008,演示电力,24.1101,24.188,24.0124,24.0903,10133977
2024-07-04,D008,演示电力,24.2545,24.5808,24.0399,24.3652,5704962
2024-07-05,D008,演示电力,24.5325,24.8644,24.3143,24.6452,3543785
2024-07-08,D008,演示电力,24.413,24.6904,23.9848,24.2606,5235712
2024-07-09,D008,演示电力,23.9708,24.3028,23.4522,23.7815,6522707
2024-07-10,D008,演示电力,23.7068,23.8285,23.5357,23.6572,5182058
2024-07-11,D008,演示电力,23.9038,24.3718,23.6051,24.071,7363093
2024-07-12,D008,演示电力,23.8508,24.1154,23.4433,23.7063,6225557
2024-07-15,D008,演示电力,23.6353,23.7532,23.4707,23.5883,6913495
2024-07-16,D008,演示电力,23.6503,23.8016,23.5407,23.6918,4073668
2024-07-17,D008,演示电力,23.4498,23.7347,23.0084,23.2912,7271888
2024-07-18,D008,演示电力,23.2853,23.3378,23.2289,23.2814,3197965
2024-07-19,D008,演示电力,23.4132,23.6823,23.2333,23.5018,7341699
2024-07-22,D008,演示电力,23.4985,23.5488,23.446,23.4963,4248417
2024-07-23,D008,演示电力,23.5206,23.6081,23.4492,23.5367,4076514
2024-07-24,D008,演示电力,23.4215,23.5827,23.1847,23.3453,7854757
2024-07-25,D008,演示电力,23.2286,23.3908,22.9898,23.1514,5648394
2024-07-26,D008,演示电力,23.1199,23.1976,23.0213,23.0989,8798185
2024-07-29,D008,演示电力,22.9791,23.1439,22.7357,22.8999,4915191
2024-07-30,D008,演示电力,22.6968,22.9423,22.3195,22.5635,2376319
2024-07-31,D008,演示电力,22.374,22.6056,22.0193,22.2495,5473402
2024-08-01,D008,演示电力,22.2218,22.2939,22.1314,22.2034,8034379
2024-08-02,D008,演示电力,22.0399,22.2455,21.7275,21.9322,6305184
2024-08-05,D008,演示电力,22.0975,22.4219,21.8859,22.2092,2594045
2024-08-06,D008,演示电力,22.2779,22.4379,22.1642,22.324,7780479
2024-08-07,D008,演示电力,22.2995,22.3685,22.2142,22.2832,9130573
2024-08-08,D008,演示电力,22.323,22.4343,22.2384,22.3496,6778203
2024-08-09,D008,演示电力,22.3092,22.3941,22.1976,22.2824,7293736
2024-08-12,D008,演示电力,22.1926,22.3262,22.0,22.1332,7220014
2024-08-13,D008,演示电力,22.0985,22.1773,21.9966,22.0754,6777640
2024-08-14,D008,演示电力,22.1155,22.2269,22.031,22.1423,3161441
2024-08-15,D008,演示电力,21.9574,22.1836,21.6108,21.8358,5164121
2024-08-16,D008,演示电力,21.838,21.8855,21.7921,21.8395,4947592
2024-08-19,D008,演示电力,22.0179,22.3646,21.7931,22.1385,7972352
2024-08-20,D008,演示电力,22.1934,22.3297,22.0939,22.2301,5564817
2024-08-21,D008,演示电力,22.3304,22.5438,22.1847,22.3977,8009474
2024-08-22,D008,演示电力,22.6261,23.0604,22.3486,22.781,4474091
2024-08-23,D008,演示电力,22.5738,22.823,22.19,22.4377,4023902
2024-08-26,D008,演示电力,22.4307,22.4826,22.3742,22.4261,6731602
2024-08-27,D008,演示电力,22.2965,22.4694,22.0387,22.2109,3247226
2024-08-28,D008,演示电力,22.181,22.2552,22.0869,22.1611,4781544
2024-08-29,D008,演示电力,22.1466,22.2053,22.0781,22.1369,9635236
2024-08-30,D008,演示电力,21.992,22.1793,21.71,21.8965,6265904
2024-09-02,D008,演示电力,22.0165,22.2631,21.8513,22.0973,7209664
2024-09-03,D008,演示电力,22.2622,22.5862,22.0507,22.3736,4085848
2024-09-04,D008,演示电力,22.415,22.5291,22.3286,22.4427,2531944
2024-09-05,D008,演示电力,22.4936,22.6241,22.3975,22.5278,6546432
2024-09-06,D008,演示电力,22.4159,22.5717,22.1868,22.342,3652440
2024-09-09,D008,演示电力,22.4645,22.7161,22.296,22.5469,6694627
2024-09-10,D008,演示电力,22.6093,22.7591,22.5014,22.651,3546875
2024-09-11,D008,演示电力,22.6688,22.744,22.6057,22.6807,7860861
2024-09-12,D008,演示电力,22.7963,23.0368,22.6342,22.8741,10388267
2024-09-13,D008,演示电力,22.7686,22.9188,22.549,22.6988,8610257
2024-09-16,D008,演示电力,22.4433,22.7389,21.9826,22.2761,6393750
2024-09-17,D008,演示电力,22.213,22.3202,22.0642,22.1712,7947789
2024-09-18,D008,演示电力,22.2303,22.3739,22.1265,22.2699,7865598
2024-09-19,D008,演示电力,22.2551,22.3144,22.1859,22.2452,6868348
2024-09-20,D008,演示电力,22.2746,22.3685,22.2006,22.2943,3033026
2024-09-23,D008,演示电力,22.1767,22.3377,21.9386,22.0989,2802369
2024-09-24,D008,演示电力,22.268,22.5991,22.0522,22.3822,3369442
2024-09-25,D008,演示电力,22.3599,22.4269,22.2782,22.3451,5932649
2024-09-26,D008,演示电力,22.2958,22.3895,22.1693,22.263,7640123
2024-09-27,D008,演示电力,22.3017,22.4112,22.2183,22.3276,3720562
2024-09-30,D008,演示电力,22.4228,22.6279,22.2821,22.4868,5135362
2024-10-01,D008,演示电力,22.4941,22.5512,22.4418,22.4989,4935334
2024-10-02,D008,演示电力,22.4824,22.5439,22.4101,22.4715,8010139
2024-10-03,D008,演示电力,22.3461,22.515,22.0951,22.2633,6242551
2024-10-04,D008,演示电力,22.3685,22.5903,22.2178,22.4391,6198167
2024-10-07,D008,演示电力,22.4828,22.6008,22.394,22.512,3834578
2024-10-08,D008,演示电力,22.6102,22.8208,22.466,22.6762,3430062
2024-10-09,D008,演示电力,22.856,23.2064,22.6281,22.9774,2414382
2024-10-10,D008,演示电力,23.0288,23.1611,22.9311,23.0632,7299185
2024-10-11,D008,演示电力,22.989,23.1088,22.8203,22.9398,3537484
2024-10-14,D008,演示电力,23.0247,23.2134,22.8932,23.0816,6588279
2024-10-15,D008,演示电力,22.9246,23.1257,22.621,22.8211,2934322
2024-10-16,D008,演示电力,22.9022,23.0843,22.7748,22.9566,5216006
2024-10-17,D008,演示电力,23.085,23.3478,22.9093,23.1714,5242162
2024-10-18,D008,演示电力,23.1963,23.2843,23.125,23.2129,3424531
2024-10-21,D008,演示电力,23.4353,23.8606,23.1625,23.586,5195632
2024-10-22,D008,演示电力,23.4378,23.6313,23.1474,23.3401,5221853
2024-10-23,D008,演示电力,23.3896,23.5193,23.2931,23.4227,9710405
2024-10-24,D008,演示电力,23.4517,23.5472,23.3757,23.4712,7282988
2024-10-25,D008,演示电力,23.5002,23.5957,23.4241,23.5196,4879310
2024-10-28,D008,演示电力,23.4374,23.566,23.2547,23.3829,5618901
2024-10-29,D008,演示电力,23.331,23.4294,23.1981,23.2964,5574154
2024-10-30,D008,演示电力,23.1544,23.3413,22.8746,23.0607,16123766
2024-10-31,D008,演示电力,22.9267,23.1053,22.6603,22.8382,3698760
2024-11-01,D008,演示电力,22.6411,22.8807,22.2734,22.5116,12757564
2024-11-04,D008,演示电力,22.5443,22.6441,22.4665,22.5661,10118496
2024-11-05,D008,演示电力,22.3783,22.6083,22.026,22.2548,6479251
2024-11-06,D008,演示电力,22.0664,22.2962,21.714,21.9426,7939899
2024-11-07,D008,演示电力,21.7953,21.9845,21.5099,21.6983,7188305
2024-11-08,D008,演示电力,21.6231,21.7411,21.4555,21.5732,6198772
2024-11-11,D008,演示电力,21.3026,21.6102,20.8208,21.1259,6102625
2024-11-12,D008,演示电力,21.2492,21.5,21.0822,21.3323,5661454
2024-11-13,D008,演示电力,21.3183,21.3749,21.2525,21.309,7173304
2024-11-14,D008,演示电力,21.3015,21.3516,21.2465,21.2965,4261267
2024-11-15,D008,演示电力,21.3307,21.4306,21.2538,21.3536,4986198
2024-11-18,D008,演示电力,21.313,21.3961,21.2031,21.286,6438235
2024-11-19,D008,演示电力,21.1986,21.3278,21.0119,21.1408,8042325
2024-11-20,D008,演示电力,20.9657,21.1803,20.6371,20.8505,6195600
2024-11-21,D008,演示电力,20.7543,20.8913,20.554,20.6906,6632840
2024-11-22,D008,演示电力,20.5623,20.7304,20.3102,20.4776,4976622
2024-11-25,D008,演示电力,20.4771,20.5186,20.4352,20.4767,4389256
2024-11-26,D008,演示电力,20.5281,20.6553,20.4355,20.5625,5854907
2024-11-27,D008,演示电力,20.4016,20.6012,20.0972,20.2957,2109068
2024-11-28,D008,演示电力,20.3876,20.583,20.2543,20.4493,4830600
2024-11-29,D008,演示电力,20.6259,20.967,20.4055,20.7453,7499713
2024-12-02,D008,演示电力,20.7802,20.8802,20.7037,20.8035,4975983
2024-12-03,D008,演示电力,20.8266,20.9068,20.7618,20.842,6002344
2024-12-04,D008,演示电力,20.9571,21.1931,20.799,21.0345,6020642
2024-12-05,D008,演示电力,21.0552,21.132,20.9923,21.0691,3805698
2024-12-06,D008,演示电力,21.1016,21.1983,21.0268,21.1234,5455895
2024-12-09,D008,演示电力,21.1641,21.2747,21.0809,21.1914,6868830
2024-12-10,D008,演示电力,21.386,21.7596,21.1456,21.5178,3840870
2024-12-11,D008,演示电力,21.6489,21.9138,21.4731,21.7373,9411323
2024-12-12,D008,演示电力,21.809,21.973,21.6933,21.857,9890645
2024-12-13,D008,演示电力,21.6769,21.8979,21.3387,21.5585,4135383
2024-12-16,D008,演示电力,21.3557,21.598,20.9818,21.2226,3150462
2024-12-17,D008,演示电力,21.0337,21.2619,20.6829,20.9097,4057105
2024-12-18,D008,演示电力,20.9615,21.0903,20.8675,20.9962,8236115
2024-12-19,D008,演示电力,20.9594,21.038,20.8565,20.935,4735109
2024-12-20,D008,演示电力,20.9146,20.9768,20.8389,20.9011,3200443
2024-12-23,D008,演示电力,20.986,21.1709,20.8585,21.043,11159256
2024-12-24,D008,演示电力,21.1593,21.3978,20.9997,21.2376,4831108
2024-12-25,D008,演示电力,21.0578,21.2771,20.7215,20.9396,2610478
2024-12-26,D008,演示电力,21.1849,21.6464,20.8924,21.3516,5860006
2024-12-27,D008,演示电力,21.208,21.3924,20.9297,21.1133,12219617
2024-12-30,D008,演示电力,21.1507,21.2556,21.0709,21.1757,11209142
2024-12-31,D008,演示电力,21.1549,21.218,21.0781,21.1411,4287489
2025-01-01,D008,演示电力,21.1732,21.2693,21.0987,21.1947,6659623
2025-01-02,D008,演示电力,21.1961,21.2409,21.1523,21.1971,4129369
2025-01-03,D008,演示电力,21.1104,21.2387,20.9251,21.053,7536407
2025-01-06,D008,演示电力,20.9285,21.0937,20.6819,20.8464,4725739
2025-01-07,D008,演示电力,20.852,20.9032,20.8046,20.8558,7956626
2025-01-08,D008,演示电力,20.8771,20.9546,20.814,20.8914,9014364
2025-01-09,D008,演示电力,20.8332,20.9328,20.6951,20.7945,4262560
2025-01-10,D008,演示电力,20.8712,21.0419,20.7523,20.9227,7235745
2025-01-13,D008,演示电力,21.0233,21.2349,20.8798,21.091,12895634
2025-01-14,D008,演示电力,21.0509,21.1329,20.9424,21.0243,4624587
2025-01-15,D008,演示电力,21.0739,21.1992,20.982,21.1071,6171870
2025-01-16,D008,演示电力,21.0118,21.1484,20.8126,20.9488,9048954
2025-01-17,D008,演示电力,20.9727,21.0547,20.9068,20.9887,2110699
2025-01-20,D008,演示电力,21.0319,21.1463,20.9465,21.0608,5411959
2025-01-21,D008,演示电力,21.1897,21.4498,21.0171,21.2765,4596741
2025-01-22,D008,演示电力,21.4211,21.7085,21.232,21.5185,4610621
2025-01-23,D008,演示电力,21.3247,21.5583,20.9653,21.1975,10236041
2025-01-24,D008,演示电力,21.1959,21.2399,21.151,21.1949,4848578
2025-01-27,D008,演示电力,21.342,21.6337,21.1505,21.4413,5879080
2025-01-28,D008,演示电力,21.3352,21.4831,21.1176,21.265,3814880
2025-01-29,D008,演示电力,21.2298,21.3074,21.1289,21.2064,5019299
2025-01-30,D008,演示电力,21.1925,21.2488,21.127,21.1833,6226430
2025-01-31,D008,演示电力,21.1825,21.2256,21.1388,21.1819,6033304
2025-02-03,D008,演示电力,21.1521,21.2242,21.0603,21.1323,6620375
2025-02-04,D008,演示电力,21.1431,21.2035,21.09,21.1503,5142018
2025-02-05,D008,演示电力,20.9854,21.1902,20.6731,20.8768,6966296
2025-02-06,D008,演示电力,20.8949,20.9668,20.835,20.9069,3988803
2025-02-07,D008,演示电力,20.9647,21.1034,20.8647,21.0033,4556899
2025-02-10,D008,演示电力,21.0763,21.2411,20.9607,21.1253,5884253
2025-02-11,D008,演示电力,21.1903,21.3418,21.0826,21.2339,5690867
2025-02-12,D008,演示电力,21.26,21.3463,21.1913,21.2775,4387803
2025-02-13,D008,演示电力,21.4288,21.7278,21.2329,21.5309,4846177
2025-02-14,D008,演示电力,21.275,21.5684,20.8167,21.1078,6573389
2025-02-17,D008,演示电力,21.1684,21.3125,21.0652,21.209,4250764
2025-02-18,D008,演示电力,21.1154,21.2506,20.9186,21.0534,3991191
2025-02-19,D008,演示电力,20.9279,21.094,20.6797,20.8451,4327540
2025-02-20,D008,演示电力,20.9287,21.111,20.8027,20.9847,6694300
2025-02-21,D008,演示电力,21.0231,21.1293,20.9426,21.0487,8045711
2025-02-24,D008,演示电力,21.0747,21.1603,21.0065,21.0921,4225173
2025-02-25,D008,演示电力,21.1574,21.3093,21.0494,21.2011,4123672
2025-02-26,D008,演示电力,21.2113,21.2707,21.1587,21.2181,6585949
2025-02-27,D008,演示电力,21.1677,21.2602,21.0419,21.1342,4232307
2025-02-28,D008,演示电力,21.0621,21.176,20.9006,21.0142,5135173
2025-03-03,D008,演示电力,20.947,21.0557,20.7939,20.9024,7972744
2025-03-04,D008,演示电力,21.0069,21.2249,20.8595,21.0771,7591299
2025-03-05,D008,演示电力,21.0503,21.1191,20.9636,21.0324,4942067
2025-03-06,D008,演示电力,21.0259,21.0745,20.973,21.0216,4573876
2025-03-07,D008,演示电力,21.0555,21.1544,20.9794,21.0782,4439704
2025-03-10,D008,演示电力,20.9621,21.1191,20.729,20.8854,5821697
2025-03-11,D008,演示电力,21.081,21.4559,20.8402,21.2135,4615193
2025-03-12,D008,演示电力,20.9577,21.2503,20.5001,20.7905,6051351
2025-03-13,D008,演示电力,20.8954,21.114,20.7478,20.9659,7568426
2025-03-14,D008,演示电力,20.9749,21.0317,20.924,20.9808,6350850
2025-03-17,D008,演示电力,21.1315,21.4288,20.9368,21.2331,3441653
2025-03-18,D008,演示电力,21.2611,21.3503,21.1906,21.2797,6426936
2025-03-19,D008,演示电力,21.246,21.3221,21.1476,21.2236,3889608
2025-03-20,D008,演示电力,21.1878,21.2659,21.0861,21.1641,4428244
2025-03-21,D008,演示电力,21.1333,21.2063,21.04,21.1129,4840881
2025-03-24,D008,演示电力,21.228,21.4647,21.0694,21.3055,5180368
2025-03-25,D008,演示电力,21.3109,21.3626,21.2629,21.3145,7303883
2025-03-26,D008,演示电力,21.0417,21.3509,20.5571,20.8636,3571437
2025-03-27,D008,演示电力,20.8692,20.9203,20.8219,20.8729,4839748
2025-03-28,D008,演示电力,20.7942,20.914,20.6224,20.742,6925976
2025-03-31,D008,演示电力,20.8447,21.0594,20.6994,20.9137,10446441
2025-04-01,D008,演示电力,20.5704,20.9455,19.9768,20.3478,4958758
2025-04-02,D008,演示电力,20.2742,20.3879,20.112,20.2254,6304304
2025-04-03,D008,演示电力,20.2065,20.2658,20.1348,20.194,5832045
2025-04-04,D008,演示电力,20.1976,20.244,20.1536,20.2,5327030
2025-04-07,D008,演示电力,20.2275,20.314,20.1595,20.2459,5378527
2025-04-08,D008,演示电力,20.2125,20.2863,20.1167,20.1903,5006615
2025-04-09,D008,演示电力,20.0295,20.2283,19.726,19.9237,4811401
2025-04-10,D008,演示电力,19.7395,19.9604,19.3992,19.6186,9665223
2025-04-11,D008,演示电力,19.6153,19.6579,19.5706,19.6131,5093968
2025-04-14,D008,演示电力,19.5136,19.6513,19.3104,19.4477,4540985
2025-04-15,D008,演示电力,19.4216,19.4865,19.3394,19.4042,3443736
2025-04-16,D008,演示电力,19.2265,19.44,18.8976,19.1098,6300934
2025-04-17,D008,演示电力,19.1813,19.34,19.071,19.2293,7305833
2025-04-18,D008,演示电力,19.2743,19.3882,19.1906,19.3044,4465866
2025-04-21,D008,演示电力,19.3343,19.4232,19.2656,19.3544,3894597
2025-04-22,D008,演示电力,19.3185,19.3929,19.2203,19.2946,5768229
2025-04-23,D008,演示电力,19.3223,19.4072,19.2559,19.3408,6545354
2025-04-24,D008,演示电力,19.1734,19.3767,18.8614,19.0635,10897237
2025-04-25,D008,演示电力,19.1511,19.3368,19.0245,19.2099,7510573
2025-04-28,D008,演示电力,19.2118,19.2534,19.1715,19.2131,4950676
2025-04-29,D008,演示电力,19.1064,19.2503,18.8926,19.0359,8357083
2025-04-30,D008,演示电力,19.1826,19.4694,18.9957,19.2816,4701214
2025-05-01,D008,演示电力,19.1643,19.3187,18.9332,19.087,7530415
2025-05-02,D008,演示电力,19.0526,19.125,18.9575,19.0298,4071973
2025-05-05,D008,演示电力,19.1024,19.2628,18.9911,19.1512,6164171
2025-05-06,D008,演示电力,19.1218,19.1894,19.0347,19.1022,6586694
2025-05-07,D008,演示电力,19.2462,19.5286,19.0619,19.3434,5250353
2025-05-08,D008,演示电力,19.335,19.382,19.2824,19.3294,5695161
2025-05-09,D008,演示电力,19.4512,19.6959,19.2892,19.5333,3596484
2025-05-12,D008,演示电力,19.4016,19.5706,19.1466,19.3148,3806544
2025-05-13,D008,演示电力,19.3593,19.4725,19.2759,19.389,4388184
2025-05-14,D008,演示电力,19.4192,19.5087,19.3501,19.4395,4106172
2025-05-15,D008,演示电力,19.493,19.6218,19.4002,19.5288,7379903
2025-05-16,D008,演示电力,19.3818,19.5658,19.102,19.285,6132396
2025-05-19,D008,演示电力,19.4141,19.6712,19.2447,19.5011,4950817
2025-05-20,D008,演示电力,19.3901,19.5388,19.1686,19.3168,5132763
2025-05-21,D008,演示电力,19.2642,19.355,19.1387,19.2293,7666512
2025-05-22,D008,演示电力,19.344,19.5762,19.1895,19.4211,7893280
2025-05-23,D008,演示电力,19.4762,19.6076,19.3819,19.5131,6360108
2025-05-26,D008,演示电力,19.6051,19.7993,19.4732,19.667,7470219
2025-05-27,D008,演示电力,19.65,19.7062,19.5826,19.6388,5473895
2025-05-28,D008,演示电力,19.6124,19.678,19.5293,19.5948,3245502
2025-05-29,D008,演示电力,19.7176,19.9644,19.5541,19.8003,3819660
2025-05-30,D008,演示电力,19.7876,19.8398,19.7269,19.7791,3471312
2025-06-02,D008,演示电力,19.7529,19.8186,19.6698,19.7354,7204554
2025-06-03,D008,演示电力,19.7557,19.8292,19.6959,19.7693,6390331
2025-06-04,D008,演示电力,19.8089,19.9148,19.7295,19.8353,4346829
2025-06-05,D008,演示电力,19.861,19.9436,19.7955,19.8781,9253087
2025-06-06,D008,演示电力,19.8933,19.9584,19.8383,19.9034,7215744
2025-06-09,D008,演示电力,20.0112,20.2331,19.8624,20.0837,7159718
2025-06-10,D008,演示电力,20.0041,20.1232,19.8325,19.9513,5965281
2025-06-11,D008,演示电力,20.0138,20.1587,19.911,20.0557,3673035
2025-06-12,D008,演示电力,20.0829,20.1685,20.0154,20.1011,4536428
2025-06-13,D008,演示电力,20.2169,20.4528,20.0595,20.2948,3430436
2025-06-16,D008,演示电力,20.3853,20.5783,20.2534,20.446,6651428
2025-06-17,D008,演示电力,20.4546,20.5099,20.4051,20.4604,8837589
2025-06-18,D008,演示电力,20.5849,20.8364,20.4179,20.6687,6872483
2025-06-19,D008,演示电力,20.8489,21.1966,20.6244,20.9708,7017259
2025-06-20,D008,演示电力,20.9866,21.0551,20.9288,20.9972,6639316
2025-06-23,D008,演示电力,20.9846,21.0392,20.9217,20.9762,4581931
2025-06-24,D008,演示电力,20.8854,21.0173,20.6937,20.8253,6042467
2025-06-25,D008,演示电力,20.6906,20.8652,20.4279,20.6018,4911869
2025-06-26,D008,演示电力,20.4625,20.6411,20.1928,20.3707,3965009
2025-06-27,D008,演示电力,20.2787,20.4105,20.0863,20.2178,13070750
2025-06-30,D008,演示电力,20.2006,20.2582,20.1315,20.1891,4585691
2025-07-01,D008,演示电力,20.1112,20.2288,19.9423,20.0596,2483362
2025-07-02,D008,演示电力,20.3038,20.7621,20.014,20.47,6127735
2025-07-03,D008,演示电力,20.6194,20.9137,20.4269,20.7202,2936063
2025-07-04,D008,演示电力,20.742,20.8198,20.6787,20.7565,3774366
2025-07-07,D008,演示电力,20.7159,20.7978,20.6071,20.6889,2908123
2025-07-08,D008,演示电力,20.8103,21.0569,20.6461,20.892,7717509
2025-07-09,D008,演示电力,20.91,20.982,20.8502,20.9221,8273853
2025-07-10,D008,演示电力,20.9802,21.1196,20.8798,21.0191,4198254
2025-07-11,D008,演示电力,21.0551,21.1575,20.9769,21.0792,6392443
2025-07-14,D008,演示电力,21.0002,21.1207,20.8278,20.948,7053181
2025-07-15,D008,演示电力,20.8458,20.9888,20.6357,20.7782,7665920
2025-07-16,D008,演示电力,20.8811,21.0962,20.7356,20.9502,6041439
2025-07-17,D008,演示电力,21.124,21.461,20.9056,21.2414,5104338
2025-07-18,D008,演示电力,21.2941,21.4251,21.1986,21.3294,5776751
2025-07-21,D008,演示电力,21.2258,21.371,21.0124,21.1572,6734735
2025-07-22,D008,演示电力,21.2133,21.3498,21.1145,21.2509,9044598
2025-07-23,D008,演示电力,21.4048,21.7082,21.2062,21.5087,2052049
2025-07-24,D008,演示电力,21.5359,21.6245,21.4655,21.5541,5588217
2025-07-25,D008,演示电力,21.6866,21.9539,21.5093,21.7759,8116798
2025-07-28,D008,演示电力,21.8542,22.0294,21.7317,21.9067,4767189
2025-07-29,D008,演示电力,21.9969,22.1926,21.8621,22.0574,6442778
2025-07-30,D008,演示电力,22.1293,22.2943,22.0128,22.1775,3666374
2025-07-31,D008,演示电力,22.1391,22.2217,22.031,22.1135,3694709
2025-08-01,D008,演示电力,22.0614,22.1574,21.9309,22.0268,3640244
2025-08-04,D008,演示电力,22.1415,22.3792,21.9815,22.2187,4287625
2025-08-05,D008,演示电力,22.2317,22.298,22.1742,22.2404,6330219
2025-08-06,D008,演示电力,22.3782,22.6558,22.1943,22.471,4101412
2025-08-07,D008,演示电力,22.5303,22.6749,22.4257,22.57,2772462
2025-08-08,D008,演示电力,22.627,22.7677,22.5246,22.6651,3481617
2025-08-11,D008,演示电力,22.6787,22.7469,22.6198,22.6878,4598079
2025-08-12,D008,演示电力,22.5774,22.7321,22.3501,22.5043,2632373
2025-08-13,D008,演示电力,22.5653,22.7125,22.4589,22.606,6557314
2025-08-14,D008,演示电力,22.7172,22.9499,22.5597,22.7919,2719933
2025-08-15,D008,演示电力,22.8388,22.963,22.746,22.8701,4711071
2025-08-18,D008,演示电力,23.1038,23.5481,22.8199,23.2623,4315370
2025-08-19,D008,演示电力,23.2703,23.3302,23.2157,23.2757,7708729
2025-08-20,D008,演示电力,23.0088,23.3166,22.5288,22.8343,5470517
2025-08-21,D008,演示电力,22.8275,22.8799,22.7706,22.823,5712306
2025-08-22,D008,演示电力,22.7737,22.8683,22.6463,22.7409,15340231
2025-08-25,D008,演示电力,22.737,22.7864,22.6849,22.7343,7086620
2025-08-26,D008,演示电力,22.7289,22.7798,22.6743,22.7252,2905534
2025-08-27,D008,演示电力,22.8376,23.0726,22.6786,22.9131,8181280
2025-08-28,D008,演示电力,22.9606,23.0861,22.867,22.9924,6918771
2025-08-29,D008,演示电力,22.871,23.037,22.6254,22.7908,5207243
2025-09-01,D008,演示电力,22.9052,23.1438,22.744,22.9821,10320652
2025-09-02,D008,演示电力,22.9679,23.028,22.8983,22.9584,3166330
2025-09-03,D008,演示电力,23.0828,23.3389,22.9111,23.1665,6248750
2025-09-04,D008,演示电力,23.1957,23.2907,23.1201,23.2151,10151873
2025-09-05,D008,演示电力,23.3056,23.5043,23.1679,23.3663,8690997
2025-09-08,D008,演示电力,23.0575,23.4056,22.511,22.8561,6389714
2025-09-09,D008,演示电力,22.8782,22.9608,22.8103,22.8929,3956620
2025-09-10,D008,演示电力,22.8752,22.9386,22.8,22.8634,6959275
2025-09-11,D008,演示电力,22.7899,22.9086,22.6227,22.7411,10272142
2025-09-12,D008,演示电力,22.5827,22.7845,22.2776,22.4784,7625619
2025-09-15,D008,演示电力,22.2526,22.5191,21.8398,22.1045,4269198
2025-09-16,D008,演示电力,22.2728,22.6024,22.0578,22.3864,7914526
2025-09-17,D008,演示电力,22.417,22.5131,22.3415,22.4375,3204391
2025-09-18,D008,演示电力,22.5573,22.8046,22.3913,22.638,6456146
2025-09-19,D008,演示电力,22.7075,22.8697,22.5922,22.7541,4429513
2025-09-22,D008,演示电力,22.8567,23.075,22.7076,22.9255,12594809
2025-09-23,D008,演示电力,22.7818,22.9696,22.4999,22.687,5185132
2025-09-24,D008,演示电力,22.5893,22.7314,22.383,22.5247,4975154
2025-09-25,D008,演示电力,22.5194,22.5697,22.4656,22.5159,5145496
2025-09-26,D008,演示电力,22.4028,22.5597,22.1715,22.328,4805505
2025-09-29,D008,演示电力,22.2483,22.372,22.0721,22.1955,2543058
2025-09-30,D008,演示电力,22.222,22.3107,22.151,22.2396,7251562
2025-10-01,D008,演示电力,22.3672,22.6273,22.1937,22.4531,6211221
2025-10-02,D008,演示电力,22.4095,22.4978,22.2923,22.3805,4925388
2025-10-03,D008,演示电力,22.3566,22.4252,22.2721,22.3406,8019615
2025-10-06,D008,演示电力,22.3973,22.5372,22.2956,22.4353,7277779
2025-10-07,D008,演示电力,22.3471,22.4794,22.1566,22.2886,6121826
2025-10-08,D008,演示电力,22.3219,22.4221,22.2439,22.3441,7534624
2025-10-09,D008,演示电力,22.3555,22.4194,22.2993,22.3632,2677596
2025-10-10,D008,演示电力,22.5984,23.0445,22.3138,22.7579,9896886
2025-10-13,D008,演示电力,22.6995,22.8031,22.5572,22.6606,3856631
2025-10-14,D008,演示电力,22.8152,23.1222,22.6132,22.9194,4688579
2025-10-15,D008,演示电力,22.8045,22.964,22.5696,22.7286,3880184
2025-10-16,D008,演示电力,22.6803,22.7738,22.5548,22.6482,8526785
2025-10-17,D008,演示电力,22.6213,22.6934,22.5315,22.6035,4072326
2025-10-20,D008,演示电力,22.6208,22.695,22.5582,22.6324,4217939
2025-10-21,D008,演示电力,22.6143,22.6776,22.539,22.6023,3585669
2025-10-22,D008,演示电力,22.686,22.8723,22.5564,22.7423,8685824
2025-10-23,D008,演示电力,22.666,22.7872,22.4947,22.6155,4191601
2025-10-24,D008,演示电力,22.5497,22.6603,22.3957,22.506,5768270
2025-10-27,D008,演示电力,22.5897,22.7756,22.4603,22.6459,6235185
2025-10-28,D008,演示电力,22.8024,23.1128,22.5984,22.9079,2593063
2025-10-29,D008,演示电力,22.8709,22.9536,22.7637,22.8463,6276281
2025-10-30,D008,演示电力,22.8857,22.9976,22.8004,22.9121,5087789
2025-10-31,D008,演示电力,22.9136,22.9618,22.8663,22.9145,8713904
2025-11-03,D008,演示电力,22.7469,22.958,22.4264,22.6365,3792214
2025-11-04,D008,演示电力,22.6911,22.8281,22.5909,22.7277,10722051
2025-11-05,D008,演示电力,22.7748,22.8993,22.682,22.8064,9831288
2025-11-06,D008,演示电力,22.8183,22.884,22.7607,22.8263,8783578
2025-11-07,D008,演示电力,22.6357,22.8689,22.2783,22.5103,7764319
2025-11-10,D008,演示电力,22.5335,22.6173,22.4652,22.5489,3759411
2025-11-11,D008,演示电力,22.6164,22.7747,22.5034,22.6615,6879358
2025-11-12,D008,演示电力,22.7567,22.9624,22.6153,22.8206,7804444
2025-11-13,D008,演示电力,22.9404,23.1883,22.7737,23.021,4771355
2025-11-14,D008,演示电力,22.9308,23.0662,22.736,22.8711,6196255
2025-11-17,D008,演示电力,22.8356,22.9167,22.731,22.812,7108997
2025-11-18,D008,演示电力,22.8983,23.0891,22.7656,22.9561,8176203
2025-11-19,D008,演示电力,22.9733,23.0479,22.9102,22.9848,6196581
2025-11-20,D008,演示电力,22.933,23.0304,22.8013,22.8986,4772235
2025-11-21,D008,演示电力,23.12,23.543,22.8488,23.27,5086120
2025-11-24,D008,演示电力,23.2317,23.3163,23.1217,23.2063,6084752
2025-11-25,D008,演示电力,23.3148,23.5441,23.1588,23.3877,4611145
2025-11-26,D008,演示电力,23.3768,23.4344,23.3121,23.3696,4176999
2025-11-27,D008,演示电力,23.3258,23.4161,23.2065,23.2967,7512856
2025-11-28,D008,演示电力,23.4911,23.868,23.247,23.6225,7301555
2025-12-01,D008,演示电力,23.3929,23.6656,22.9712,23.2422,9892622
2025-12-02,D008,演示电力,23.4457,23.8383,23.1923,23.5834,5097047
2025-12-03,D008,演示电力,23.4957,23.6299,23.3039,23.4377,5448798
2025-12-04,D008,演示电力,23.5164,23.6957,23.3902,23.5692,6927444
2025-12-05,D008,演示电力,23.6083,23.7211,23.5218,23.6345,4301069
2024-01-02,D009,演示科技,55.0,56.6916,53.3084,55.0,1910691
2024-01-03,D009,演示科技,55.9423,57.6826,54.8609,56.5887,3792998
2024-01-04,D009,演示科技,56.2495,56.6978,55.5791,56.0256,3023951
2024-01-05,D009,演示科技,55.933,56.1372,55.6673,55.8714,1650331
2024-01-08,D009,演示科技,56.0246,56.3937,55.7586,56.1272,2009151
2024-01-09,D009,演示科技,56.8264,58.1365,55.9989,57.3022,1943388
2024-01-10,D009,演示科技,56.7233,57.406,55.6658,56.3439,2068765
2024-01-11,D009,演示科技,56.929,58.0399,56.2198,57.3258,1669822
2024-01-12,D009,演示科技,56.9439,57.4355,56.2027,56.6921,2561832
2024-01-15,D009,演示科技,56.5626,56.8048,56.2347,56.4765,1916659
2024-01-16,D009,演示科技,56.959,57.892,56.3557,57.2853,2086395
2024-01-17,D009,演示科技,57.4165,57.7511,57.1699,57.5042,3527963
2024-01-18,D009,演示科技,56.9335,57.6087,55.8885,56.5593,1233673
2024-01-19,D009,演示科技,56.23,56.6686,55.5756,56.0125,3314669
2024-01-22,D009,演示科技,55.7826,56.1225,55.2913,55.6303,3090518
2024-01-23,D009,演示科技,55.3075,55.7378,54.6657,55.0944,2713247
2024-01-24,D009,演示科技,54.5559,55.1948,53.568,54.2027,4196128
2024-01-25,D009,演示科技,54.1717,54.311,54.0117,54.151,2281004
2024-01-26,D009,演示科技,55.1011,56.8545,54.0127,55.7532,988344
2024-01-29,D009,演示科技,56.612,58.2039,55.6177,57.1993,1894226
2024-01-30,D009,演示科技,56.8128,57.3086,56.0644,56.558,3230347
2024-01-31,D009,演示科技,57.5931,59.5014,56.4109,58.3045,1989954
2024-02-01,D009,演示科技,57.7178,58.4102,56.6454,57.3332,1546165
2024-02-02,D009,演示科技,56.6616,57.4335,55.4567,56.2226,3875760
2024-02-05,D009,演示科技,55.8275,56.3297,55.0673,55.5671,3294670
2024-02-06,D009,演示科技,56.2863,57.631,55.4389,56.7762,2346237
2024-02-07,D009,演示科技,57.2079,58.0536,56.6563,57.4993,2869517
2024-02-08,D009,演示科技,56.2159,57.5647,54.0626,55.3916,2429545
2024-02-09,D009,演示科技,55.3926,55.505,55.2808,55.3932,3417258
2024-02-12,D009,演示科技,56.8475,59.5221,55.2148,57.8603,2061081
2024-02-13,D009,演示科技,58.7302,60.3446,57.7208,59.3249,3207028
2024-02-14,D009,演示科技,58.9235,59.4383,58.1466,58.659,3486080
2024-02-15,D009,演示科技,59.2423,60.3539,58.5308,59.6376,1923960
2024-02-16,D009,演示科技,59.1376,59.7489,58.2008,58.8088,2838494
2024-02-19,D009,演示科技,58.985,59.3987,58.69,59.1031,2242896
2024-02-20,D009,演示科技,60.0895,61.9128,58.9552,60.7656,2060358
2024-02-21,D009,演示科技,61.291,62.3058,60.6355,61.6464,2170128
2024-02-22,D009,演示科技,61.5377,61.7691,61.2342,61.4654,1845488
2024-02-23,D009,演示科技,61.664,62.1207,61.341,61.7971,4260108
2024-02-26,D009,演示科技,61.4593,61.9169,60.7801,61.2361,2476344
2024-02-27,D009,演示科技,61.4013,61.8011,61.1126,61.5119,1973112
2024-02-28,D009,演示科技,61.777,62.3466,61.3864,61.955,1844722
2024-02-29,D009,演示科技,62.431,63.3626,61.824,62.7524,1922153
2024-03-01,D009,演示科技,63.1651,63.9891,62.6216,63.4432,2413673
2024-03-04,D009,演示科技,62.9582,63.563,62.0371,62.6389,2628893
2024-03-05,D009,演示科技,62.9925,63.7151,62.5096,63.2304,2227384
2024-03-06,D009,演示科技,62.2434,63.3295,60.5274,61.6023,3384507
2024-03-07,D009,演示科技,62.3342,63.7099,61.463,62.8318,2836445
2024-03-08,D009,演示科技,61.1534,62.8807,58.3864,60.0834,1719280
2024-03-11,D009,演示科技,59.7573,60.2,59.1008,59.5419,1203240
2024-03-12,D009,演示科技,58.6625,59.6378,57.1247,58.0905,2057055
2024-03-13,D009,演示科技,58.7006,59.8579,57.9624,59.1145,1780492
2024-03-14,D009,演示科技,58.9252,59.2313,58.4942,58.7997,2512170
2024-03-15,D009,演示科技,58.4037,58.9121,57.6365,58.1426,3024573
2024-03-18,D009,演示科技,58.9959,60.581,58.0035,59.5788,3257392
2024-03-19,D009,演示科技,59.0935,59.6905,58.1804,58.7742,2477070
2024-03-20,D009,演示科技,58.7272,58.8916,58.5315,58.6959,2595008
2024-03-21,D009,演示科技,59.599,61.2733,58.5533,60.2167,1605870
2024-03-22,D009,演示科技,59.7764,60.3309,58.9346,59.4864,4025136
2024-03-25,D009,演示科技,59.6639,60.081,59.3662,59.7828,2479278
2024-03-26,D009,演示科技,60.992,63.2171,59.6194,61.8257,1092322
2024-03-27,D009,演示科技,61.2384,61.939,60.1569,60.8531,1970190
2024-03-28,D009,演示科技,60.9662,61.2775,60.7308,61.0418,3036292
2024-03-29,D009,演示科技,61.4391,62.2336,60.9146,61.7069,3152164
2024-04-01,D009,演示科技,61.7304,61.8931,61.5834,61.7461,2151407
2024-04-02,D009,演示科技,62.3431,63.4838,61.6117,62.7476,1918758
2024-04-03,D009,演示科技,63.4873,64.8784,62.606,63.9902,3683657
2024-04-04,D009,演示科技,65.1054,67.164,63.8272,65.8708,2270104
2024-04-05,D009,演示科技,66.6053,67.9924,65.7238,67.1042,4511205
2024-04-08,D009,演示科技,67.3246,67.8293,66.9684,67.4723,2000057
2024-04-09,D009,演示科技,68.1867,69.5409,67.3232,68.6714,2634714
2024-04-10,D009,演示科技,69.9236,72.2323,68.493,70.7841,2380251
2024-04-11,D009,演示科技,71.2796,72.2608,70.6357,71.6139,1560678
2024-04-12,D009,演示科技,70.8564,71.7423,69.4806,70.3603,1315817
2024-04-15,D009,演示科技,70.5225,70.9355,70.2186,70.6311,3330654
2024-04-16,D009,演示科技,70.2245,70.7677,69.415,69.9561,1979492
2024-04-17,D009,演示科技,70.5193,71.6157,69.8074,70.8999,2051071
2024-04-18,D009,演示科技,71.8877,73.7271,70.733,72.5616,1657547
2024-04-19,D009,演示科技,72.8652,73.5218,72.4138,73.0691,1401393
2024-04-22,D009,演示科技,71.9126,73.1827,69.9049,71.1617,1456775
2024-04-23,D009,演示科技,70.648,71.2969,69.6639,70.3096,1760229
2024-04-24,D009,演示科技,68.5753,70.3766,65.6937,67.4659,2784501
2024-04-25,D009,演示科技,66.6552,67.5831,65.2049,66.1254,3037533
2024-04-26,D009,演示科技,65.522,66.2474,64.4048,65.1258,2376699
2024-04-29,D009,演示科技,66.573,69.2335,64.9382,67.5741,2664248
2024-04-30,D009,演示科技,68.3546,69.8246,67.4223,68.8851,2209511
2024-05-01,D009,演示科技,70.5633,73.6482,68.6747,71.7284,3614824
2024-05-02,D009,演示科技,72.0665,72.7802,71.5816,72.2937,2515939
2024-05-03,D009,演示科技,74.6881,79.1137,72.0092,76.3744,3567680
2024-05-06,D009,演示科技,76.2422,76.5265,75.8703,76.1543,2574778
2024-05-07,D009,演示科技,75.6125,76.2991,74.5721,75.2555,3791009
2024-05-08,D009,演示科技,75.2649,75.4312,75.105,75.2712,3250498
2024-05-09,D009,演示科技,74.5181,75.4078,73.1405,74.0243,4205173
2024-05-10,D009,演示科技,74.2896,74.8838,73.8742,74.4674,1707217
2024-05-13,D009,演示科技,74.7827,75.4627,74.3156,74.9943,1905822
2024-05-14,D009,演示科技,74.2271,75.1298,72.8278,73.7243,1544030
2024-05-15,D009,演示科技,72.9597,73.8571,71.5675,72.4587,2609754
2024-05-16,D009,演示科技,73.8206,76.3298,72.2679,74.7573,1784847
2024-05-17,D009,演示科技,76.2464,78.987,74.5547,77.2726,4406615
2024-05-20,D009,演示科技,76.8906,77.4232,76.1073,76.6381,3478741
2024-05-21,D009,演示科技,74.4302,76.683,70.8173,73.0276,2302914
2024-05-22,D009,演示科技,72.7545,73.1714,72.1577,72.5735,2134178
2024-05-23,D009,演示科技,73.0669,74.0477,72.4218,73.3996,2743581
2024-05-24,D009,演示科技,71.4552,73.4581,68.2469,70.2151,3419979
2024-05-27,D009,演示科技,70.2051,70.3555,70.048,70.1984,2031293
2024-05-28,D009,演示科技,70.1936,70.3388,70.0451,70.1903,1336351
2024-05-29,D009,演示科技,69.5016,70.3182,68.2387,69.0499,1517335
2024-05-30,D009,演示科技,68.3974,69.1765,67.195,67.9692,2373280
2024-05-31,D009,演示科技,67.148,68.0871,65.6799,66.6115,2205593
2024-06-03,D009,演示科技,66.5857,66.7446,66.4097,66.5686,2320731
2024-06-04,D009,演示科技,68.3996,71.7691,66.3463,69.6774,1751502
2024-06-05,D009,演示科技,68.3802,69.7744,66.1648,67.5419,3139298
2024-06-06,D009,演示科技,67.1347,67.6721,66.3309,66.866,2116070
2024-06-07,D009,演示科技,67.9492,69.9534,66.7006,68.6911,3694319
2024-06-10,D009,演示科技,68.3241,68.8245,67.5831,68.0817,1686175
2024-06-11,D009,演示科技,68.3283,68.8795,67.9435,68.4937,2554120
2024-06-12,D009,演示科技,67.9825,68.6234,67.0082,67.6459,3286497
2024-06-13,D009,演示科技,65.7235,67.688,62.5735,64.5014,2449939
2024-06-14,D009,演示科技,64.8994,65.7014,64.3675,65.1674,2085594
2024-06-17,D009,演示科技,62.8808,65.1625,59.2139,61.4435,2357414
2024-06-18,D009,演示科技,62.0674,63.2544,61.3087,62.4905,1699794
2024-06-19,D009,演示科技,62.4743,62.6154,62.3224,62.4635,1789047
2024-06-20,D009,演示科技,62.6603,63.1161,62.3372,62.7922,3713362
2024-06-21,D009,演示科技,61.8554,62.8929,60.2191,61.2463,1919618
2024-06-24,D009,演示科技,61.4081,61.8023,61.1228,61.5165,2772253
2024-06-25,D009,演示科技,61.1089,61.6342,60.3172,60.8402,2477386
2024-06-26,D009,演示科技,60.2647,60.9517,59.2044,59.8871,1836627
2024-06-27,D009,演示科技,61.5919,64.7309,59.6815,62.7834,1946762
2024-06-28,D009,演示科技,63.2385,64.1355,62.6514,63.5456,1519519
2024-07-01,D009,演示科技,62.6123,63.6482,60.9793,62.0052,1945725
2024-07-02,D009,演示科技,61.0392,62.1024,59.3594,60.4117,3654108
2024-07-03,D009,演示科技,60.3776,60.5324,60.2001,60.3549,3160326
2024-07-04,D009,演示科技,61.0884,62.4652,60.2177,61.5874,1774934
2024-07-05,D009,演示科技,60.8856,61.696,59.6222,60.4265,1635121
2024-07-08,D009,演示科技,57.9068,60.3719,53.9421,56.3406,2211030
2024-07-09,D009,演示科技,55.1724,56.4111,53.1984,54.4202,4014433
2024-07-10,D009,演示科技,54.4097,54.529,54.2833,54.4027,2694768
2024-07-11,D009,演示科技,55.3792,57.1804,54.2623,56.05,1402501
2024-07-12,D009,演示科技,53.1563,55.9156,48.7202,51.3876,1297340
2024-07-15,D009,演示科技,51.0545,51.4862,50.4051,50.8349,2599527
2024-07-16,D009,演示科技,49.7288,50.8948,47.8685,49.0178,1844153
2024-07-17,D009,演示科技,48.7484,49.1129,48.2073,48.5704,5515247
2024-07-18,D009,演示科技,47.5071,48.6272,45.7199,46.8238,2366683
2024-07-19,D009,演示科技,45.8708,46.8836,44.2575,45.2568,1857018
2024-07-22,D009,演示科技,45.7497,46.6822,45.1563,46.0844,2491476
2024-07-23,D009,演示科技,46.3403,46.8648,45.9893,46.5125,3039292
2024-07-24,D009,演示科技,46.9356,47.7486,46.4122,47.222,1960968
2024-07-25,D009,演示科技,46.1869,47.2771,44.4473,45.5218,3379686
2024-07-26,D009,演示科技,44.4144,45.5664,42.5719,43.7055,3139108
2024-07-29,D009,演示科技,43.3438,43.7873,42.6648,43.1059,2522652
2024-07-30,D009,演示科技,42.6174,43.182,41.7375,42.2978,2880124
2024-07-31,D009,演示科技,41.4151,42.3504,39.9243,40.8467,2537169
2024-08-01,D009,演示科技,41.0046,41.3519,40.7637,41.1105,2425830
2024-08-02,D009,演示科技,41.977,43.5705,40.9956,42.5752,4928402
2024-08-05,D009,演示科技,43.2869,44.6022,42.4686,43.7747,2971081
2024-08-06,D009,演示科技,44.3,45.287,43.6755,44.6574,3753689
2024-08-07,D009,演示科技,44.7857,45.0907,44.5672,44.8717,1855289
2024-08-08,D009,演示科技,45.6072,46.9676,44.7602,46.1111,2399928
2024-08-09,D009,演示科技,46.4071,47.0002,46.0151,46.6065,1350700
2024-08-12,D009,演示科技,46.4476,46.6985,46.092,46.3423,2908524
2024-08-13,D009,演示科技,46.3223,46.4349,46.1962,46.3089,2550081
2024-08-14,D009,演示科技,45.8597,46.3934,45.0348,45.5651,2718157
2024-08-15,D009,演示科技,44.7058,45.6278,43.2402,44.1508,2386693
2024-08-16,D009,演示科技,44.0633,44.2386,43.8301,44.0052,1202045
2024-08-19,D009,演示科技,43.5731,44.0853,42.7808,43.2897,1723554
2024-08-20,D009,演示科技,44.1196,45.6479,43.1746,44.6907,1154945
2024-08-21,D009,演示科技,44.4223,44.7769,43.8919,44.2451,2566101
2024-08-22,D009,演示科技,45.093,46.6546,44.1275,45.6765,1104497
2024-08-23,D009,演示科技,45.7937,46.0816,45.5845,45.8721,2707487
2024-08-26,D009,演示科技,45.5661,45.9598,44.9725,45.3644,3367612
2024-08-27,D009,演示科技,44.8063,45.4427,43.8106,44.4418,2654519
2024-08-28,D009,演示科技,44.1465,44.5268,43.5732,43.9519,2950980
2024-08-29,D009,演示科技,43.8931,44.0395,43.7078,43.8541,1601491
2024-08-30,D009,演示科技,43.3016,43.9292,42.3185,42.9409,1384030
2024-09-02,D009,演示科技,43.8926,45.6422,42.8174,44.5509,2289384
2024-09-03,D009,演示科技,45.5355,47.3455,44.423,46.2164,4105669
2024-09-04,D009,演示科技,45.5145,46.2898,44.2907,45.0582,2192004
2024-09-05,D009,演示科技,44.6281,45.1407,43.8364,44.3458,2741387
2024-09-06,D009,演示科技,43.8382,44.4239,42.925,43.5062,2011821
2024-09-09,D009,演示科技,43.1508,43.5877,42.4826,42.9171,2530173
2024-09-10,D009,演示科技,42.9957,43.2132,42.8309,43.0482,3686112
2024-09-11,D009,演示科技,41.9789,43.0886,40.2035,41.2951,1034206
2024-09-12,D009,演示科技,42.2572,44.0257,41.1726,42.9239,3080951
2024-09-13,D009,演示科技,42.2427,42.9906,41.0603,41.8004,1967961
2024-09-16,D009,演示科技,41.1008,41.8633,39.8932,40.6473,2327996
2024-09-17,D009,演示科技,41.2601,42.3972,40.5492,41.6791,2957314
2024-09-18,D009,演示科技,41.8337,42.1774,41.5945,41.9375,3609222
2024-09-19,D009,演示科技,42.8693,44.5822,41.8167,43.5138,1764177
2024-09-20,D009,演示科技,42.9713,43.5886,42.0049,42.6171,5636131
2024-09-23,D009,演示科技,42.023,42.6875,40.9776,41.636,2356497
2024-09-24,D009,演示科技,42.1189,43.0282,41.5424,42.4471,988933
2024-09-25,D009,演示科技,42.8163,43.5289,42.3561,43.066,5624521
2024-09-26,D009,演示科技,43.7789,45.0968,42.9586,44.2674,3027280
2024-09-27,D009,演示科技,44.0726,44.3541,43.663,43.9437,2551648
2024-09-30,D009,演示科技,43.7599,44.0299,43.369,43.6383,2028999
2024-10-01,D009,演示科技,43.0786,43.7126,42.0847,42.7133,3840735
2024-10-02,D009,演示科技,41.9384,42.774,40.6115,41.4372,1040377
2024-10-03,D009,演示科技,41.0833,41.5143,40.4221,40.8507,2575715
2024-10-04,D009,演示科技,41.7559,43.42,40.7333,42.382,2303787
2024-10-07,D009,演示科技,42.5776,42.9921,42.2953,42.709,3064324
2024-10-08,D009,演示科技,43.1468,43.9791,42.6151,43.4438,2384979
2024-10-09,D009,演示科技,44.3347,45.9738,43.3242,44.9493,3529050
2024-10-10,D009,演示科技,45.9713,47.85,44.818,46.6789,3964218
2024-10-11,D009,演示科技,47.5792,49.237,46.5544,48.1989,2507165
2024-10-14,D009,演示科技,47.7387,48.2871,46.8919,47.4368,2235313
2024-10-15,D009,演示科技,47.136,47.5279,46.5474,46.9376,1513679
2024-10-16,D009,演示科技,46.2129,47.0116,44.9516,45.7421,1133504
2024-10-17,D009,演示科技,46.6387,48.2892,45.6192,47.2562,4314303
2024-10-18,D009,演示科技,46.4909,47.3287,45.1654,45.9943,4765650
2024-10-21,D009,演示科技,47.2549,49.5743,45.8412,48.1343,2777410
2024-10-22,D009,演示科技,47.995,48.2296,47.6683,47.9025,4182138
2024-10-23,D009,演示科技,47.8901,47.9983,47.7737,47.8819,3770998
2024-10-24,D009,演示科技,47.775,47.977,47.5022,47.7039,1345071
2024-10-25,D009,演示科技,46.8688,47.7736,45.4338,46.3282,3171811
2024-10-28,D009,演示科技,45.499,46.3947,44.0774,44.9625,1214700
2024-10-29,D009,演示科技,44.5938,45.0467,43.9009,44.3514,2447137
2024-10-30,D009,演示科技,44.0612,44.4363,43.4964,43.8699,2660961
2024-10-31,D009,演示科技,43.1785,43.9382,41.9777,42.7296,2826478
2024-11-01,D009,演示科技,42.0218,42.7943,40.7988,41.5629,1380067
2024-11-04,D009,演示科技,41.2048,41.6402,40.5366,40.9695,2825019
2024-11-05,D009,演示科技,41.2767,41.8798,40.8831,41.4842,1825904
2024-11-06,D009,演示科技,39.9573,41.4727,37.5214,39.0004,2556046
2024-11-07,D009,演示科技,38.1116,39.0434,36.6233,37.5412,2843239
2024-11-08,D009,演示科技,37.8679,38.4984,37.4607,38.0888,3127574
2024-11-11,D009,演示科技,36.3834,38.038,33.7223,35.3289,1751083
2024-11-12,D009,演示科技,35.1442,35.3976,34.7696,35.0221,1921999
2024-11-13,D009,演示科技,34.6559,35.0851,33.9899,34.416,1030968
2024-11-14,D009,演示科技,33.9835,34.475,33.2138,33.7012,2372370
2024-11-15,D009,演示科技,33.475,33.7656,33.0366,33.3259,2215148
2024-11-18,D009,演示科技,33.271,33.3923,33.1133,33.2344,3334971
2024-11-19,D009,演示科技,33.1645,33.3005,32.9821,33.118,1858156
2024-11-20,D009,演示科技,32.378,33.1556,31.1365,31.9027,966655
2024-11-21,D009,演示科技,31.7041,31.9641,31.3141,31.573,2092025
2024-11-22,D009,演示科技,32.0871,33.0381,31.4947,32.4392,1970617
2024-11-25,D009,演示科技,32.3025,32.5029,32.0122,32.212,1379387
2024-11-26,D009,演示科技,31.3958,32.2409,30.0431,30.8742,1800851
2024-11-27,D009,演示科技,29.6235,30.8512,27.6492,28.8446,1774764
2024-11-28,D009,演示科技,28.8703,28.9711,28.7868,28.8875,2885987
2024-11-29,D009,演示科技,29.2565,29.9468,28.8211,29.5077,3486723
2024-12-02,D009,演示科技,29.6674,29.9962,29.4469,29.7749,1880532
2024-12-03,D009,演示科技,30.3983,31.5448,29.692,30.8286,4016875
2024-12-04,D009,演示科技,30.8906,31.0562,30.7666,30.9321,1475774
2024-12-05,D009,演示科技,31.243,31.835,30.8643,31.4538,2652196
2024-12-06,D009,演示科技,31.1965,31.5127,30.7128,31.0273,2436105
2024-12-09,D009,演示科技,30.6775,31.0821,30.047,30.4486,2127293
2024-12-10,D009,演示科技,30.6581,31.0739,30.3849,30.7994,2882750
2024-12-11,D009,演示科技,30.7672,30.8609,30.6521,30.7458,2245338
2024-12-12,D009,演示科技,31.4992,32.8843,30.6515,32.0224,2766013
2024-12-13,D009,演示科技,31.2577,32.055,29.9831,30.7679,2668130
2024-12-16,D009,演示科技,31.2335,32.0973,30.6936,31.5519,4844538
2024-12-17,D009,演示科技,31.7262,32.0838,31.4868,31.8435,4130007
2024-12-18,D009,演示科技,31.2786,31.8896,30.3093,30.9131,1304149
2024-12-19,D009,演示科技,30.5923,30.9687,30.0083,30.3821,2542793
2024-12-20,D009,演示科技,29.5508,30.404,28.1835,29.0214,4055460
2024-12-23,D009,演示科技,28.8715,29.0779,28.5667,28.7724,1121546
2024-12-24,D009,演示科技,28.9879,29.4109,28.7117,29.1333,2533254
2024-12-25,D009,演示科技,29.1583,29.2583,29.075,29.175,1523758
2024-12-26,D009,演示科技,29.2504,29.4355,29.1162,29.301,4378751
2024-12-27,D009,演示科技,29.1825,29.3585,28.9284,29.104,3333458
2024-12-30,D009,演示科技,29.1202,29.2056,29.0457,29.1311,1331767
2024-12-31,D009,演示科技,28.4556,29.1623,27.3266,28.0225,3386709
2025-01-01,D009,演示科技,27.9893,28.0784,27.8784,27.9673,5790528
2025-01-02,D009,演示科技,28.1322,28.467,27.9094,28.2433,3266298
2025-01-03,D009,演示科技,27.3731,28.2542,25.9588,26.8222,3511555
2025-01-06,D009,演示科技,27.3966,28.4529,26.7466,27.7935,2813518
2025-01-07,D009,演示科技,27.5493,27.845,27.095,27.389,2605249
2025-01-08,D009,演示科技,27.6821,28.2373,27.3283,27.881,2076313
2025-01-09,D009,演示科技,27.5286,27.9287,26.9019,27.2986,3344337
2025-01-10,D009,演示科技,27.6492,28.3049,27.2358,27.8879,3369780
2025-01-13,D009,演示科技,27.5894,27.9378,27.048,27.3939,1728444
2025-01-14,D009,演示科技,27.6128,28.039,27.3358,27.7606,1040396
2025-01-15,D009,演示科技,28.1269,28.8111,27.6962,28.3765,2898642
2025-01-16,D009,演示科技,27.7001,28.4055,26.5725,27.2668,1714520
2025-01-17,D009,演示科技,27.146,27.3202,26.8922,27.066,2296893
2025-01-20,D009,演示科技,27.6437,28.7059,26.9898,28.0427,2704331
2025-01-21,D009,演示科技,27.9696,28.0983,27.7925,27.921,1766427
2025-01-22,D009,演示科技,28.1764,28.6668,27.8608,28.3492,4536560
2025-01-23,D009,演示科技,27.7092,28.3809,26.6366,27.2983,2029640
2025-01-24,D009,演示科技,27.7277,28.5229,27.2315,28.0215,1973913
2025-01-27,D009,演示科技,28.4175,29.1546,27.9552,28.6879,1883995
2025-01-28,D009,演示科技,28.1076,28.7248,27.1246,27.7336,2452980
2025-01-29,D009,演示科技,27.892,28.2153,27.6763,27.9987,2164887
2025-01-30,D009,演示科技,27.9664,28.0546,27.8568,27.9449,2201845
2025-01-31,D009,演示科技,27.431,27.9842,26.5522,27.0988,1682465
2025-02-03,D009,演示科技,26.7673,27.1456,26.1756,26.5508,2216812
2025-02-04,D009,演示科技,26.3243,26.6003,25.9011,26.1755,3371776
2025-02-05,D009,演示科技,26.201,26.2961,26.123,26.2181,3196265
2025-02-06,D009,演示科技,26.4412,26.8728,26.162,26.592,3400639
2025-02-07,D009,演示科技,26.5585,26.6451,26.4497,26.5362,3070288
2025-02-10,D009,演示科技,26.1386,26.5786,25.4444,25.8801,2081894
2025-02-11,D009,演示科技,25.853,25.9318,25.7562,25.8349,2192368
2025-02-12,D009,演示科技,26.2216,26.9392,25.7727,26.4859,2115722
2025-02-13,D009,演示科技,26.5099,26.6032,26.4328,26.526,2327062
2025-02-14,D009,演示科技,26.4667,26.5787,26.3153,26.4272,3995271
2025-02-17,D009,演示科技,26.8064,27.5115,26.3645,27.0653,2037383
2025-02-18,D009,演示科技,26.6268,27.1068,25.8675,26.3423,3518170
2025-02-19,D009,演示科技,26.2626,26.3945,26.078,26.2096,1873951
2025-02-20,D009,演示科技,26.3809,26.7231,26.155,26.4963,1609150
2025-02-21,D009,演示科技,26.7389,27.2047,26.4391,26.9031,2882281
2025-02-24,D009,演示科技,26.6582,26.9527,26.2047,26.4974,2767376
2025-02-25,D009,演示科技,26.6121,26.8582,26.4434,26.689,1536788
2025-02-26,D009,演示科技,27.0089,27.6099,26.6286,27.2265,2375136
2025-02-27,D009,演示科技,27.0442,27.2785,26.6908,26.9241,1804393
2025-02-28,D009,演示科技,26.8856,26.9777,26.7679,26.8599,2008407
2025-03-03,D009,演示科技,26.3235,26.895,25.4136,25.9776,1769610
2025-03-04,D009,演示科技,25.7847,26.0268,25.4167,25.6576,1987270
2025-03-05,D009,演示科技,25.8386,26.1967,25.6038,25.9607,3387548
2025-03-06,D009,演示科技,25.4327,25.9939,24.5386,25.0924,5336892
2025-03-07,D009,演示科技,25.2971,25.6951,25.039,25.4355,1787203
2025-03-10,D009,演示科技,25.3527,25.4858,25.1651,25.2978,2606811
2025-03-11,D009,演示科技,25.6682,26.3562,25.2374,25.9211,1195522
2025-03-12,D009,演示科技,25.2719,25.945,24.1948,24.8569,3665316
2025-03-13,D009,演示科技,25.0688,25.4788,24.8037,25.2121,2718936
2025-03-14,D009,演示科技,24.7829,25.2497,24.0432,24.5048,2628616
2025-03-17,D009,演示科技,24.5998,24.8087,24.4549,24.6635,2811456
2025-03-18,D009,演示科技,24.6717,24.7346,24.6142,24.6771,1331282
2025-03-19,D009,演示科技,24.6221,24.7262,24.4816,24.5855,3214391
2025-03-20,D009,演示科技,24.9851,25.7244,24.5246,25.2588,2716215
2025-03-21,D009,演示科技,24.9222,25.3012,24.327,24.7027,2642259
2025-03-24,D009,演示科技,24.6274,24.7516,24.4535,24.5774,3016103
2025-03-25,D009,演示科技,24.8609,25.395,24.5222,25.0536,4504844
2025-03-26,D009,演示科技,24.2874,25.0639,23.0411,23.8021,2269094
2025-03-27,D009,演示科技,23.8895,24.0841,23.7538,23.9481,3021257
2025-03-28,D009,演示科技,23.9125,23.9958,23.8056,23.8889,1802645
2025-03-31,D009,演示科技,24.0499,24.3705,23.8389,24.1585,4252939
2025-04-01,D009,演示科技,23.6714,24.1897,22.846,23.3574,4016455
2025-04-02,D009,演示科技,23.3599,23.4108,23.3107,23.3616,2804202
2025-04-03,D009,演示科技,22.9473,23.3954,22.2362,22.6791,3544896
2025-04-04,D009,演示科技,22.508,22.722,22.1826,22.3954,2274333
2025-04-07,D009,演示科技,22.8462,23.6756,22.3344,23.1569,6919513
2025-04-08,D009,演示科技,22.6593,23.1846,21.8214,22.3393,3449268
2025-04-09,D009,演示科技,22.0919,22.379,21.6451,21.93,2460400
2025-04-10,D009,演示科技,21.4901,21.9585,20.7443,21.2065,3180992
2025-04-11,D009,演示科技,21.0999,21.2478,20.8819,21.0294,3008845
2025-04-14,D009,演示科技,20.8064,21.0671,20.4014,20.6603,3165990
2025-04-15,D009,演示科技,20.5713,20.7008,20.3832,20.5123,2331840
2025-04-16,D009,演示科技,20.3216,20.55,19.9695,20.1965,2621227
2025-04-17,D009,演示科技,20.2485,20.3764,20.1557,20.2834,1550628
2025-04-18,D009,演示科技,20.1828,20.323,19.9767,20.1163,2018918
2025-04-21,D009,演示科技,19.8147,20.1485,19.2882,19.6187,2702216
2025-04-22,D009,演示科技,19.7102,19.9037,19.5785,19.7717,739574
2025-04-23,D009,演示科技,19.64,19.8095,19.3846,19.5533,2402349
2025-04-24,D009,演示科技,19.5016,19.592,19.3771,19.4673,1920957
2025-04-25,D009,演示科技,19.2534,19.502,18.8667,19.1134,1738343
2025-04-28,D009,演示科技,18.8141,19.1433,18.294,18.6198,4271123
2025-04-29,D009,演示科技,18.7896,19.116,18.5796,18.9046,2726152
2025-04-30,D009,演示科技,18.9253,18.9978,18.8667,18.9391,1512714
2025-05-01,D009,演示科技,18.9754,19.0741,18.9011,18.9997,1696036
2025-05-02,D009,演示科技,19.3095,19.8825,18.9526,19.5216,1994911
2025-05-05,D009,演示科技,19.4846,19.5605,19.3841,19.4599,2920007
2025-05-06,D009,演示科技,19.2437,19.4944,18.8533,19.1022,3222201
2025-05-07,D009,演示科技,19.3069,19.6946,19.0599,19.4458,1463684
2025-05-08,D009,演示科技,19.6167,19.9463,19.4041,19.7323,2541523
2025-05-09,D009,演示科技,20.3286,21.4277,19.661,20.7465,4774777
2025-05-12,D009,演示科技,20.0886,20.7526,19.0223,19.6726,1632838
2025-05-13,D009,演示科技,19.7334,19.8748,19.6329,19.7741,2603557
2025-05-14,D009,演示科技,19.8348,19.9763,19.7341,19.8754,2152708
2025-05-15,D009,演示科技,19.7988,19.9146,19.6325,19.748,2924163
2025-05-16,D009,演示科技,19.9243,20.2637,19.7055,20.0436,2893556
2025-05-19,D009,演示科技,20.5147,21.3806,19.9838,20.8413,1486696
2025-05-20,D009,演示科技,20.4915,20.8726,19.888,20.2648,2183658
2025-05-21,D009,演示科技,20.3758,20.6037,20.2231,20.4504,1568733
2025-05-22,D009,演示科技,20.4359,20.4912,20.3709,20.4262,6894401
2025-05-23,D009,演示科技,20.2156,20.4631,19.8319,20.0777,3816140
2025-05-26,D009,演示科技,19.7629,20.109,19.216,19.5585,1611926
2025-05-27,D009,演示科技,19.9706,20.7286,19.5039,20.2552,1599420
2025-05-28,D009,演示科技,20.8533,21.9554,20.1834,21.2721,833741
2025-05-29,D009,演示科技,21.6154,22.2507,21.2195,21.8505,3293803
2025-05-30,D009,演示科技,22.161,22.7387,21.7987,22.373,2687439
2025-06-02,D009,演示科技,22.5421,22.8737,22.3257,22.6562,1517718
2025-06-03,D009,演示科技,22.6877,22.7857,22.6108,22.7087,2080676
2025-06-04,D009,演示科技,22.6128,22.7533,22.4093,22.5494,2039747
2025-06-05,D009,演示科技,22.4122,22.5928,22.1419,22.3217,1669385
2025-06-06,D009,演示科技,22.7794,23.6213,22.2603,23.0951,2643124
2025-06-09,D009,演示科技,23.2961,23.684,23.0455,23.432,2821631
2025-06-10,D009,演示科技,23.5414,23.7727,23.3841,23.6149,2689856
2025-06-11,D009,演示科技,23.7132,23.926,23.5668,23.7792,1490734
2025-06-12,D009,演示科技,23.7459,23.8266,23.643,23.7237,2558737
2025-06-13,D009,演示科技,23.2564,23.7551,22.4627,22.9549,1722464
2025-06-16,D009,演示科技,22.7564,22.9976,22.3861,22.6259,1633110
2025-06-17,D009,演示科技,22.6642,22.7737,22.5805,22.6898,1461159
2025-06-18,D009,演示科技,22.9624,23.4745,22.6384,23.1478,2227036
2025-06-19,D009,演示科技,24.2378,26.2899,23.011,25.0233,2155111
2025-06-20,D009,演示科技,25.0289,25.0882,24.9733,25.0326,2402807
2025-06-23,D009,演示科技,24.6745,25.0735,24.0463,24.4414,2225525
2025-06-24,D009,演示科技,24.8341,25.5607,24.3812,25.1029,1613858
2025-06-25,D009,演示科技,24.7417,25.1438,24.1082,24.5066,2247445
2025-06-26,D009,演示科技,24.1062,24.544,23.4134,23.8465,2735218
2025-06-27,D009,演示科技,23.5872,23.889,23.1178,23.4174,1641266
2025-06-30,D009,演示科技,23.0671,23.4549,22.4553,22.8393,2525658
2025-07-01,D009,演示科技,23.0632,23.4906,22.7895,23.215,3633068
2025-07-02,D009,演示科技,23.1407,23.2609,22.9715,23.0914,3505894
2025-07-03,D009,演示科技,22.7817,23.1301,22.2344,22.5797,3053387
2025-07-04,D009,演示科技,22.5116,22.6244,22.3539,22.4665,2744509
2025-07-07,D009,演示科技,22.3908,22.5108,22.2209,22.3406,3058847
2025-07-08,D009,演示科技,22.8911,23.9031,22.2718,23.2735,1965455
2025-07-09,D009,演示科技,22.7176,23.2971,21.791,22.3615,3123689
2025-07-10,D009,演示科技,21.9674,22.394,21.2907,21.7123,3349107
2025-07-11,D009,演示科技,21.7888,21.9608,21.6683,21.84,3244818
2025-07-14,D009,演示科技,21.5221,21.8754,20.9654,21.3153,2455202
2025-07-15,D009,演示科技,21.2475,21.3574,21.0928,21.2025,1460671
2025-07-16,D009,演示科技,21.0695,21.2433,20.8086,20.9817,1987830
2025-07-17,D009,演示科技,21.3482,22.0248,20.9282,21.5998,2231901
2025-07-18,D009,演示科技,22.1766,23.2375,21.5293,22.5785,1798965
2025-07-21,D009,演示科技,22.461,22.6224,22.2224,22.3833,1635257
2025-07-22,D009,演示科技,22.1521,22.4237,21.731,22.0006,3499365
2025-07-23,D009,演示科技,22.189,22.5533,21.9536,22.3164,3839729
2025-07-24,D009,演示科技,22.0798,22.3564,21.6502,21.9249,1518705
2025-07-25,D009,演示科技,21.9549,22.049,21.8809,21.9749,1614191
2025-07-28,D009,演示科技,21.8723,22.0179,21.6592,21.8044,3902016
2025-07-29,D009,演示科技,21.7752,21.8479,21.6831,21.7557,3125868
2025-07-30,D009,演示科技,22.1875,22.9822,21.6969,22.485,1350078
2025-07-31,D009,演示科技,22.8975,23.6578,22.4264,23.181,5937355
2025-08-01,D009,演示科技,23.1249,23.227,22.9858,23.0877,4638549
2025-08-04,D009,演示科技,23.8714,25.3212,22.9946,24.4241,2275263
2025-08-05,D009,演示科技,24.1829,24.4685,23.741,24.0247,3512510
2025-08-06,D009,演示科技,24.6383,25.7663,23.9489,25.065,3371333
2025-08-07,D009,演示科技,25.0253,25.1149,24.9094,24.9989,3161655
2025-08-08,D009,演示科技,24.8654,25.0475,24.5957,24.7771,1652752
2025-08-11,D009,演示科技,25.0745,25.6331,24.721,25.2767,2142913
2025-08-12,D009,演示科技,24.5405,25.2908,23.3371,24.0731,1229483
2025-08-13,D009,演示科技,23.8052,24.1158,23.3216,23.6299,2316032
2025-08-14,D009,演示科技,23.7285,23.942,23.5817,23.7948,1756461
2025-08-15,D009,演示科技,23.896,24.1143,23.7462,23.964,870943
2025-08-18,D009,演示科技,23.9516,24.0119,23.8831,23.9434,1841729
2025-08-19,D009,演示科技,23.7686,23.9888,23.4345,23.6535,2455604
2025-08-20,D009,演示科技,23.736,23.922,23.6056,23.7913,2340994
2025-08-21,D009,演示科技,24.271,25.1538,23.7264,24.6018,1288838
2025-08-22,D009,演示科技,24.6216,24.7039,24.5525,24.6348,3303273
2025-08-25,D009,演示科技,24.5148,24.6828,24.268,24.4355,1573304
2025-08-26,D009,演示科技,24.0839,24.4753,23.4675,23.8552,2404888
2025-08-27,D009,演示科技,23.8067,23.9026,23.6787,23.7745,2136617
2025-08-28,D009,演示科技,23.4785,23.8153,22.9512,23.2853,2120434
2025-08-29,D009,演示科技,23.1595,23.3304,22.9061,23.0764,4817041
2025-09-01,D009,演示科技,22.9736,23.1216,22.7581,22.9056,2712232
2025-09-02,D009,演示科技,22.7944,22.9503,22.5655,22.7209,1833365
2025-09-03,D009,演示科技,22.2357,22.7483,21.4182,21.9236,2202597
2025-09-04,D009,演示科技,21.4519,21.9498,20.6577,21.1486,3274103
2025-09-05,D009,演示科技,20.7895,21.1801,20.1705,20.5568,1753309
2025-09-08,D009,演示科技,20.0349,20.5751,19.1702,19.7014,1608283
2025-09-09,D009,演示科技,20.2988,21.4002,19.63,20.7176,1333110
2025-09-10,D009,演示科技,20.8597,21.1418,20.6742,20.9555,2260487
2025-09-11,D009,演示科技,21.0486,21.2476,20.9127,21.1112,3008133
2025-09-12,D009,演示科技,20.603,21.1324,19.7567,20.2776,2242586
2025-09-15,D009,演示科技,20.2487,20.3181,20.16,20.2294,2559483
2025-09-16,D009,演示科技,20.3747,20.6616,20.1869,20.4728,1971625
2025-09-17,D009,演示科技,20.2276,20.5084,19.7888,20.0674,4395497
2025-09-18,D009,演示科技,19.8956,20.1048,19.5748,19.7827,3368319
2025-09-19,D009,演示科技,19.7099,19.8217,19.5502,19.6617,1578683
2025-09-22,D009,演示科技,19.4907,19.6982,19.172,19.3783,3607562
2025-09-23,D009,演示科技,18.977,19.4026,18.2987,18.7185,2976463
2025-09-24,D009,演示科技,18.6898,18.7558,18.6046,18.6706,2138507
2025-09-25,D009,演示科技,18.7043,18.798,18.6331,18.7268,2540593
2025-09-26,D009,演示科技,18.1846,18.7375,17.2979,17.8403,1703563
2025-09-29,D009,演示科技,17.8413,17.8786,17.8046,17.8419,3281721
2025-09-30,D009,演示科技,17.7748,17.8771,17.6283,17.7303,2346195
2025-10-01,D009,演示科技,17.8001,17.9532,17.6942,17.847,2177669
2025-10-02,D009,演示科技,17.5582,17.8744,17.0579,17.3707,1654621
2025-10-03,D009,演示科技,17.321,17.4051,17.204,17.288,4580094
2025-10-06,D009,演示科技,17.4528,17.7682,17.2504,17.5645,3318140
2025-10-07,D009,演示科技,17.1766,17.5848,16.5251,16.9274,1959676
2025-10-08,D009,演示科技,16.7405,16.9575,16.4027,16.6181,2167654
2025-10-09,D009,演示科技,16.4209,16.6471,16.0675,16.292,2714454
2025-10-10,D009,演示科技,16.1418,16.322,15.8642,16.0433,1519869
2025-10-13,D009,演示科技,15.8906,16.0726,15.6095,15.7904,2200582
2025-10-14,D009,演示科技,15.9872,16.3559,15.7543,16.1211,2886943
2025-10-15,D009,演示科技,16.0977,16.1532,16.0267,16.0822,2573701
2025-10-16,D009,演示科技,15.9557,16.1124,15.7166,15.8725,2081368
2025-10-17,D009,演示科技,15.9099,16.0045,15.8405,15.935,1465648
2025-10-20,D009,演示科技,15.2809,15.922,14.2497,14.8738,4769373
2025-10-21,D009,演示科技,14.6085,14.8952,14.1534,14.4368,2114392
2025-10-22,D009,演示科技,14.4191,14.4656,14.361,14.4074,1482374
2025-10-23,D009,演示科技,14.3002,14.4347,14.0959,14.2297,1345924
2025-10-24,D009,演示科技,14.3647,14.6232,14.1988,14.4562,3026001
2025-10-27,D009,演示科技,14.8022,15.4382,14.4126,15.0422,5293272
2025-10-28,D009,演示科技,15.0462,15.083,15.0121,15.0489,2327986
2025-10-29,D009,演示科技,15.0478,15.079,15.0158,15.047,1601784
2025-10-30,D009,演示科技,15.0885,15.1882,15.0166,15.1163,2832263
2025-10-31,D009,演示科技,14.8406,15.1377,14.3687,14.6623,2144544
2025-11-03,D009,演示科技,14.1327,14.6594,13.286,13.8004,2104887
2025-11-04,D009,演示科技,14.0205,14.4279,13.7664,14.1711,3734115
2025-11-05,D009,演示科技,14.0222,14.1966,13.7514,13.9246,1826086
2025-11-06,D009,演示科技,14.3516,15.139,13.8736,14.6511,2495368
2025-11-07,D009,演示科技,14.5171,14.6781,14.2691,14.4291,2038960
2025-11-10,D009,演示科技,14.2768,14.455,14.0001,14.177,2933964
2025-11-11,D009,演示科技,14.373,14.7381,14.1437,14.5067,1882657
2025-11-12,D009,演示科技,14.6743,14.9899,14.4741,14.7882,2651584
2025-11-13,D009,演示科技,14.7063,14.8168,14.5422,14.6523,3494355
2025-11-14,D009,演示科技,14.5316,14.6797,14.305,14.4523,2395465
2025-11-17,D009,演示科技,14.6368,14.9822,14.419,14.7625,1502822
2025-11-18,D009,演示科技,14.6115,14.7892,14.3362,14.5126,2044510
2025-11-19,D009,演示科技,14.5286,14.5845,14.4835,14.5394,2442089
2025-11-20,D009,演示科技,14.5248,14.5684,14.4715,14.5151,1778411
2025-11-21,D009,演示科技,14.6893,15.0165,14.4822,14.8077,2758743
2025-11-24,D009,演示科技,14.8388,14.9206,14.778,14.8596,2313764
2025-11-25,D009,演示科技,14.7566,14.8879,14.5579,14.6886,2718719
2025-11-26,D009,演示科技,14.7281,14.8236,14.659,14.7544,2003763
2025-11-27,D009,演示科技,15.0514,15.5979,14.7142,15.2561,2413102
2025-11-28,D009,演示科技,15.7455,16.6491,15.1979,16.0895,2249160
2025-12-01,D009,演示科技,16.0113,16.1209,15.8503,15.9596,1576856
2025-12-02,D009,演示科技,16.0631,16.2702,15.9263,16.1328,2085496
2025-12-03,D009,演示科技,16.0773,16.1647,15.9533,16.0405,2583122
2025-12-04,D009,演示科技,15.9612,16.0718,15.7986,15.9088,1699498
2025-12-05,D009,演示科技,15.5512,15.9267,14.9516,15.3216,853078
2024-01-02,D010,演示传媒,7.2,7.4124,6.9876,7.2,1443920
2024-01-03,D010,演示传媒,7.3307,7.5717,7.1813,7.4205,3826416
2024-01-04,D010,演示传媒,7.2982,7.4318,7.0868,7.2189,3039528
2024-01-05,D010,演示传媒,7.2152,7.2334,7.1944,7.2126,2524324
2024-01-08,D010,演示传媒,7.1795,7.2267,7.1106,7.1576,2072916
2024-01-09,D010,演示传媒,7.208,7.3078,7.1426,7.2421,3743731
2024-01-10,D010,演示传媒,7.053,7.2481,6.7406,6.9323,1922202
2024-01-11,D010,演示传媒,7.0526,7.2746,6.9147,7.1351,2032891
2024-01-12,D010,演示传媒,7.1171,7.1493,7.0729,7.1051,3252995
2024-01-15,D010,演示传媒,7.0923,7.1192,7.0569,7.0838,3950050
2024-01-16,D010,演示传媒,7.1053,7.1556,7.0695,7.1197,2126012
2024-01-17,D010,演示传媒,7.0791,7.1335,6.998,7.0522,2426721
2024-01-18,D010,演示传媒,7.1697,7.3869,7.0346,7.2503,3534877
2024-01-19,D010,演示传媒,7.0856,7.2583,6.8098,6.9799,1944387
2024-01-22,D010,演示传媒,7.1037,7.3321,6.962,7.1887,2874524
2024-01-23,D010,演示传媒,7.4103,7.8192,7.1622,7.5659,1759337
2024-01-24,D010,演示传媒,7.6981,7.9421,7.5466,7.7888,2492930
2024-01-25,D010,演示传媒,7.8885,8.0751,7.7709,7.9565,2856046
2024-01-26,D010,演示传媒,7.897,7.9715,7.7837,7.8578,2758182
2024-01-29,D010,演示传媒,7.9523,8.1297,7.84,8.0166,1394477
2024-01-30,D010,演示传媒,8.1024,8.2651,7.9988,8.1607,1942950
2024-01-31,D010,演示传媒,8.1843,8.2401,8.1443,8.2,2082834
2024-02-01,D010,演示传媒,8.1496,8.2158,8.0504,8.1164,1507909
2024-02-02,D010,演示传媒,8.153,8.2311,8.0998,8.1777,3212570
2024-02-05,D010,演示传媒,8.271,8.447,8.1593,8.3345,665139
2024-02-06,D010,演示传媒,8.3303,8.3511,8.3068,8.3276,1094560
2024-02-07,D010,演示传媒,8.3656,8.4463,8.3106,8.3911,1617138
2024-02-08,D010,演示传媒,8.4444,8.5513,8.3737,8.4803,1199987
2024-02-09,D010,演示传媒,8.246,8.4862,7.8612,8.0969,5164288
2024-02-12,D010,演示传媒,8.1444,8.2409,8.0802,8.1764,3239570
2024-02-13,D010,演示传媒,8.1617,8.1927,8.1209,8.1519,3413549
2024-02-14,D010,演示传媒,8.0732,8.1668,7.9286,8.0216,2246738
2024-02-15,D010,演示传媒,8.189,8.4969,7.9993,8.3045,2322218
2024-02-16,D010,演示传媒,8.3096,8.3346,8.2879,8.3129,1495503
2024-02-19,D010,演示传媒,8.091,8.3194,7.7251,7.9495,2037058
2024-02-20,D010,演示传媒,8.0486,8.2344,7.9313,8.1161,2574211
2024-02-21,D010,演示传媒,8.205,8.373,8.0981,8.2653,2886224
2024-02-22,D010,演示传媒,8.5467,9.0673,8.2319,8.7452,1558553
2024-02-23,D010,演示传媒,8.7108,8.7624,8.6366,8.688,2584254
2024-02-26,D010,演示传媒,8.8571,9.1684,8.6648,8.9735,1525099
2024-02-27,D010,演示传媒,9.0658,9.2413,8.9538,9.1285,4347588
2024-02-28,D010,演示传媒,9.0346,9.1449,8.8636,8.9732,3860833
2024-02-29,D010,演示传媒,8.954,8.991,8.9042,8.9412,3492910
2024-03-01,D010,演示传媒,9.1215,9.4532,8.9168,9.2457,2964526
2024-03-04,D010,演示传媒,9.2487,9.2722,9.2272,9.2507,2930346
2024-03-05,D010,演示传媒,9.1733,9.268,9.0283,9.1224,1865189
2024-03-06,D010,演示传媒,8.9966,9.1376,8.775,8.9147,1284311
2024-03-07,D010,演示传媒,8.9524,9.0339,8.8965,8.9778,2102521
2024-03-08,D010,演示传媒,8.8697,8.9934,8.6763,8.799,2061737
2024-03-11,D010,演示传媒,8.7255,8.8155,8.5878,8.6772,2016562
2024-03-12,D010,演示传媒,8.5361,8.6905,8.2918,8.4446,4406696
2024-03-13,D010,演示传媒,8.511,8.6407,8.4267,8.5559,2243545
2024-03-14,D010,演示传媒,8.8771,9.4737,8.5175,9.1049,1730427
2024-03-15,D010,演示传媒,9.204,9.3915,9.0847,9.2713,2763564
2024-03-18,D010,演示传媒,9.3182,9.4158,9.2523,9.3497,1949399
2024-03-19,D010,演示传媒,9.3468,9.3684,9.3232,9.3448,1672580
2024-03-20,D010,演示传媒,9.4689,9.7004,9.3231,9.5534,1326010
2024-03-21,D010,演示传媒,9.614,9.7355,9.5335,9.6548,1745951
2024-03-22,D010,演示传媒,9.4767,9.6683,9.1724,9.3616,2185077
2024-03-25,D010,演示传媒,9.5028,9.7648,9.3391,9.5993,1259474
2024-03-26,D010,演示传媒,9.8793,10.395,9.5657,10.0752,1705138
2024-03-27,D010,演示传媒,10.0901,10.1352,10.055,10.1,2856586
2024-03-28,D010,演示传媒,9.9645,10.1169,9.725,9.8761,1923790
2024-03-29,D010,演示传媒,10.0234,10.2968,9.8524,10.124,1566491
2024-04-01,D010,演示传媒,10.1293,10.1585,10.1038,10.1329,2194564
2024-04-02,D010,演示传媒,9.8542,10.14,9.3962,9.6768,2419084
2024-04-03,D010,演示传媒,9.7203,9.8128,9.6571,9.7494,1940915
2024-04-04,D010,演示传媒,9.7232,9.7688,9.6602,9.7057,1654906
2024-04-05,D010,演示传媒,9.716,9.7526,9.6863,9.7229,1937370
2024-04-08,D010,演示传媒,9.6339,9.7408,9.4693,9.5755,1903354
2024-04-09,D010,演示传媒,9.5092,9.5938,9.3814,9.4655,2496491
2024-04-10,D010,演示传媒,9.4081,9.4838,9.2949,9.3702,2389825
2024-04-11,D010,演示传媒,9.5559,9.8978,9.3449,9.6839,1293220
2024-04-12,D010,演示传媒,9.8102,10.0464,9.6615,9.8963,4028959
2024-04-15,D010,演示传媒,9.8693,9.9159,9.8049,9.8514,2605325
2024-04-16,D010,演示传媒,9.7366,9.8687,9.5306,9.6616,1433278
2024-04-17,D010,演示传媒,9.6851,9.744,9.6421,9.7009,1409784
2024-04-18,D010,演示传媒,9.8717,10.187,9.6761,9.989,3187997
2024-04-19,D010,演示传媒,10.0836,10.2648,9.9673,10.1477,3294816
2024-04-22,D010,演示传媒,10.4253,10.9361,10.114,10.619,2355214
2024-04-23,D010,演示传媒,10.3805,10.631,9.9805,10.2273,2594162
2024-04-24,D010,演示传媒,10.1029,10.245,9.8806,10.0216,2327909
2024-04-25,D010,演示传媒,10.0675,10.1649,10.0011,10.0983,2773462
2024-04-26,D010,演示传媒,10.3083,10.6946,10.0703,10.4532,2617778
2024-04-29,D010,演示传媒,10.5579,10.7572,10.4304,10.6288,2848708
2024-04-30,D010,演示传媒,10.5058,10.6475,10.2847,10.4253,1659807
2024-05-01,D010,演示传媒,10.6473,11.0556,10.396,10.8007,3631110
2024-05-02,D010,演示传媒,10.8059,10.8363,10.7791,10.8094,1777490
2024-05-03,D010,演示传媒,11.1087,11.6593,10.7732,11.3175,4211607
2024-05-06,D010,演示传媒,11.3986,11.5586,11.2937,11.4532,1267657
2024-05-07,D010,演示传媒,11.3726,11.475,11.2175,11.3194,1748602
2024-05-08,D010,演示传媒,11.5825,12.0659,11.2859,11.7647,2252734
2024-05-09,D010,演示传媒,11.8389,11.9879,11.7402,11.8888,2166200
2024-05-10,D010,演示传媒,11.863,11.9125,11.7964,11.8458,1970863
2024-05-13,D010,演示传媒,11.7761,11.8687,11.6378,11.73,3967099
2024-05-14,D010,演示传媒,11.7996,11.9408,11.7057,11.8465,2716013
2024-05-15,D010,演示传媒,11.7121,11.8674,11.47,11.6241,1449223
2024-05-16,D010,演示传媒,11.5942,11.6472,11.5213,11.5743,2381368
2024-05-17,D010,演示传媒,11.6397,11.7734,11.5504,11.6837,1192634
2024-05-20,D010,演示传媒,11.6322,11.7066,11.524,11.5981,1581484
2024-05-21,D010,演示传媒,11.9192,12.5102,11.5592,12.1434,2539510
2024-05-22,D010,演示传媒,11.7113,12.1417,11.0195,11.44,2994253
2024-05-23,D010,演示传媒,11.49,11.5973,11.4166,11.5237,2810519
2024-05-24,D010,演示传媒,11.4476,11.5457,11.2998,11.3975,4772252
2024-05-27,D010,演示传媒,11.2071,11.4146,10.8785,11.0837,2389219
2024-05-28,D010,演示传媒,11.1456,11.2723,11.0609,11.1872,2580133
2024-05-29,D010,演示传媒,11.1051,11.2085,10.9481,11.0509,2438668
2024-05-30,D010,演示传媒,10.8168,11.0644,10.422,10.6662,1789568
2024-05-31,D010,演示传媒,10.5392,10.6848,10.3117,10.4562,2501751
2024-06-03,D010,演示传媒,10.3891,10.4762,10.2581,10.3448,3190956
2024-06-04,D010,演示传媒,10.3689,10.4301,10.324,10.3851,3086954
2024-06-05,D010,演示传媒,10.2807,10.4039,10.09,10.2123,2978935
2024-06-06,D010,演示传媒,10.3574,10.6272,10.1882,10.4564,2476128
2024-06-07,D010,演示传媒,10.3027,10.4733,10.0339,10.2027,2860081
2024-06-10,D010,演示传媒,10.0399,10.2185,9.7575,9.9342,5332494
2024-06-11,D010,演示传媒,9.7921,9.9505,9.5427,9.6996,3590451
2024-06-12,D010,演示传媒,9.6712,9.7188,9.6048,9.6524,2863781
2024-06-13,D010,演示传媒,9.8055,10.0891,9.6287,9.9103,3549694
2024-06-14,D010,演示传媒,9.9629,10.0714,9.8899,9.9982,2722667
2024-06-17,D010,演示传媒,9.7774,10.0098,9.4065,9.6355,1117628
2024-06-18,D010,演示传媒,9.939,10.499,9.5994,10.1521,2370400
2024-06-19,D010,演示传媒,10.066,10.1711,9.905,10.0094,2277900
2024-06-20,D010,演示传媒,10.0781,10.2144,9.9885,10.1244,3337822
2024-06-21,D010,演示传媒,10.0187,10.1426,9.8264,9.9495,2931805
2024-06-24,D010,演示传媒,10.023,10.1676,9.9285,10.0726,1349860
2024-06-25,D010,演示传媒,10.1002,10.1667,10.0523,10.1187,1517038
2024-06-26,D010,演示传媒,10.2317,10.445,10.0961,10.3084,2079442
2024-06-27,D010,演示传媒,10.2851,10.3289,10.2259,10.2696,1584862
2024-06-28,D010,演示传媒,10.3555,10.522,10.2477,10.4135,2199607
2024-07-01,D010,演示传媒,10.4659,10.5751,10.3922,10.5011,3017830
2024-07-02,D010,演示传媒,10.2696,10.5133,9.8806,10.1208,1384051
2024-07-03,D010,演示传媒,10.2386,10.4603,10.098,10.3187,2197750
2024-07-04,D010,演示传媒,10.5937,11.0996,10.285,10.7853,1502213
2024-07-05,D010,演示传媒,11.0668,11.5843,10.7507,11.2627,3203517
2024-07-08,D010,演示传媒,11.0812,11.28,10.7666,10.9633,2758566
2024-07-09,D010,演示传媒,10.8821,10.9841,10.7272,10.8286,2670568
2024-07-10,D010,演示传媒,10.7197,10.8483,10.5207,10.6484,1642045
2024-07-11,D010,演示传媒,10.5786,10.6688,10.4429,10.5326,1971466
2024-07-12,D010,演示传媒,10.367,10.5491,10.0791,10.2594,1780725
2024-07-15,D010,演示传媒,10.0711,10.2738,9.7492,9.9495,2191727
2024-07-16,D010,演示传媒,10.1045,10.3919,9.9252,10.2106,2819966
2024-07-17,D010,演示传媒,10.0965,10.2287,9.8906,10.0219,2006082
2024-07-18,D010,演示传媒,9.7587,10.0301,9.3241,9.5908,2133676
2024-07-19,D010,演示传媒,9.7277,9.9823,9.568,9.8212,2253936
2024-07-22,D010,演示传媒,9.7444,9.8396,9.5993,9.694,1753038
2024-07-23,D010,演示传媒,9.8739,10.2056,9.6686,9.9977,1990628
2024-07-24,D010,演示传媒,9.9105,10.0162,9.7481,9.8533,3589158
2024-07-25,D010,演示传媒,9.9663,10.1793,9.8311,10.0431,4149858
2024-07-26,D010,演示传媒,9.9624,10.062,9.8103,9.9093,2683339
2024-07-29,D010,演示传媒,9.5337,9.9052,8.9364,9.2987,1939179
2024-07-30,D010,演示传媒,9.2699,9.3171,9.2036,9.2508,2736383
2024-07-31,D010,演示传媒,9.1458,9.2671,8.9568,9.0772,3085716
2024-08-01,D010,演示传媒,9.217,9.4761,9.0551,9.3126,2341651
2024-08-02,D010,演示传媒,9.2988,9.3311,9.2572,9.2896,875136
2024-08-05,D010,演示传媒,9.3633,9.5069,9.2699,9.413,2351349
2024-08-06,D010,演示传媒,9.4628,9.5658,9.3937,9.4963,2280269
2024-08-07,D010,演示传媒,9.5761,9.7307,9.4761,9.6301,3207701
2024-08-08,D010,演示传媒,9.5354,9.6476,9.3617,9.4733,4357764
2024-08-09,D010,演示传媒,9.2111,9.4798,8.7805,9.0443,1733525
2024-08-12,D010,演示传媒,8.8296,9.0536,8.4715,8.692,1203894
2024-08-13,D010,演示传媒,8.492,8.7014,8.1574,8.3636,2681218
2024-08-14,D010,演示传媒,8.5375,8.8574,8.3405,8.6576,1844329
2024-08-15,D010,演示传媒,8.3743,8.6592,7.9167,8.1955,1738827
2024-08-16,D010,演示传媒,8.2824,8.4471,8.1774,8.3414,2157496
2024-08-19,D010,演示传媒,8.4879,8.7584,8.32,8.5885,2798834
2024-08-20,D010,演示传媒,8.7279,8.9856,8.5673,8.8233,2111169
2024-08-21,D010,演示传媒,8.6831,8.837,8.4398,8.5921,1434657
2024-08-22,D010,演示传媒,8.7821,9.1315,8.5674,8.9135,3024189
2024-08-23,D010,演示传媒,8.5515,8.9068,7.9802,8.3261,2023099
2024-08-26,D010,演示传媒,8.1501,8.3363,7.8533,8.0369,1786298
2024-08-27,D010,演示传媒,8.0515,8.0921,8.0207,8.0613,3147860
2024-08-28,D010,演示传媒,8.131,8.2658,8.044,8.1782,2055827
2024-08-29,D010,演示传媒,8.2165,8.2974,8.1615,8.2422,3430273
2024-08-30,D010,演示传媒,8.2675,8.3265,8.2255,8.2844,2446046
2024-09-02,D010,演示传媒,8.1514,8.2972,7.9209,8.0651,4026932
2024-09-03,D010,演示传媒,8.2201,8.5056,8.0436,8.3268,2555397
2024-09-04,D010,演示传媒,8.1377,8.336,7.821,8.0163,2461012
2024-09-05,D010,演示传媒,8.0538,8.133,7.9999,8.079,1970458
2024-09-06,D010,演示传媒,8.0076,8.0939,7.8748,7.9606,2014039
2024-09-09,D010,演示传媒,7.8972,7.9756,7.7775,7.8555,1130687
2024-09-10,D010,演示传媒,7.9173,8.0379,7.8388,7.959,2501627
2024-09-11,D010,演示传媒,7.7723,7.9674,7.4606,7.6526,1777842
2024-09-12,D010,演示传媒,7.7301,7.8776,7.6359,7.7827,1322870
2024-09-13,D010,演示传媒,7.4916,7.78,7.0279,7.3093,2898065
2024-09-16,D010,演示传媒,7.1613,7.3187,6.9107,7.0659,2909530
2024-09-17,D010,演示传媒,7.1875,7.412,7.048,7.2709,3834608
2024-09-18,D010,演示传媒,7.3992,7.6359,7.2523,7.4872,4015450
2024-09-19,D010,演示传媒,7.356,7.4982,7.1304,7.271,3095677
2024-09-20,D010,演示传媒,7.1591,7.2825,6.9643,7.0864,1548901
2024-09-23,D010,演示传媒,7.0755,7.1006,7.0433,7.0683,2042996
2024-09-24,D010,演示传媒,7.1984,7.4381,7.0499,7.2878,2034035
2024-09-25,D010,演示传媒,7.2035,7.3006,7.0521,7.1484,2749995
2024-09-26,D010,演示传媒,7.1771,7.2396,7.1339,7.1963,1635320
2024-09-27,D010,演示传媒,7.2366,7.319,7.1814,7.2637,1991612
2024-09-30,D010,演示传媒,7.3717,7.5723,7.2462,7.4456,1763998
2024-10-01,D010,演示传媒,7.4889,7.5769,7.4302,7.518,2189567
2024-10-02,D010,演示传媒,7.639,7.8629,7.4995,7.7219,1523671
2024-10-03,D010,演示传媒,7.5307,7.7292,7.2133,7.4085,3725526
2024-10-04,D010,演示传媒,7.3625,7.4227,7.2722,7.3322,2479490
2024-10-07,D010,演示传媒,7.3517,7.3992,7.3174,7.3648,3009951
2024-10-08,D010,演示传媒,7.2657,7.3771,7.0906,7.2011,4052821
2024-10-09,D010,演示传媒,7.2897,7.4559,7.1847,7.35,1526642
2024-10-10,D010,演示传媒,7.3547,7.3772,7.3353,7.3578,2506982
2024-10-11,D010,演示传媒,7.462,7.6559,7.3404,7.5331,2549481
2024-10-14,D010,演示传媒,7.6446,7.8517,7.5151,7.7208,1211411
2024-10-15,D010,演示传媒,7.5346,7.7285,7.2246,7.4154,3355394
2024-10-16,D010,演示传媒,7.4004,7.4302,7.3609,7.3905,4203850
2024-10-17,D010,演示传媒,7.373,7.4052,7.3293,7.3614,1791837
2024-10-18,D010,演示传媒,7.2369,7.3724,7.0221,7.1561,1702575
2024-10-21,D010,演示传媒,7.3266,7.64,7.1346,7.4449,1862102
2024-10-22,D010,演示传媒,7.4185,7.4595,7.3601,7.4011,2306673
2024-10-23,D010,演示传媒,7.3439,7.415,7.2357,7.3064,2120830
2024-10-24,D010,演示传媒,7.2836,7.3208,7.2314,7.2685,3533303
2024-10-25,D010,演示传媒,7.2655,7.283,7.246,7.2635,2429176
2024-10-28,D010,演示传媒,7.0555,7.2679,6.7148,6.9233,2109773
2024-10-29,D010,演示传媒,6.9525,7.0156,6.9092,6.9722,1508948
2024-10-30,D010,演示传媒,6.8419,6.9818,6.6194,6.7577,1884607
2024-10-31,D010,演示传媒,6.6659,6.769,6.5039,6.6061,3059275
2024-11-01,D010,演示传媒,6.5555,6.6185,6.4595,6.5222,3133340
2024-11-04,D010,演示传媒,6.5528,6.6174,6.5089,6.5734,1786312
2024-11-05,D010,演示传媒,6.7973,7.2118,6.5468,6.9553,1547305
2024-11-06,D010,演示传媒,6.7037,6.9539,6.3014,6.5457,3437839
2024-11-07,D010,演示传媒,6.4261,6.555,6.2214,6.3487,3153868
2024-11-08,D010,演示传媒,6.1716,6.353,5.8807,6.0588,2537339
2024-11-11,D010,演示传媒,5.8186,6.055,5.4385,5.6688,2064560
2024-11-12,D010,演示传媒,5.7521,5.9069,5.6552,5.8091,2008273
2024-11-13,D010,演示传媒,5.7759,5.8203,5.7098,5.754,3155514
2024-11-14,D010,演示传媒,5.5701,5.7555,5.2723,5.4539,3885214
2024-11-15,D010,演示传媒,5.4108,5.4641,5.3293,5.3824,3637666
2024-11-18,D010,演示传媒,5.2716,5.3892,5.0842,5.2002,1189063
2024-11-19,D010,演示传媒,5.2512,5.3486,5.1889,5.2858,2219894
2024-11-20,D010,演示传媒,5.3034,5.3434,5.2751,5.3151,2330264
2024-11-21,D010,演示传媒,5.3154,5.3264,5.3045,5.3156,3656405
2024-11-22,D010,演示传媒,5.2988,5.3261,5.2605,5.2877,2678105
2024-11-25,D010,演示传媒,5.2316,5.2971,5.1297,5.1948,4101242
2024-11-26,D010,演示传媒,5.1844,5.2051,5.1569,5.1775,1492508
2024-11-27,D010,演示传媒,5.1462,5.1875,5.0843,5.1255,2346223
2024-11-28,D010,演示传媒,5.2283,5.4176,5.1116,5.2992,2428327
2024-11-29,D010,演示传媒,5.4329,5.6788,5.2826,5.5259,2331260
2024-12-02,D010,演示传媒,5.5494,5.6002,5.5146,5.5652,2473443
2024-12-03,D010,演示传媒,5.6844,5.9036,5.5496,5.7667,1522367
2024-12-04,D010,演示传媒,5.6868,5.7763,5.5459,5.6347,2057691
2024-12-05,D010,演示传媒,5.741,5.937,5.6198,5.8142,2038189
2024-12-06,D010,演示传媒,5.7941,5.8257,5.7493,5.7808,1856716
2024-12-09,D010,演示传媒,5.7616,5.7922,5.7182,5.7488,1936531
2024-12-10,D010,演示传媒,5.7146,5.7599,5.6469,5.6921,2985930
2024-12-11,D010,演示传媒,5.7386,5.8289,5.6799,5.77,2958360
2024-12-12,D010,演示传媒,5.8627,6.0343,5.7557,5.9262,2806380
2024-12-13,D010,演示传媒,5.8342,5.9355,5.6743,5.7745,2489505
2024-12-16,D010,演示传媒,5.7767,5.7919,5.763,5.7781,2135758
2024-12-17,D010,演示传媒,5.645,5.7844,5.4223,5.5596,1949319
2024-12-18,D010,演示传媒,5.6502,5.8179,5.5458,5.7123,1991262
2024-12-19,D010,演示传媒,5.5568,5.7165,5.3009,5.4577,2147184
2024-12-20,D010,演示传媒,5.4245,5.4682,5.3589,5.4025,1810346
2024-12-23,D010,演示传媒,5.3743,5.413,5.3171,5.3557,1320131
2024-12-24,D010,演示传媒,5.4014,5.4898,5.3442,5.4323,3075842
2024-12-25,D010,演示传媒,5.3452,5.4407,5.1943,5.2887,1314639
2024-12-26,D010,演示传媒,5.3159,5.3723,5.2779,5.3341,2357209
2024-12-27,D010,演示传媒,5.4036,5.5336,5.3218,5.451,2907329
2024-12-30,D010,演示传媒,5.3962,5.4609,5.2961,5.3603,2378685
2024-12-31,D010,演示传媒,5.2695,5.3683,5.1128,5.2106,1696893
2025-01-01,D010,演示传媒,5.1282,5.2187,4.9851,5.0747,1398056
2025-01-02,D010,演示传媒,5.0307,5.0841,4.9487,5.0018,3106925
2025-01-03,D010,演示传媒,5.0012,5.0118,4.9903,5.0008,1646295
2025-01-06,D010,演示传媒,4.8866,5.0063,4.6953,4.8133,2223910
2025-01-07,D010,演示传媒,4.7628,4.8219,4.6711,4.7298,1503911
2025-01-08,D010,演示传媒,4.8327,5.0219,4.7163,4.9038,2803338
2025-01-09,D010,演示传媒,4.7896,4.909,4.5988,4.7164,1864496
2025-01-10,D010,演示传媒,4.7141,4.7258,4.7008,4.7125,2714235
2025-01-13,D010,演示传媒,4.7703,4.8787,4.7018,4.8097,2252720
2025-01-14,D010,演示传媒,4.7848,4.819,4.7344,4.7684,1162981
2025-01-15,D010,演示传媒,4.8548,5.014,4.7561,4.9141,1311513
2025-01-16,D010,演示传媒,4.8158,4.9205,4.6491,4.7524,3118079
2025-01-17,D010,演示传媒,4.6347,4.7569,4.4393,4.5595,3417856
2025-01-20,D010,演示传媒,4.6741,4.8848,4.5452,4.7537,1496608
2025-01-21,D010,演示传媒,4.8059,4.9046,4.7432,4.8414,2157333
2025-01-22,D010,演示传媒,4.7687,4.8491,4.6418,4.7214,1512138
2025-01-23,D010,演示传媒,4.6355,4.7281,4.4885,4.58,1666549
2025-01-24,D010,演示传媒,4.6391,4.7497,4.5694,4.6794,2030605
2025-01-27,D010,演示传媒,4.7484,4.8765,4.6682,4.7955,2934075
2025-01-28,D010,演示传媒,4.732,4.8036,4.6196,4.6906,1323664
2025-01-29,D010,演示传媒,4.5998,4.6969,4.4454,4.5412,2211398
2025-01-30,D010,演示传媒,4.5586,4.597,4.532,4.5703,3084978
2025-01-31,D010,演示传媒,4.439,4.573,4.224,4.3555,2716768
2025-02-03,D010,演示传媒,4.3601,4.3764,4.3468,4.3631,2123285
2025-02-04,D010,演示传媒,4.3495,4.3717,4.3182,4.3404,2694214
2025-02-05,D010,演示传媒,4.3919,4.4885,4.3306,4.4268,2622455
2025-02-06,D010,演示传媒,4.3332,4.4322,4.1754,4.273,2492299
2025-02-07,D010,演示传媒,4.2442,4.2812,4.1885,4.2252,1387400
2025-02-10,D010,演示传媒,4.2246,4.2337,4.215,4.2241,1658731
2025-02-11,D010,演示传媒,4.1953,4.2322,4.1395,4.1763,2367548
2025-02-12,D010,演示传媒,4.2494,4.3844,4.1656,4.2996,2420716
2025-02-13,D010,演示传媒,4.3033,4.3179,4.291,4.3057,2531743
2025-02-14,D010,演示传媒,4.27,4.3137,4.2029,4.2465,3170724
2025-02-17,D010,演示传媒,4.2738,4.3284,4.2376,4.2922,2011655
2025-02-18,D010,演示传媒,4.2249,4.2989,4.1081,4.1813,1676339
2025-02-19,D010,演示传媒,4.2142,4.2784,4.1724,4.2364,2568365
2025-02-20,D010,演示传媒,4.2077,4.2445,4.152,4.1887,1969220
2025-02-21,D010,演示传媒,4.2091,4.2518,4.1801,4.2228,3909038
2025-02-24,D010,演示传媒,4.2546,4.3171,4.2139,4.2761,1556685
2025-02-25,D010,演示传媒,4.3386,4.4545,4.2659,4.3812,1663757
2025-02-26,D010,演示传媒,4.4508,4.5797,4.3704,4.4985,1518761
2025-02-27,D010,演示传媒,4.4873,4.5074,4.4598,4.4799,1858742
2025-02-28,D010,演示传媒,4.4311,4.4879,4.3429,4.3992,1903442
2025-03-03,D010,演示传媒,4.471,4.6037,4.3883,4.5201,965370
2025-03-04,D010,演示传媒,4.6291,4.8293,4.5064,4.7046,3551624
2025-03-05,D010,演示传媒,4.7056,4.7166,4.6952,4.7062,3312643
2025-03-06,D010,演示传媒,4.5924,4.7109,4.403,4.5196,2198242
2025-03-07,D010,演示传媒,4.575,4.679,4.5093,4.6127,3650813
2025-03-10,D010,演示传媒,4.4845,4.6159,4.2739,4.4029,2302279
2025-03-11,D010,演示传媒,4.4677,4.5881,4.3923,4.512,2378312
2025-03-12,D010,演示传媒,4.3107,4.5061,3.9965,4.1862,2736590
2025-03-13,D010,演示传媒,4.2266,4.3037,4.1771,4.2539,2535906
2025-03-14,D010,演示传媒,4.3804,4.6135,4.2388,4.469,3280192
2025-03-17,D010,演示传媒,4.6023,4.848,4.453,4.6957,2609567
2025-03-18,D010,演示传媒,4.7737,4.9179,4.6839,4.8271,2693498
2025-03-19,D010,演示传媒,4.7913,4.8363,4.7228,4.7676,1182511
2025-03-20,D010,演示传媒,4.8117,4.8962,4.7573,4.8415,1072484
2025-03-21,D010,演示传媒,4.9052,5.0243,4.8303,4.9487,2615051
2025-03-24,D010,演示传媒,4.9694,5.0142,4.9386,4.9833,2527976
2025-03-25,D010,演示传媒,4.9722,4.9932,4.9438,4.9648,953643
2025-03-26,D010,演示传媒,4.9233,4.9741,4.8454,4.8959,1680083
2025-03-27,D010,演示传媒,4.9914,5.1671,4.8828,5.0571,3524633
2025-03-28,D010,演示传媒,4.9613,5.064,4.798,4.8994,1811015
2025-03-31,D010,演示传媒,5.0079,5.2072,4.8854,5.0829,1911170
2025-04-01,D010,演示传媒,5.0642,5.0929,5.0231,5.0518,2347101
2025-04-02,D010,演示传媒,5.0975,5.1853,5.0409,5.1284,2665656
2025-04-03,D010,演示传媒,5.065,5.1372,4.9519,5.0235,2204910
2025-04-04,D010,演示传媒,4.94,5.0311,4.7956,4.8858,3870321
2025-04-07,D010,演示传媒,4.9665,5.1156,4.8736,5.0217,2342712
2025-04-08,D010,演示传媒,4.8075,5.0165,4.4713,4.6746,1384761
2025-04-09,D010,演示传媒,4.5944,4.6815,4.4562,4.5424,1832335
2025-04-10,D010,演示传媒,4.5523,4.5779,4.5333,4.5589,1901126
2025-04-11,D010,演示传媒,4.5604,4.572,4.5497,4.5614,2577910
2025-04-14,D010,演示传媒,4.4683,4.5672,4.3109,4.4084,3680949
2025-04-15,D010,演示传媒,4.4131,4.4299,4.3996,4.4163,2442469
2025-04-16,D010,演示传媒,4.3855,4.4247,4.3262,4.3652,1603456
2025-04-17,D010,演示传媒,4.2869,4.3715,4.1526,4.2362,1993705
2025-04-18,D010,演示传媒,4.2035,4.2442,4.1416,4.182,2259038
2025-04-21,D010,演示传媒,4.134,4.1894,4.0475,4.1025,1712391
2025-04-22,D010,演示传媒,4.1098,4.1303,4.0943,4.1147,2905240
2025-04-23,D010,演示传媒,4.1627,4.2529,4.1054,4.1953,1884427
2025-04-24,D010,演示传媒,4.125,4.2016,4.0036,4.0794,4652915
2025-04-25,D010,演示传媒,4.0579,4.0873,4.0145,4.0437,1352344
2025-04-28,D010,演示传媒,4.0932,4.1859,4.0345,4.1268,1286323
2025-04-29,D010,演示传媒,4.1342,4.1549,4.1185,4.1392,1506204
2025-04-30,D010,演示传媒,4.1919,4.2904,4.1297,4.2277,2141760
2025-05-01,D010,演示传媒,4.1601,4.2343,4.0427,4.1161,1223113
2025-05-02,D010,演示传媒,3.952,4.1134,3.6924,3.8496,2732812
2025-05-05,D010,演示传媒,3.8205,3.8569,3.7652,3.8014,1190085
2025-05-06,D010,演示传媒,3.7773,3.8087,3.7302,3.7614,2041629
2025-05-07,D010,演示传媒,3.7528,3.7689,3.7309,3.747,3259415
2025-05-08,D010,演示传媒,3.7169,3.754,3.6602,3.6971,1467479
2025-05-09,D010,演示传媒,3.7056,3.7272,3.6897,3.7113,1920064
2025-05-12,D010,演示传媒,3.666,3.7177,3.5852,3.6365,2262084
2025-05-13,D010,演示传媒,3.628,3.6437,3.6068,3.6224,1687099
2025-05-14,D010,演示传媒,3.6618,3.7364,3.6144,3.6886,2515036
2025-05-15,D010,演示传媒,3.6582,3.6955,3.6011,3.6382,984364
2025-05-16,D010,演示传媒,3.66,3.7041,3.6307,3.6747,3013359
2025-05-19,D010,演示传媒,3.7107,3.7795,3.6666,3.7351,1679264
2025-05-20,D010,演示传媒,3.6195,3.7365,3.4318,3.5464,3889467
2025-05-21,D010,演示传媒,3.5445,3.5535,3.5343,3.5433,1797420
2025-05-22,D010,演示传媒,3.5077,3.5497,3.4427,3.4844,1674441
2025-05-23,D010,演示传媒,3.4967,3.5242,3.4773,3.5049,3015295
2025-05-26,D010,演示传媒,3.5155,3.5405,3.4978,3.5227,2474574
2025-05-27,D010,演示传媒,3.4593,3.5277,3.3506,3.4183,1495970
2025-05-28,D010,演示传媒,3.4384,3.4791,3.4112,3.4519,1475225
2025-05-29,D010,演示传媒,3.5429,3.7104,3.4407,3.6063,2400835
2025-05-30,D010,演示传媒,3.5862,3.6133,3.546,3.573,2947776
2025-06-02,D010,演示传媒,3.5925,3.6326,3.5656,3.6056,1903093
2025-06-03,D010,演示传媒,3.6487,3.7295,3.5975,3.6779,2818922
2025-06-04,D010,演示传媒,3.6815,3.6948,3.6705,3.6838,2263616
2025-06-05,D010,演示传媒,3.6582,3.6909,3.6088,3.6413,965345
2025-06-06,D010,演示传媒,3.669,3.7234,3.6336,3.6878,3367042
2025-06-09,D010,演示传媒,3.6873,3.6951,3.6791,3.687,2311367
2025-06-10,D010,演示传媒,3.6333,3.6929,3.5394,3.5985,2681770
2025-06-11,D010,演示传媒,3.5553,3.6047,3.4779,3.527,3570275
2025-06-12,D010,演示传媒,3.5213,3.534,3.5048,3.5175,1747150
2025-06-13,D010,演示传媒,3.4705,3.5234,3.3873,3.4398,1805502
2025-06-16,D010,演示传媒,3.5457,3.741,3.4271,3.62,2620714
2025-06-17,D010,演示传媒,3.5679,3.6259,3.4765,3.534,1911095
2025-06-18,D010,演示传媒,3.5504,3.5851,3.5267,3.5614,1841256
2025-06-19,D010,演示传媒,3.6848,3.9133,3.5467,3.772,1485142
2025-06-20,D010,演示传媒,3.7957,3.8434,3.7641,3.8117,1683597
2025-06-23,D010,演示传媒,3.8075,3.8193,3.7929,3.8047,2089151
2025-06-24,D010,演示传媒,3.6633,3.8035,3.438,3.5748,3070750
2025-06-25,D010,演示传媒,3.4787,3.5775,3.3205,3.4175,3093386
2025-06-26,D010,演示传媒,3.402,3.4242,3.3695,3.3917,1467619
2025-06-27,D010,演示传媒,3.4394,3.5281,3.3837,3.4719,3215888
2025-06-30,D010,演示传媒,3.4533,3.4787,3.4158,3.441,2877614
2025-07-01,D010,演示传媒,3.421,3.4477,3.3812,3.4078,2200393
2025-07-02,D010,演示传媒,3.5115,3.7029,3.3954,3.5843,4437244
2025-07-03,D010,演示传媒,3.6432,3.7522,3.5754,3.6836,1563427
2025-07-04,D010,演示传媒,3.6167,3.6888,3.5021,3.5734,2038453
2025-07-07,D010,演示传媒,3.5516,3.5803,3.5087,3.5372,1595682
2025-07-08,D010,演示传媒,3.5519,3.5838,3.53,3.5618,2558345
2025-07-09,D010,演示传媒,3.5353,3.5686,3.4848,3.5179,2969393
2025-07-10,D010,演示传媒,3.5859,3.7111,3.5085,3.6327,1855486
2025-07-11,D010,演示传媒,3.5943,3.6392,3.5246,3.5692,3552033
2025-07-14,D010,演示传媒,3.4906,3.5733,3.3587,3.4402,1447015
2025-07-15,D010,演示传媒,3.3902,3.4457,3.3026,3.3576,1687243
2025-07-16,D010,演示传媒,3.4102,3.5076,3.3494,3.4461,3107709
2025-07-17,D010,演示传媒,3.5347,3.6974,3.4352,3.5963,1832659
2025-07-18,D010,演示传媒,3.6124,3.6468,3.5889,3.6232,4737680
2025-07-21,D010,演示传媒,3.5667,3.6289,3.4685,3.53,3513595
2025-07-22,D010,演示传媒,3.5414,3.5676,3.5229,3.5491,1763746
2025-07-23,D010,演示传媒,3.5691,3.6101,3.5417,3.5826,1606870
2025-07-24,D010,演示传媒,3.5685,3.5896,3.5382,3.5592,1388037
2025-07-25,D010,演示传媒,3.5668,3.5868,3.5521,3.572,2168552
2025-07-28,D010,演示传媒,3.5517,3.5789,3.5112,3.5383,1629189
2025-07-29,D010,演示传媒,3.5005,3.5446,3.4319,3.4758,1785326
2025-07-30,D010,演示传媒,3.5477,3.68,3.4662,3.5973,1277089
2025-07-31,D010,演示传媒,3.6352,3.7069,3.5894,3.6608,2970423
2025-08-01,D010,演示传媒,3.6202,3.6673,3.5468,3.5936,1382549
2025-08-04,D010,演示传媒,3.6754,3.8257,3.5831,3.732,2788423
2025-08-05,D010,演示传媒,3.7179,3.7394,3.6871,3.7085,2035164
2025-08-06,D010,演示传媒,3.6073,3.7112,3.4407,3.5428,1886563
2025-08-07,D010,演示传媒,3.6207,3.764,3.5326,3.6746,1824047
2025-08-08,D010,演示传媒,3.6834,3.7054,3.6672,3.6892,3200797
2025-08-11,D010,演示传媒,3.6953,3.7128,3.6818,3.6994,3431023
2025-08-12,D010,演示传媒,3.6834,3.7066,3.6498,3.6729,2638337
2025-08-13,D010,演示传媒,3.6063,3.6781,3.4923,3.5633,3526331
2025-08-14,D010,演示传媒,3.5914,3.6464,3.5557,3.6105,2081814
2025-08-15,D010,演示传媒,3.5534,3.6161,3.4543,3.5163,1348114
2025-08-18,D010,演示传媒,3.5947,3.7387,3.5062,3.6489,1721421
2025-08-19,D010,演示传媒,3.5758,3.6536,3.4518,3.5286,2082945
2025-08-20,D010,演示传媒,3.5301,3.5396,3.5216,3.5311,3079296
2025-08-21,D010,演示传媒,3.5279,3.5381,3.5157,3.5259,2317489
2025-08-22,D010,演示传媒,3.5285,3.5399,3.5188,3.5302,1972553
2025-08-25,D010,演示传媒,3.4936,3.5366,3.427,3.4696,2471630
2025-08-26,D010,演示传媒,3.5024,3.5651,3.4621,3.5246,2283099
2025-08-27,D010,演示传媒,3.527,3.538,3.5175,3.5286,3477855
2025-08-28,D010,演示传媒,3.482,3.5345,3.3994,3.4516,1136389
2025-08-29,D010,演示传媒,3.4206,3.4579,3.3631,3.4002,1552951
2025-09-01,D010,演示传媒,3.3542,3.4059,3.2731,3.3243,3898266
2025-09-02,D010,演示传媒,3.326,3.3354,3.3176,3.3271,2491959
2025-09-03,D010,演示传媒,3.29,3.333,3.2231,3.2657,2444003
2025-09-04,D010,演示传媒,3.2117,3.2707,3.1183,3.1766,2259788
2025-09-05,D010,演示传媒,3.178,3.1867,3.1703,3.179,1789999
2025-09-08,D010,演示传媒,3.1343,3.1842,3.0558,3.1053,2359208
2025-09-09,D010,演示传媒,3.1282,3.1734,3.0987,3.1437,2263605
2025-09-10,D010,演示传媒,3.0605,3.1463,2.9231,3.0074,1741005
2025-09-11,D010,演示传媒,3.0283,3.0697,3.0011,3.0424,1591677
2025-09-12,D010,演示传媒,2.9812,3.0463,2.8776,2.9418,2636243
2025-09-15,D010,演示传媒,2.957,2.9886,2.9358,2.9673,1702747
2025-09-16,D010,演示传媒,3.032,3.1509,2.9588,3.0767,2133660
2025-09-17,D010,演示传媒,3.0534,3.0825,3.0091,3.038,1582026
2025-09-18,D010,演示传媒,3.0315,3.0441,3.0145,3.0271,1413070
2025-09-19,D010,演示传媒,2.9905,3.0323,2.9252,2.9667,1865179
2025-09-22,D010,演示传媒,2.983,3.0164,2.9606,2.9939,2344248
2025-09-23,D010,演示传媒,2.9251,2.9972,2.81,2.881,1630257
2025-09-24,D010,演示传媒,2.849,2.8861,2.7911,2.828,1696406
2025-09-25,D010,演示传媒,2.7847,2.8325,2.7093,2.7566,1969987
2025-09-26,D010,演示传媒,2.7377,2.7618,2.7013,2.7253,3138280
2025-09-29,D010,演示传媒,2.7276,2.737,2.7198,2.7292,3893245
2025-09-30,D010,演示传媒,2.7445,2.7759,2.7236,2.7549,1118082
2025-10-01,D010,演示传媒,2.7491,2.7603,2.7341,2.7453,2639702
2025-10-02,D010,演示传媒,2.6454,2.7447,2.4858,2.5827,1667991
2025-10-03,D010,演示传媒,2.5793,2.5879,2.5686,2.5771,2382706
2025-10-06,D010,演示传媒,2.5615,2.5821,2.5306,2.5511,1971081
2025-10-07,D010,演示传媒,2.5403,2.5562,2.5174,2.5332,2600726
2025-10-08,D010,演示传媒,2.5383,2.552,2.5281,2.5418,2875530
2025-10-09,D010,演示传媒,2.5309,2.5467,2.5078,2.5237,2934044
2025-10-10,D010,演示传媒,2.5496,2.5989,2.5181,2.5672,2833059
2025-10-13,D010,演示传媒,2.5514,2.5721,2.5204,2.541,2157902
2025-10-14,D010,演示传媒,2.5879,2.6744,2.5344,2.6202,3503637
2025-10-15,D010,演示传媒,2.5908,2.6248,2.5378,2.5716,1599907
2025-10-16,D010,演示传媒,2.5585,2.5766,2.5318,2.5499,1292255
2025-10-17,D010,演示传媒,2.5622,2.5881,2.5446,2.5705,3867609
2025-10-20,D010,演示传媒,2.5792,2.599,2.5653,2.585,1218374
2025-10-21,D010,演示传媒,2.5453,2.5891,2.4762,2.5195,2527355
2025-10-22,D010,演示传媒,2.562,2.6405,2.5132,2.5911,1644842
2025-10-23,D010,演示传媒,2.524,2.5933,2.4129,2.4811,2394656
2025-10-24,D010,演示传媒,2.4631,2.4858,2.4287,2.4513,1900062
2025-10-27,D010,演示传媒,2.444,2.4561,2.427,2.4391,1898514
2025-10-28,D010,演示传媒,2.4637,2.5106,2.4338,2.4804,1584319
2025-10-29,D010,演示传媒,2.4841,2.4954,2.4754,2.4866,2547525
2025-10-30,D010,演示传媒,2.4558,2.4909,2.4009,2.4357,1706241
2025-10-31,D010,演示传媒,2.4132,2.4402,2.3716,2.3984,2809023
2025-11-03,D010,演示传媒,2.365,2.4024,2.3062,2.3432,3584359
2025-11-04,D010,演示传媒,2.3438,2.3494,2.3385,2.3442,1462394
2025-11-05,D010,演示传媒,2.3493,2.3627,2.3395,2.3528,2447994
2025-11-06,D010,演示传媒,2.3693,2.402,2.3479,2.3804,2608758
2025-11-07,D010,演示传媒,2.3529,2.3846,2.3035,2.335,3128706
2025-11-10,D010,演示传媒,2.2687,2.3364,2.1602,2.2266,2049732
2025-11-11,D010,演示传媒,2.22,2.231,2.2046,2.2156,2978592
2025-11-12,D010,演示传媒,2.2283,2.2541,2.211,2.2368,2571050
2025-11-13,D010,演示传媒,2.2159,2.2409,2.1774,2.2022,2788854
2025-11-14,D010,演示传媒,2.1708,2.2058,2.1157,2.1504,2650728
2025-11-17,D010,演示传媒,2.1268,2.1542,2.0843,2.1115,2354241
2025-11-18,D010,演示传媒,2.1409,2.1956,2.1065,2.1609,2291493
2025-11-19,D010,演示传媒,2.2007,2.274,2.1553,2.228,2214825
2025-11-20,D010,演示传媒,2.225,2.2325,2.2154,2.2229,2773193
2025-11-21,D010,演示传媒,2.2555,2.3162,2.2176,2.2778,3260455
2025-11-24,D010,演示传媒,2.2444,2.2815,2.1859,2.2227,2717491
2025-11-25,D010,演示传媒,2.3072,2.4642,2.2126,2.3671,3870659
2025-11-26,D010,演示传媒,2.3878,2.4276,2.3621,2.4017,2713044
2025-11-27,D010,演示传媒,2.3297,2.4029,2.2124,2.2841,1897881
2025-11-28,D010,演示传媒,2.2904,2.3056,2.2795,2.2946,2687316
2025-12-01,D010,演示传媒,2.2832,2.2991,2.2598,2.2756,1337632
2025-12-02,D010,演示传媒,2.2851,2.3055,2.271,2.2914,1922700
2025-12-03,D010,演示传媒,2.2053,2.2906,2.0683,2.1515,2118426
2025-12-04,D010,演示传媒,2.1457,2.1557,2.1317,2.1418,1530565
2025-12-05,D010,演示传媒,2.1239,2.1458,2.0903,2.1121,2132333
2024-01-02,D011,演示新能源,31.0,31.0789,30.9211,31.0,1799580
2024-01-03,D011,演示新能源,31.0672,31.2419,30.9376,31.1122,1821007
2024-01-04,D011,演示新能源,30.604,31.1597,29.7247,30.2744,918059
2024-01-05,D011,演示新能源,30.7449,31.617,30.2006,31.0669,2259505
2024-01-08,D011,演示新能源,31.1427,31.332,31.0043,31.1934,933086
2024-01-09,D011,演示新能源,29.9942,31.1785,28.0901,29.2447,2780643
2024-01-10,D011,演示新能源,28.6093,29.2793,27.5403,28.2008,2838143
2024-01-11,D011,演示新能源,28.4341,28.8867,28.1407,28.5917,2402532
2024-01-12,D011,演示新能源,28.0559,28.6313,27.1415,27.7098,2080463
2024-01-15,D011,演示新能源,27.8192,28.059,27.6534,27.8927,1221397
2024-01-16,D011,演示新能源,27.8902,27.9485,27.8303,27.8885,2927382
2024-01-17,D011,演示新能源,27.7239,27.9424,27.3975,27.6152,1222784
2024-01-18,D011,演示新能源,28.0529,28.8634,27.5474,28.3525,2318193
2024-01-19,D011,演示新能源,27.8667,28.3945,27.03,27.5519,3246472
2024-01-22,D011,演示新能源,27.4323,27.6059,27.1799,27.3531,1717743
2024-01-23,D011,演示新能源,27.6732,28.2755,27.2914,27.8908,2923631
2024-01-24,D011,演示新能源,27.9253,28.0389,27.8349,27.9484,2891755
2024-01-25,D011,演示新能源,28.0495,28.2757,27.8917,28.1174,946821
2024-01-26,D011,演示新能源,27.6137,28.1578,26.7501,27.2878,1850584
2024-01-29,D011,演示新能源,27.3756,27.5779,27.2326,27.4345,1853653
2024-01-30,D011,演示新能源,27.7921,28.4605,27.3711,28.0358,2368609
2024-01-31,D011,演示新能源,27.9241,28.0909,27.6838,27.8502,2604143
2024-02-01,D011,演示新能源,27.5751,27.9008,27.0712,27.3947,2764359
2024-02-02,D011,演示新能源,27.6066,28.0209,27.3368,27.7497,1612486
2024-02-05,D011,演示新能源,27.6928,27.8049,27.5431,27.655,3585856
2024-02-06,D011,演示新能源,27.6473,27.7103,27.5793,27.6422,2944736
2024-02-07,D011,演示新能源,27.239,27.687,26.533,26.9767,2597384
2024-02-08,D011,演示新能源,27.1073,27.3817,26.9214,27.1952,2631809
2024-02-09,D011,演示新能源,26.2569,27.195,24.7497,25.6666,1639053
2024-02-12,D011,演示新能源,26.1262,26.9738,25.6005,26.4418,2557293
2024-02-13,D011,演示新能源,26.3872,26.4944,26.244,26.351,3124462
2024-02-14,D011,演示新能源,26.371,26.4572,26.2982,26.3844,3595311
2024-02-15,D011,演示新能源,26.8826,27.8004,26.3147,27.2253,1783671
2024-02-16,D011,演示新能源,27.2718,27.4041,27.1706,27.3029,1269349
2024-02-19,D011,演示新能源,27.9653,29.183,27.2197,28.4251,3415860
2024-02-20,D011,演示新能源,27.9617,28.4686,27.1596,27.661,3334960
2024-02-21,D011,演示新能源,27.93,28.4436,27.6008,28.1122,1790189
2024-02-22,D011,演示新能源,28.7481,29.9169,28.0304,29.1883,865694
2024-02-23,D011,演示新能源,29.8988,31.2049,29.0991,30.3921,2639649
2024-02-26,D011,演示新能源,29.9742,30.4425,29.2378,29.7019,2078360
2024-02-27,D011,演示新能源,30.4184,31.7354,29.6118,30.9156,4255130
2024-02-28,D011,演示新能源,30.8692,30.9772,30.7305,30.8384,2825471
2024-02-29,D011,演示新能源,30.6709,30.8982,30.3338,30.5603,1172702
2024-03-01,D011,演示新能源,30.265,30.6161,29.7224,30.0713,2427407
2024-03-04,D011,演示新能源,29.4881,30.1116,28.4961,29.1117,2318718
2024-03-05,D011,演示新能源,28.7893,29.1634,28.2071,28.5784,1969728
2024-03-06,D011,演示新能源,27.9649,28.6127,26.9318,27.5704,1688278
2024-03-07,D011,演示新能源,28.3589,29.8109,27.4754,28.9102,1164405
2024-03-08,D011,演示新能源,28.4296,28.9539,27.5995,28.118,1913100
2024-03-11,D011,演示新能源,28.2893,28.6352,28.0597,28.4046,3615039
2024-03-12,D011,演示新能源,28.427,28.5213,28.3478,28.442,2519028
2024-03-13,D011,演示新能源,28.4549,28.5335,28.3851,28.4636,1714803
2024-03-14,D011,演示新能源,29.2748,30.7684,28.3658,29.8418,1720710
2024-03-15,D011,演示新能源,29.1666,29.875,28.0352,28.7332,3601398
2024-03-18,D011,演示新能源,29.0983,29.7818,28.6672,29.3469,1635555
2024-03-19,D011,演示新能源,29.291,29.4053,29.1397,29.2539,2726015
2024-03-20,D011,演示新能源,28.1931,29.2477,26.4978,27.5276,2231922
2024-03-21,D011,演示新能源,28.3139,29.7617,27.4328,28.8635,1215207
2024-03-22,D011,演示新能源,28.8819,28.9703,28.8057,28.8941,2598373
2024-03-25,D011,演示新能源,29.1198,29.5606,28.8329,29.2722,2028206
2024-03-26,D011,演示新能源,29.6475,30.3496,29.2049,29.9031,1391259
2024-03-27,D011,演示新能源,29.7643,29.9616,29.4757,29.6724,1956206
2024-03-28,D011,演示新能源,30.1642,31.0735,29.5983,30.5013,924851
2024-03-29,D011,演示新能源,30.626,30.8971,30.4392,30.7097,2855504
2024-04-01,D011,演示新能源,30.8233,31.0758,30.6474,30.8995,1912780
2024-04-02,D011,演示新能源,30.45,30.9496,29.6627,30.1575,3041620
2024-04-03,D011,演示新能源,29.8668,30.2126,29.3326,29.6761,1988842
2024-04-04,D011,演示新能源,29.9428,30.4559,29.6122,30.1233,2070437
2024-04-05,D011,演示新能源,30.4841,31.162,30.0551,30.7295,2450036
2024-04-08,D011,演示新能源,30.5402,30.7887,30.1677,30.4152,2171902
2024-04-09,D011,演示新能源,31.3583,33.0979,30.3027,32.0201,1291695
2024-04-10,D011,演示新能源,31.989,32.084,31.8734,31.9683,2110867
2024-04-11,D011,演示新能源,31.2418,32.0037,30.025,30.7755,1819039
2024-04-12,D011,演示新能源,29.7222,30.7762,28.0287,29.0592,4130875
2024-04-15,D011,演示新能源,29.0534,29.1173,28.9855,29.0495,2105775
2024-04-16,D011,演示新能源,28.4206,29.0839,27.3624,28.0163,1210924
2024-04-17,D011,演示新能源,28.4583,29.277,27.9476,28.7608,1957037
2024-04-18,D011,演示新能源,28.4827,28.8134,27.9717,28.3003,1249221
2024-04-19,D011,演示新能源,28.2436,28.3566,28.093,28.2059,1702236
2024-04-22,D011,演示新能源,27.7695,28.2503,27.0101,27.4859,3244717
2024-04-23,D011,演示新能源,27.1909,27.5351,26.656,26.9978,1342101
2024-04-24,D011,演示新能源,26.9766,27.0517,26.8875,26.9625,869577
2024-04-25,D011,演示新能源,27.1924,27.6371,26.9049,27.3479,2797201
2024-04-26,D011,演示新能源,27.3031,27.4024,27.1741,27.2733,1411803
2024-04-29,D011,演示新能源,27.7519,28.6353,27.2036,28.0805,2273319
2024-04-30,D011,演示新能源,27.5732,28.1205,26.7044,27.2452,1491697
2024-05-01,D011,演示新能源,27.8335,28.9153,27.168,28.2401,1986712
2024-05-02,D011,演示新能源,29.2684,31.1761,28.1176,29.9966,2018558
2024-05-03,D011,演示新能源,31.1357,33.2529,29.8604,31.9444,3117733
2024-05-06,D011,演示新能源,32.4334,33.34,31.867,32.7678,3045251
2024-05-07,D011,演示新能源,32.5667,32.8308,32.171,32.434,1821703
2024-05-08,D011,演示新能源,32.9166,33.8125,32.3561,33.2464,4168968
2024-05-09,D011,演示新能源,32.9869,33.309,32.4958,32.8162,3291205
2024-05-10,D011,演示新能源,32.6025,32.8791,32.1863,32.4616,1840388
2024-05-13,D011,演示新能源,32.7386,33.2742,32.3922,32.9259,2222511
2024-05-14,D011,演示新能源,32.9105,32.9917,32.8192,32.9003,1640012
2024-05-15,D011,演示新能源,32.6544,32.9626,32.1859,32.4925,2291328
2024-05-16,D011,演示新能源,32.9141,33.7023,32.4175,33.2014,1294139
2024-05-17,D011,演示新能源,34.065,35.6531,33.0951,34.6661,1644988
2024-05-20,D011,演示新能源,34.5502,34.7346,34.2893,34.4733,3079786
2024-05-21,D011,演示新能源,35.0783,36.1949,34.3852,35.4936,1510361
2024-05-22,D011,演示新能源,35.2072,35.5602,34.6676,35.0188,1215940
2024-05-23,D011,演示新能源,35.7474,37.0877,34.9216,36.2503,1819483
2024-05-24,D011,演示新能源,36.4256,36.7938,36.176,36.5434,1625317
2024-05-27,D011,演示新能源,36.0747,36.6056,35.2424,35.7688,3483401
2024-05-28,D011,演示新能源,35.5488,35.8377,35.1159,35.4036,3745736
2024-05-29,D011,演示新能源,35.2927,35.4736,35.0386,35.2191,1746747
2024-05-30,D011,演示新能源,34.2167,35.2409,32.5744,33.5795,3126269
2024-05-31,D011,演示新能源,33.7649,34.1452,33.5103,33.8896,1386693
2024-06-03,D011,演示新能源,34.5841,35.8616,33.7964,35.063,5708827
2024-06-04,D011,演示新能源,34.579,35.1212,33.7263,34.2636,2552872
2024-06-05,D011,演示新能源,33.6156,34.3106,32.5105,33.197,2755644
2024-06-06,D011,演示新能源,33.7057,34.649,33.1164,34.0537,2021695
2024-06-07,D011,演示新能源,35.4221,37.9729,33.8886,36.3972,2263037
2024-06-10,D011,演示新能源,35.66,36.444,34.4112,35.1848,4171125
2024-06-11,D011,演示新能源,35.6976,36.6503,35.1008,36.0478,3899430
2024-06-12,D011,演示新能源,35.1498,36.0814,33.6591,34.5756,1881829
2024-06-13,D011,演示新能源,34.6766,34.9154,34.5057,34.7442,1060666
2024-06-14,D011,演示新能源,34.917,35.278,34.6729,35.0331,1843336
2024-06-17,D011,演示新能源,34.9672,35.1029,34.788,34.9234,2520907
2024-06-18,D011,演示新能源,34.6521,34.9892,34.1382,34.4736,1687496
2024-06-19,D011,演示新能源,33.8963,34.5254,32.8998,33.522,2626676
2024-06-20,D011,演示新能源,33.9168,34.6595,33.4463,34.1853,2061274
2024-06-21,D011,演示新能源,33.6817,34.2404,32.801,33.3542,3499528
2024-06-24,D011,演示新能源,33.4333,33.6328,33.287,33.4863,1588923
2024-06-25,D011,演示新能源,33.9664,34.8591,33.4068,34.2941,2700728
2024-06-26,D011,演示新能源,35.0689,36.4931,34.1944,35.6052,2327594
2024-06-27,D011,演示新能源,36.3095,37.6059,35.509,36.7947,3553035
2024-06-28,D011,演示新能源,36.9603,37.3131,36.7195,37.0716,2957131
2024-07-01,D011,演示新能源,36.953,37.1449,36.6828,36.8743,1623638
2024-07-02,D011,演示新能源,36.2808,36.9311,35.2522,35.8956,1334812
2024-07-03,D011,演示新能源,36.5891,37.8661,35.7998,37.0665,2745639
2024-07-04,D011,演示新能源,37.6186,38.6435,36.9774,37.9959,2013155
2024-07-05,D011,演示新能源,38.0596,38.2425,37.9196,38.1022,2071797
2024-07-08,D011,演示新能源,37.8473,38.1751,37.353,37.6793,1432082
2024-07-09,D011,演示新能源,37.0854,37.738,36.0538,36.6997,1955968
2024-07-10,D011,演示新能源,36.0222,36.7511,34.8641,35.5842,1735484
2024-07-11,D011,演示新能源,35.4757,35.6546,35.2253,35.4038,1100932
2024-07-12,D011,演示新能源,34.7515,35.4535,33.6363,34.3298,2588634
2024-07-15,D011,演示新能源,33.6425,34.3745,32.4772,33.1994,2360038
2024-07-16,D011,演示新能源,33.1045,33.2652,32.8812,33.0416,831185
2024-07-17,D011,演示新能源,33.4193,34.1313,32.9675,33.676,1556886
2024-07-18,D011,演示新能源,31.9578,33.5986,29.3197,30.9065,2030022
2024-07-19,D011,演示新能源,30.792,30.9674,30.5412,30.7162,1629645
2024-07-22,D011,演示新能源,31.0692,31.7345,30.6472,31.3092,1733169
2024-07-23,D011,演示新能源,31.4539,31.7605,31.2451,31.5511,1946431
2024-07-24,D011,演示新能源,31.0487,31.6,30.1771,30.7226,2707806
2024-07-25,D011,演示新能源,31.2845,32.3204,30.6427,31.6707,3583966
2024-07-26,D011,演示新能源,31.8557,32.2317,31.6052,31.9802,1018661
2024-07-29,D011,演示新能源,31.3763,32.0242,30.3463,30.9862,1189871
2024-07-30,D011,演示新能源,30.9206,31.0478,30.7501,30.8771,2339453
2024-07-31,D011,演示新能源,30.247,30.9164,29.1805,29.841,2525400
2024-08-01,D011,演示新能源,30.9296,32.9493,29.7113,31.7006,1795629
2024-08-02,D011,演示新能源,32.0813,32.7964,31.6288,32.3402,4123162
2024-08-05,D011,演示新能源,31.7978,32.3888,30.8617,31.4462,1767237
2024-08-06,D011,演示新能源,32.2871,33.834,31.3434,32.8732,2194939
2024-08-07,D011,演示新能源,33.36,34.2639,32.7943,33.6926,3148931
2024-08-08,D011,演示新能源,34.1759,35.0747,33.6126,34.5059,2902253
2024-08-09,D011,演示新能源,33.7707,34.5477,32.5315,33.2977,1638266
2024-08-12,D011,演示新能源,33.4349,33.7328,33.2298,33.5271,1978745
2024-08-13,D011,演示新能源,32.8233,33.5685,31.6355,32.3703,2631093
2024-08-14,D011,演示新能源,32.0192,32.4281,31.3834,31.7893,1463620
2024-08-15,D011,演示新能源,31.0165,31.8205,29.7307,30.5219,2015611
2024-08-16,D011,演示新能源,30.3559,30.5811,30.0219,30.2463,2186470
2024-08-19,D011,演示新能源,30.3598,30.6115,30.1848,30.436,1566349
2024-08-20,D011,演示新能源,31.0815,32.2684,30.3507,31.5272,2243900
2024-08-21,D011,演示新能源,31.9565,32.7569,31.4534,32.2492,1107051
2024-08-22,D011,演示新能源,33.144,34.7909,32.1408,33.7687,1526546
2024-08-23,D011,演示新能源,34.445,35.6897,33.6769,34.9112,2707298
2024-08-26,D011,演示新能源,34.2973,34.962,33.2428,33.8998,1470743
2024-08-27,D011,演示新能源,32.4843,33.869,30.2574,31.6045,1690021
2024-08-28,D011,演示新能源,31.947,32.595,31.5344,32.1795,1497345
2024-08-29,D011,演示新能源,31.9146,32.2397,31.4172,31.7405,1200134
2024-08-30,D011,演示新能源,31.299,31.7929,30.522,31.0114,2066215
2024-09-02,D011,演示新能源,31.0271,31.1153,30.9494,31.0375,3245057
2024-09-03,D011,演示新能源,31.0519,31.138,30.9754,31.0615,1445737
2024-09-04,D011,演示新能源,32.0345,33.8298,30.9456,32.7177,2407024
2024-09-05,D011,演示新能源,32.3372,32.775,31.6539,32.0884,1474199
2024-09-06,D011,演示新能源,31.6601,32.1423,30.903,31.3809,2449700
2024-09-09,D011,演示新能源,31.662,32.203,31.3134,31.8522,2265799
2024-09-10,D011,演示新能源,32.3053,33.1481,31.7768,32.6145,1595305
2024-09-11,D011,演示新能源,32.0974,32.6652,31.1997,31.7616,3350380
2024-09-12,D011,演示新能源,31.7818,31.8791,31.698,31.7953,2845397
2024-09-13,D011,演示新能源,31.7251,31.8585,31.5454,31.6785,2176340
2024-09-16,D011,演示新能源,30.8056,31.7008,29.3708,30.2499,1829596
2024-09-17,D011,演示新能源,30.2355,30.3103,30.1512,30.226,3772927
2024-09-18,D011,演示新能源,31.2196,33.0557,30.1079,31.9191,2835397
2024-09-19,D011,演示新能源,31.43,31.9696,30.5782,31.1123,3097056
2024-09-20,D011,演示新能源,31.6446,32.6276,31.0336,32.0096,2178878
2024-09-23,D011,演示新能源,32.3623,33.0287,31.9384,32.6017,3487923
2024-09-24,D011,演示新能源,32.0673,32.6514,31.1428,31.7206,2310826
2024-09-25,D011,演示新能源,31.0887,31.7621,30.0168,30.6813,3364977
2024-09-26,D011,演示新能源,30.5745,30.7418,30.3367,30.5037,2192016
2024-09-27,D011,演示新能源,29.9833,30.549,29.0868,29.6462,2899461
2024-09-30,D011,演示新能源,29.3045,29.6983,28.6904,29.0811,3906229
2024-10-01,D011,演示新能源,29.5151,30.3207,29.0112,29.8117,2626492
2024-10-02,D011,演示新能源,30.1113,30.6818,29.7465,30.3144,1614010
2024-10-03,D011,演示新能源,30.0024,30.3691,29.4336,29.7979,2565737
2024-10-04,D011,演示新能源,30.928,33.0283,29.6627,31.7303,1822382
2024-10-07,D011,演示新能源,31.8269,32.0528,31.6661,31.8917,911733
2024-10-08,D011,演示新能源,32.153,32.6607,31.8238,32.3296,2756126
2024-10-09,D011,演示新能源,32.5128,32.887,32.2629,32.6361,2734230
2024-10-10,D011,演示新能源,32.2532,32.6932,31.5662,32.0028,1910786
2024-10-11,D011,演示新能源,31.9897,32.0668,31.9039,31.9809,1371041
2024-10-14,D011,演示新能源,31.4436,32.0289,30.5165,31.0953,2385409
2024-10-15,D011,演示新能源,31.0248,31.1571,30.8458,30.9779,1685217
2024-10-16,D011,演示新能源,30.9933,31.0811,30.9159,31.0036,1378278
2024-10-17,D011,演示新能源,30.1999,31.0299,28.8709,29.6868,2824656
2024-10-18,D011,演示新能源,30.2648,31.3291,29.6073,30.6628,2106173
2024-10-21,D011,演示新能源,30.7079,30.8448,30.6013,30.7381,2338945
2024-10-22,D011,演示新能源,30.4969,30.7959,30.0409,30.3383,2145612
2024-10-23,D011,演示新能源,30.4266,30.6356,30.277,30.4857,2554973
2024-10-24,D011,演示新能源,29.6697,30.5093,28.3246,29.1495,2174499
2024-10-25,D011,演示新能源,29.6222,30.4968,29.0773,29.946,1613178
2024-10-28,D011,演示新能源,29.1316,29.968,27.7915,28.6129,2456499
2024-10-29,D011,演示新能源,28.277,28.663,27.6745,28.0574,2771514
2024-10-30,D011,演示新能源,27.5548,28.0977,26.693,27.2295,3349418
2024-10-31,D011,演示新能源,27.2525,27.3452,27.175,27.2678,1612607
2024-11-01,D011,演示新能源,26.9792,27.3167,26.4552,26.7902,2460242
2024-11-04,D011,演示新能源,27.0206,27.4658,26.7329,27.1764,2561016
2024-11-05,D011,演示新能源,26.5984,27.2094,25.6242,26.2266,1366275
2024-11-06,D011,演示新能源,25.7134,26.2615,24.8412,25.3822,2402919
2024-11-07,D011,演示新能源,24.7091,25.4024,23.5986,24.2799,1718003
2024-11-08,D011,演示新能源,23.2643,24.2575,21.667,22.6332,2007376
2024-11-11,D011,演示新能源,21.7976,22.6267,20.4649,21.274,1571973
2024-11-12,D011,演示新能源,21.57,22.1212,21.2239,21.7719,1084389
2024-11-13,D011,演示新能源,21.5659,21.8118,21.1864,21.4308,1442391
2024-11-14,D011,演示新能源,21.2637,21.4711,20.9475,21.1538,1859794
2024-11-15,D011,演示新能源,21.5995,22.419,21.0948,21.9071,1179800
2024-11-18,D011,演示新能源,21.9259,22.001,21.8633,21.9384,1701814
2024-11-19,D011,演示新能源,21.9447,21.9993,21.8945,21.949,1274390
2024-11-20,D011,演示新能源,21.9943,22.114,21.9049,22.0245,2621954
2024-11-21,D011,演示新能源,21.7189,22.061,21.1808,21.5198,1577122
2024-11-22,D011,演示新能源,21.1853,21.5536,20.6036,20.9681,1611406
2024-11-25,D011,演示新能源,20.6676,21.0023,20.1406,20.4721,1320990
2024-11-26,D011,演示新能源,20.2706,20.5093,19.9014,20.1385,1611927
2024-11-27,D011,演示新能源,19.5142,20.146,18.5001,19.119,2669612
2024-11-28,D011,演示新能源,19.3072,19.6662,19.0773,19.4348,2725934
2024-11-29,D011,演示新能源,19.8193,20.5271,19.3823,20.0842,3925858
2024-12-02,D011,演示新能源,20.8066,22.1459,19.9982,21.3177,2191786
2024-12-03,D011,演示新能源,21.8821,22.9202,21.2486,22.2753,1951054
2024-12-04,D011,演示新能源,22.3769,22.5926,22.2298,22.4451,1731400
2024-12-05,D011,演示新能源,22.5478,22.7659,22.3992,22.6168,1749651
2024-12-06,D011,演示新能源,22.7627,23.0547,22.5697,22.8609,1603909
2024-12-09,D011,演示新能源,22.9265,23.0823,22.8148,22.9704,2051261
2024-12-10,D011,演示新能源,22.9944,23.0804,22.9243,23.0104,2222448
2024-12-11,D011,演示新能源,23.8792,25.4937,22.9065,24.4959,1425350
2024-12-12,D011,演示新能源,24.7222,25.1564,24.4429,24.8754,2341181
2024-12-13,D011,演示新能源,24.5542,24.9177,23.9842,24.3446,1701033
2024-12-16,D011,演示新能源,24.4283,24.6177,24.2953,24.4844,2325015
2024-12-17,D011,演示新能源,23.6569,24.4861,22.3248,23.1357,949683
2024-12-18,D011,演示新能源,23.9148,25.3556,23.0431,24.464,1346247
2024-12-19,D011,演示新能源,24.6498,25.014,24.4123,24.7753,1564390
2024-12-20,D011,演示新能源,25.1364,25.8074,24.7162,25.383,1748452
2024-12-23,D011,演示新能源,25.4068,25.4974,25.3322,25.4227,1705654
2024-12-24,D011,演示新能源,25.6245,26.018,25.3687,25.7609,3297203
2024-12-25,D011,演示新能源,25.298,25.7978,24.5048,24.9986,2288566
2024-12-26,D011,演示新能源,25.4739,26.3493,24.9324,25.8009,2100631
2024-12-27,D011,演示新能源,25.8597,26.0098,25.7489,25.899,2405856
2024-12-30,D011,演示新能源,25.4424,25.9366,24.6584,25.1469,2095538
2024-12-31,D011,演示新能源,25.3041,25.6203,25.0946,25.4099,3466500
2025-01-01,D011,演示新能源,25.2667,25.4591,24.9805,25.1722,2569889
2025-01-02,D011,演示新能源,25.1145,25.2222,24.9687,25.0762,2492996
2025-01-03,D011,演示新能源,25.1779,25.3992,25.0252,25.2461,2156783
2025-01-06,D011,演示新能源,25.0888,25.2946,24.7801,24.9851,2575824
2025-01-07,D011,演示新能源,24.8434,25.0334,24.5605,24.7498,3584596
2025-01-08,D011,演示新能源,24.9544,25.3515,24.6971,25.0927,1427837
2025-01-09,D011,演示新能源,25.0435,25.1426,24.9119,25.0109,2241733
2025-01-10,D011,演示新能源,25.0004,25.0609,24.9329,24.9934,1881204
2025-01-13,D011,演示新能源,25.4874,26.3968,24.9259,25.8278,1200874
2025-01-14,D011,演示新能源,25.4249,25.8682,24.7245,25.1633,3427788
2025-01-15,D011,演示新能源,25.4443,25.9749,25.1071,25.6352,1700714
2025-01-16,D011,演示新能源,24.9077,25.6512,23.7155,24.4452,1129320
2025-01-17,D011,演示新能源,24.5274,24.7145,24.3957,24.5825,2545952
2025-01-20,D011,演示新能源,24.7809,25.167,24.5302,24.915,1940590
2025-01-21,D011,演示新能源,25.0722,25.3881,24.8632,25.1781,3071476
2025-01-22,D011,演示新能源,25.3424,25.6708,25.1257,25.4531,1357953
2025-01-23,D011,演示新能源,25.1725,25.4983,24.6653,24.9888,2603872
2025-01-24,D011,演示新能源,25.1387,25.442,24.937,25.2396,1740658
2025-01-27,D011,演示新能源,24.9881,25.2854,24.528,24.8233,2134730
2025-01-28,D011,演示新能源,24.1693,24.8434,23.0897,23.7522,1733381
2025-01-29,D011,演示新能源,23.7865,23.8915,23.7045,23.8094,2445182
2025-01-30,D011,演示新能源,23.4392,23.8468,22.7952,23.1987,4091592
2025-01-31,D011,演示新能源,23.3404,23.6264,23.1505,23.4358,2044631
2025-02-03,D011,演示新能源,23.2198,23.4789,22.8205,23.078,1448945
2025-02-04,D011,演示新能源,22.1258,23.0585,20.6258,21.5335,2831104
2025-02-05,D011,演示新能源,22.0751,23.0708,21.4663,22.4516,1529523
2025-02-06,D011,演示新能源,22.4227,22.4964,22.33,22.4035,1928409
2025-02-07,D011,演示新能源,22.17,22.4438,21.7451,22.017,2535334
2025-02-10,D011,演示新能源,22.3969,23.0983,21.9612,22.6575,5588939
2025-02-11,D011,演示新能源,22.176,22.6851,21.3643,21.8662,1874449
2025-02-12,D011,演示新能源,21.5606,21.9023,21.0231,21.3616,2426154
2025-02-13,D011,演示新能源,21.5644,21.9525,21.3152,21.7018,2038800
2025-02-14,D011,演示新能源,21.3894,21.7371,20.8416,21.186,1695197
2025-02-17,D011,演示新能源,20.9688,21.2243,20.5726,20.8264,2436365
2025-02-18,D011,演示新能源,20.1751,20.8335,19.1182,19.7631,2423356
2025-02-19,D011,演示新能源,20.0285,20.5236,19.717,20.2094,2112617
2025-02-20,D011,演示新能源,20.1284,20.2491,19.9544,20.0748,1374886
2025-02-21,D011,演示新能源,20.2698,20.6423,20.0311,20.402,1370443
2025-02-24,D011,演示新能源,20.8612,21.7053,20.3427,21.179,1881052
2025-02-25,D011,演示新能源,21.5627,22.2704,21.1241,21.8264,1812483
2025-02-26,D011,演示新能源,21.947,22.1944,21.7814,22.0281,1487134
2025-02-27,D011,演示新能源,21.9547,22.0716,21.7893,21.906,1959885
2025-02-28,D011,演示新能源,21.5509,21.9396,20.936,21.3205,2765782
2025-03-03,D011,演示新能源,20.9397,21.3512,20.2866,20.6933,1746193
2025-03-04,D011,演示新能源,20.7222,20.812,20.6518,20.7415,1917240
2025-03-05,D011,演示新能源,20.7292,20.7829,20.6673,20.721,2522700
2025-03-06,D011,演示新能源,19.91,20.7093,18.6248,19.4037,2116246
2025-03-07,D011,演示新能源,19.6908,20.2238,19.3572,19.8869,1403109
2025-03-10,D011,演示新能源,20.0345,20.3247,19.845,20.1342,1399616
2025-03-11,D011,演示新能源,20.5921,21.4337,20.0754,20.9091,1466632
2025-03-12,D011,演示新能源,20.6937,20.9468,20.3013,20.5526,1153183
2025-03-13,D011,演示新能源,20.7207,21.0472,20.5089,20.8343,1583604
2025-03-14,D011,演示新能源,20.4422,20.863,19.7733,20.1889,2542248
2025-03-17,D011,演示新能源,19.8543,20.2195,19.2761,19.6373,2003833
2025-03-18,D011,演示新能源,20.0687,20.8616,19.5812,20.3669,2413182
2025-03-19,D011,演示新能源,20.706,21.3327,20.316,20.9383,1866796
2025-03-20,D011,演示新能源,20.8969,20.98,20.7864,20.8694,3842528
2025-03-21,D011,演示新能源,21.0319,21.3494,20.8252,21.1416,2407028
2025-03-24,D011,演示新能源,21.26,21.5024,21.098,21.3397,5641760
2025-03-25,D011,演示新能源,20.939,21.3692,20.2551,20.68,3714424
2025-03-26,D011,演示新能源,20.1606,20.699,19.299,19.8286,1338622
2025-03-27,D011,演示新能源,19.7303,19.8672,19.5288,19.6653,1899885
2025-03-28,D011,演示新能源,19.0849,19.6755,18.1375,18.7167,1524111
2025-03-31,D011,演示新能源,19.1905,20.0617,18.6579,19.52,1771762
2025-04-01,D011,演示新能源,18.6449,19.4938,17.2796,18.1038,1690557
2025-04-02,D011,演示新能源,17.7862,18.1302,17.2406,17.5806,1008637
2025-04-03,D011,演示新能源,17.3882,17.6119,17.0403,17.2623,1727780
2025-04-04,D011,演示新能源,16.857,17.2804,16.1803,16.5972,3245749
2025-04-07,D011,演示新能源,16.2211,16.6156,15.5911,15.9798,3553410
2025-04-08,D011,演示新能源,16.1328,16.4255,15.945,16.2365,1566729
2025-04-09,D011,演示新能源,16.2384,16.2741,16.204,16.2397,2335136
2025-04-10,D011,演示新能源,16.302,16.4393,16.2067,16.3438,1857254
2025-04-11,D011,演示新能源,16.5067,16.8173,16.308,16.6172,2604080
2025-04-14,D011,演示新能源,16.7605,17.0372,16.5816,16.8574,2730091
2025-04-15,D011,演示新能源,16.6298,16.8855,16.228,16.4815,2406565
2025-04-16,D011,演示新能源,16.2252,16.5073,15.7795,16.0588,932176
2025-04-17,D011,演示新能源,16.4125,17.0627,16.0128,16.6571,3559933
2025-04-18,D011,演示新能源,16.6988,16.8021,16.6235,16.7267,1469418
2025-04-21,D011,演示新能源,16.3754,16.7473,15.7826,16.1494,1737281
2025-04-22,D011,演示新能源,16.031,16.18,15.8049,15.9531,2806510
2025-04-23,D011,演示新能源,16.0233,16.1735,15.9205,16.0704,2790800
2025-04-24,D011,演示新能源,15.962,16.1011,15.7519,15.8905,2178566
2025-04-25,D011,演示新能源,15.8569,15.9221,15.7695,15.8346,1570460
2025-04-28,D011,演示新能源,15.7838,15.8659,15.6681,15.75,2348108
2025-04-29,D011,演示新能源,15.6493,15.7803,15.4525,15.5829,2443520
2025-04-30,D011,演示新能源,15.7825,16.1561,15.547,15.9185,2052400
2025-05-01,D011,演示新能源,16.1044,16.4542,15.8827,16.2307,2153925
2025-05-02,D011,演示新能源,16.0214,16.2583,15.6499,15.8848,2933368
2025-05-05,D011,演示新能源,16.226,16.8534,15.84,16.4617,2341326
2025-05-06,D011,演示新能源,16.079,16.4793,15.4393,15.8335,2643214
2025-05-07,D011,演示新能源,16.0064,16.3334,15.7983,16.1238,2738605
2025-05-08,D011,演示新能源,15.7637,16.1421,15.1596,15.5324,2152651
2025-05-09,D011,演示新能源,15.4034,15.5615,15.1614,15.3186,2314002
2025-05-12,D011,演示新能源,15.1455,15.3456,14.8337,15.0323,3417753
2025-05-13,D011,演示新能源,15.4042,16.0878,14.9859,15.6625,1727976
2025-05-14,D011,演示新能源,15.9325,16.431,15.6228,16.1177,2771582
2025-05-15,D011,演示新能源,15.6619,16.1279,14.9146,15.3721,2423391
2025-05-16,D011,演示新能源,15.2978,15.4021,15.1449,15.2488,2543674
2025-05-19,D011,演示新能源,15.0368,15.274,14.6637,14.8987,3403579
2025-05-20,D011,演示新能源,14.7182,14.9246,14.3956,14.6003,1429027
2025-05-21,D011,演示新能源,14.3681,14.623,13.9652,14.2174,2292374
2025-05-22,D011,演示新能源,14.4511,14.8834,14.182,14.6113,3379758
2025-05-23,D011,演示新能源,14.5478,14.6399,14.4139,14.5058,1682443
2025-05-26,D011,演示新能源,14.498,14.5348,14.4561,14.4929,1066480
2025-05-27,D011,演示新能源,14.8857,15.6084,14.445,15.1596,3449423
2025-05-28,D011,演示新能源,14.851,15.179,14.3285,14.6521,1384607
2025-05-29,D011,演示新能源,14.8929,15.3382,14.6157,15.0579,3096247
2025-05-30,D011,演示新能源,15.053,15.088,15.0148,15.0498,1703066
2025-06-02,D011,演示新能源,15.0721,15.1395,15.0196,15.087,1290204
2025-06-03,D011,演示新能源,15.5394,16.3734,15.0328,15.8564,1665359
2025-06-04,D011,演示新能源,15.9668,16.1855,15.8232,16.0413,2781633
2025-06-05,D011,演示新能源,15.5968,16.0523,14.8667,15.3139,2003025
2025-06-06,D011,演示新能源,15.2796,15.3443,15.192,15.2567,2127895
2025-06-09,D011,演示新能源,15.1734,15.2863,15.0058,15.1183,2568123
2025-06-10,D011,演示新能源,15.1663,15.2772,15.0877,15.1984,4368275
2025-06-11,D011,演示新能源,15.2565,15.3846,15.1675,15.2954,3990833
2025-06-12,D011,演示新能源,15.4686,15.7953,15.2612,15.5863,1901363
2025-06-13,D011,演示新能源,15.4779,15.616,15.269,15.4065,1954775
2025-06-16,D011,演示新能源,15.5327,15.7779,15.3737,15.618,989801
2025-06-17,D011,演示新能源,15.6016,15.6492,15.543,15.5906,3397674
2025-06-18,D011,演示新能源,16.2655,17.5289,15.5079,16.7488,2057672
2025-06-19,D011,演示新能源,17.1279,17.8248,16.7001,17.3903,1858256
2025-06-20,D011,演示新能源,17.3563,17.4249,17.2652,17.3337,1556874
2025-06-23,D011,演示新能源,17.3809,17.4949,17.2987,17.4126,1977275
2025-06-24,D011,演示新能源,17.2906,17.4457,17.0557,17.2102,1957495
2025-06-25,D011,演示新能源,17.0038,17.2401,16.6345,16.8689,2602784
2025-06-26,D011,演示新能源,16.5969,16.8949,16.1256,16.4204,1576307
2025-06-27,D011,演示新能源,16.4441,16.5166,16.3874,16.4599,1879275
2025-06-30,D011,演示新能源,16.1275,16.4811,15.5642,15.9132,1968302
2025-07-01,D011,演示新能源,16.6498,18.035,15.8212,17.18,2079459
2025-07-02,D011,演示新能源,17.2264,17.3386,17.1454,17.2575,926125
2025-07-03,D011,演示新能源,17.743,18.6368,17.1988,18.0821,2056346
2025-07-04,D011,演示新能源,18.0364,18.118,17.9246,18.0061,1903830
2025-07-07,D011,演示新能源,17.2786,17.993,16.1298,16.8254,1821338
2025-07-08,D011,演示新能源,16.8221,16.8591,16.7828,16.8198,1935099
2025-07-09,D011,演示新能源,16.9171,17.1152,16.7851,16.9826,1461118
2025-07-10,D011,演示新能源,17.2551,17.7596,16.9407,17.4417,3033413
2025-07-11,D011,演示新能源,17.337,17.4754,17.13,17.2679,5199672
2025-07-14,D011,演示新能源,16.9286,17.2908,16.3523,16.7098,2994265
2025-07-15,D011,演示新能源,16.6621,16.7429,16.55,16.6306,1990395
2025-07-16,D011,演示新能源,16.5328,16.6627,16.3388,16.4682,2329492
2025-07-17,D011,演示新能源,16.7285,17.2106,16.4278,16.9067,1343835
2025-07-18,D011,演示新能源,17.1879,17.7076,16.8644,17.3805,2080013
2025-07-21,D011,演示新能源,16.5152,17.3441,15.1824,15.9847,1763956
2025-07-22,D011,演示新能源,15.707,16.0081,15.2294,15.5271,3157096
2025-07-23,D011,演示新能源,15.649,15.8869,15.4942,15.7313,2410561
2025-07-24,D011,演示新能源,16.2164,17.1112,15.6734,16.5568,1473314
2025-07-25,D011,演示新能源,16.6369,16.805,16.5229,16.6907,1765008
2025-07-28,D011,演示新能源,16.6399,16.7237,16.5227,16.6063,1751526
2025-07-29,D011,演示新能源,16.6794,16.8358,16.5724,16.7285,2726248
2025-07-30,D011,演示新能源,17.0457,17.6299,16.6843,17.2638,2000644
2025-07-31,D011,演示新能源,17.5416,18.0557,17.2212,17.7318,2209696
2025-08-01,D011,演示新能源,17.2908,17.7484,16.5587,17.0088,1647999
2025-08-04,D011,演示新能源,17.17,17.4786,16.9719,17.2792,2285467
2025-08-05,D011,演示新能源,17.1675,17.3124,16.9496,17.0938,2363105
2025-08-06,D011,演示新能源,16.9049,17.1242,16.5636,16.7813,2156964
2025-08-07,D011,演示新能源,17.0592,17.573,16.7394,17.2497,2287195
2025-08-08,D011,演示新能源,17.467,17.8739,17.2101,17.6149,2150279
2025-08-11,D011,演示新能源,17.1734,17.6311,16.4411,16.8912,1728682
2025-08-12,D011,演示新能源,16.8679,16.9249,16.7953,16.8523,1569767
2025-08-13,D011,演示新能源,16.5895,16.8787,16.1325,16.4188,2071750
2025-08-14,D011,演示新能源,16.5615,16.8372,16.3835,16.6581,2475610
2025-08-15,D011,演示新能源,16.9961,17.6178,16.6126,17.2291,2508826
2025-08-18,D011,演示新能源,17.1355,17.2625,16.9472,17.0737,2540713
2025-08-19,D011,演示新能源,17.1306,17.2604,17.0391,17.1688,1432150
2025-08-20,D011,演示新能源,17.6479,18.5297,17.1108,17.9824,3512321
2025-08-21,D011,演示新能源,18.2939,18.869,17.9367,18.5077,2063493
2025-08-22,D011,演示新能源,18.3736,18.5428,18.1171,18.2854,3268916
2025-08-25,D011,演示新能源,18.0917,18.3182,17.74,17.9648,2348747
2025-08-26,D011,演示新能源,17.5595,17.985,16.8803,17.2994,870021
2025-08-27,D011,演示新能源,17.2389,17.3335,17.1044,17.1988,2331861
2025-08-28,D011,演示新能源,16.8866,17.2232,16.3522,16.6848,3468175
2025-08-29,D011,演示新能源,16.1691,16.6911,15.3312,15.8426,2779619
2025-09-01,D011,演示新能源,15.8166,15.8742,15.7417,15.7992,3318018
2025-09-02,D011,演示新能源,15.9971,16.3678,15.7631,16.1318,3678429
2025-09-03,D011,演示新能源,16.4089,16.9205,16.091,16.5989,2188785
2025-09-04,D011,演示新能源,16.2521,16.6195,15.6664,16.0288,1501478
2025-09-05,D011,演示新能源,16.2239,16.59,15.9923,16.3566,2047814
2025-09-08,D011,演示新能源,16.1607,16.3851,15.8101,16.0327,1646833
2025-09-09,D011,演示新能源,16.2476,16.6487,15.9954,16.3941,2758872
2025-09-10,D011,演示新能源,16.5926,16.9653,16.3569,16.7276,1725182
2025-09-11,D011,演示新能源,16.7841,16.9124,16.6937,16.8219,2419617
2025-09-12,D011,演示新能源,17.065,17.5168,16.7818,17.231,3429952
2025-09-15,D011,演示新能源,17.1016,17.2635,16.8553,17.0164,2087233
2025-09-16,D011,演示新能源,17.1236,17.3388,16.9811,17.1957,5347505
2025-09-17,D011,演示新能源,17.3556,17.6621,17.1585,17.4638,1772790
2025-09-18,D011,演示新能源,17.823,18.4838,17.4157,18.0708,1741775
2025-09-19,D011,演示新能源,18.1937,18.438,18.033,18.2766,2764741
2025-09-22,D011,演示新能源,17.7346,18.2858,16.8502,17.3908,1037987
2025-09-23,D011,演示新能源,17.1826,17.421,16.8101,17.0466,1681810
2025-09-24,D011,演示新能源,17.1772,17.4329,17.0106,17.2654,2588118
2025-09-25,D011,演示新能源,17.0709,17.2959,16.7202,16.9436,1551637
2025-09-26,D011,演示新能源,16.6883,16.9706,16.2428,16.5223,1655324
2025-09-29,D011,演示新能源,16.6576,16.9204,16.4871,16.749,3715494
2025-09-30,D011,演示新能源,16.7833,16.8744,16.7153,16.8063,1146642
2025-10-01,D011,演示新能源,16.863,16.9919,16.7723,16.9009,1761998
2025-10-02,D011,演示新能源,17.0065,17.219,16.8658,17.0777,2041038
2025-10-03,D011,演示新能源,16.3523,17.0604,15.2133,15.902,1721260
2025-10-06,D011,演示新能源,16.4701,17.5233,15.8344,16.872,1982856
2025-10-07,D011,演示新能源,16.6532,16.9007,16.2651,16.5104,3257872
2025-10-08,D011,演示新能源,16.901,17.6189,16.461,17.1719,1076968
2025-10-09,D011,演示新能源,17.203,17.2894,17.1374,17.2238,2908303
2025-10-10,D011,演示新能源,17.4873,17.9759,17.182,17.6675,1117264
2025-10-13,D011,演示新能源,17.7154,17.8312,17.6318,17.7475,1539362
2025-10-14,D011,演示新能源,17.766,17.8325,17.712,17.7784,1552532
2025-10-15,D011,演示新能源,17.6201,17.8113,17.326,17.5161,1938657
2025-10-16,D011,演示新能源,17.3133,17.5468,16.949,17.1807,1863836
2025-10-17,D011,演示新能源,17.39,17.7828,17.1417,17.5324,1078722
2025-10-20,D011,演示新能源,17.5954,17.7364,17.4968,17.6376,2845213
2025-10-21,D011,演示新能源,17.8563,18.2663,17.5973,18.0051,2639978
2025-10-22,D011,演示新能源,17.8925,18.0397,17.6716,17.8182,3045629
2025-10-23,D011,演示新能源,17.8641,17.9768,17.7823,17.8948,2941745
2025-10-24,D011,演示新能源,17.4185,17.9089,16.6329,17.1148,2049665
2025-10-27,D011,演示新能源,16.8562,17.142,16.4051,16.6881,3057274
2025-10-28,D011,演示新能源,16.6831,16.7215,16.6413,16.6797,4635504
2025-10-29,D011,演示新能源,16.7582,16.9238,16.6456,16.8109,2156960
2025-10-30,D011,演示新能源,17.0112,17.3876,16.7728,17.1474,1692216
2025-10-31,D011,演示新能源,16.7767,17.1677,16.1528,16.5383,1446485
2025-11-03,D011,演示新能源,15.8114,16.5182,14.6747,15.3613,1203815
2025-11-04,D011,演示新能源,15.5335,15.8586,15.327,15.6505,1317718
2025-11-05,D011,演示新能源,15.669,15.7313,15.6191,15.6814,2077627
2025-11-06,D011,演示新能源,15.3975,15.7037,14.9112,15.2138,2068586
2025-11-07,D011,演示新能源,14.9794,15.2378,14.5713,14.8271,3487537
2025-11-10,D011,演示新能源,14.5545,14.8479,14.0883,14.3782,2297802
2025-11-11,D011,演示新能源,14.5585,14.8962,14.3453,14.6812,3060530
2025-11-12,D011,演示新能源,14.7412,14.8717,14.6513,14.7815,1984822
2025-11-13,D011,演示新能源,14.761,14.811,14.6973,14.7473,2203932
2025-11-14,D011,演示新能源,14.9108,15.2197,14.7144,15.0219,1756608
2025-11-17,D011,演示新能源,15.164,15.4361,14.9893,15.2603,2540588
2025-11-18,D011,演示新能源,15.1808,15.29,15.0194,15.1282,1951611
2025-11-19,D011,演示新能源,15.3443,15.7462,15.0923,15.4918,1562852
2025-11-20,D011,演示新能源,15.4946,15.5302,15.4608,15.4965,2643007
2025-11-21,D011,演示新能源,15.3029,15.5231,14.9581,15.1765,1211444
2025-11-24,D011,演示新能源,15.0517,15.2049,14.8173,14.9696,2618626
2025-11-25,D011,演示新能源,15.4789,16.4211,14.9091,15.8381,1505084
2025-11-26,D011,演示新能源,15.9931,16.2888,15.8036,16.0981,1506512
2025-11-27,D011,演示新能源,16.5344,17.3371,16.0449,16.8386,1992048
2025-11-28,D011,演示新能源,17.285,18.1059,16.784,17.5959,2498512
2025-12-01,D011,演示新能源,17.5672,17.631,17.4844,17.5481,4112802
2025-12-02,D011,演示新能源,17.4154,17.5813,17.1631,17.3281,1897640
2025-12-03,D011,演示新能源,16.9799,17.3506,16.3897,16.7555,1586087
2025-12-04,D011,演示新能源,16.6709,16.7881,16.4983,16.6151,2205300
2025-12-05,D011,演示新能源,16.4903,16.6465,16.2528,16.4082,1663246
2024-01-02,D012,演示军工,14.5,14.5974,14.4026,14.5,3821092
2024-01-03,D012,演示军工,14.6168,14.8442,14.4692,14.6958,1644788
2024-01-04,D012,演示军工,14.4339,14.717,13.9848,14.2645,1434885
2024-01-05,D012,演示军工,14.4718,14.8571,14.2305,14.6134,3228166
2024-01-08,D012,演示军工,14.4573,14.6395,14.1741,14.3551,3634139
2024-01-09,D012,演示军工,14.2379,14.382,14.0176,14.1609,3251415
2024-01-10,D012,演示军工,13.8596,14.178,13.3517,13.6657,2057310
2024-01-11,D012,演示军工,13.9483,14.4681,13.628,14.1433,1648676
2024-01-12,D012,演示军工,14.0172,14.1694,13.7831,13.9344,2620420
2024-01-15,D012,演示军工,14.1065,14.4292,13.9026,14.2236,2685434
2024-01-16,D012,演示军工,14.4426,14.8484,14.1891,14.5923,1877532
2024-01-17,D012,演示军工,14.3081,14.6118,13.8248,14.1247,1153657
2024-01-18,D012,演示军工,14.236,14.4533,14.0947,14.3113,2294681
2024-01-19,D012,演示军工,14.2345,14.3391,14.0796,14.1838,3048387
2024-01-22,D012,演示军工,13.8045,14.1948,13.1794,13.5628,2086945
2024-01-23,D012,演示军工,13.5819,13.6412,13.5356,13.5948,4848819
2024-01-24,D012,演示军工,13.4504,13.6191,13.1884,13.3559,1795808
2024-01-25,D012,演示军工,13.1621,13.3776,12.8227,13.0361,3100204
2024-01-26,D012,演示军工,12.9358,13.0607,12.7456,12.8698,2875487
2024-01-29,D012,演示军工,12.8729,12.9038,12.8441,12.875,2335172
2024-01-30,D012,演示军工,12.9239,13.032,12.8488,12.9567,2281680
2024-01-31,D012,演示军工,12.9679,13.0126,12.9308,12.9754,2084643
2024-02-01,D012,演示军工,13.1108,13.3679,12.9468,13.2027,2517454
2024-02-02,D012,演示军工,13.3284,13.5688,13.174,13.4135,2457279
2024-02-05,D012,演示军工,13.6714,14.1463,13.3778,13.8489,2337488
2024-02-06,D012,演示军工,14.23,14.9314,13.8026,14.496,2051476
2024-02-07,D012,演示军工,14.4731,14.5249,14.4062,14.4579,1964704
2024-02-08,D012,演示军工,14.2968,14.4835,14.0059,14.1913,2912679
2024-02-09,D012,演示军工,14.1112,14.2188,13.9512,14.0584,1319964
2024-02-12,D012,演示军工,14.0085,14.0861,13.898,13.9754,1664500
2024-02-13,D012,演示军工,14.2201,14.6718,13.9397,14.3881,2953949
2024-02-14,D012,演示军工,14.0734,14.4049,13.5445,13.8712,2238145
2024-02-15,D012,演示军工,13.5242,13.884,12.9484,13.3023,2768765
2024-02-16,D012,演示军工,12.818,13.2993,12.0444,12.5143,2623198
2024-02-19,D012,演示军工,12.627,12.8437,12.4873,12.7032,1620630
2024-02-20,D012,演示军工,12.6443,12.728,12.5217,12.6053,1904759
2024-02-21,D012,演示军工,12.854,13.3118,12.5713,13.0253,5414104
2024-02-22,D012,演示军工,12.8418,13.0467,12.5192,12.7223,2574574
2024-02-23,D012,演示军工,12.9725,13.433,12.688,13.1448,1842833
2024-02-26,D012,演示军工,13.2725,13.5164,13.1162,13.359,3185210
2024-02-27,D012,演示军工,13.6689,14.2384,13.3195,13.8836,3164709
2024-02-28,D012,演示军工,13.6708,13.9055,13.3001,13.5325,4094027
2024-02-29,D012,演示军工,13.6152,13.7823,13.5044,13.671,1395943
2024-03-01,D012,演示军工,13.6722,13.7017,13.6436,13.6731,1771892
2024-03-04,D012,演示军工,13.7276,13.8468,13.6453,13.7642,1752400
2024-03-05,D012,演示军工,13.7401,13.7916,13.6725,13.724,1914511
2024-03-06,D012,演示军工,13.2269,13.7211,12.4324,12.915,1885834
2024-03-07,D012,演示军工,12.9598,13.061,12.8889,12.9899,2610135
2024-03-08,D012,演示军工,13.0014,13.0466,12.9638,13.0091,2843554
2024-03-11,D012,演示军工,12.7817,13.0281,12.3908,12.6344,2230982
2024-03-12,D012,演示军工,12.5967,12.6594,12.509,12.5716,1766182
2024-03-13,D012,演示军工,12.5988,12.6696,12.5463,12.617,1791520
2024-03-14,D012,演示军工,12.7204,12.9211,12.5902,12.7902,1149439
2024-03-15,D012,演示军工,13.1321,13.761,12.7484,13.3704,1896901
2024-03-18,D012,演示军工,13.4578,13.6327,13.3425,13.5168,2268243
2024-03-19,D012,演示军工,13.2181,13.5324,12.7165,13.0262,1650122
2024-03-20,D012,演示军工,12.8865,13.0495,12.6332,12.795,2125038
2024-03-21,D012,演示军工,12.7271,12.8199,12.5899,12.6823,1877868
2024-03-22,D012,演示军工,12.7336,12.8453,12.6565,12.768,1524828
2024-03-25,D012,演示军工,13.0477,13.5619,12.7315,13.2411,2563767
2024-03-26,D012,演示军工,13.7626,14.7337,13.1784,14.1337,1589130
2024-03-27,D012,演示军工,14.4805,15.1179,14.0904,14.7213,2439772
2024-03-28,D012,演示军工,15.4339,16.7783,14.631,15.9486,1858671
2024-03-29,D012,演示军工,16.5085,17.5454,15.8821,16.904,1161770
2024-04-01,D012,演示军工,16.5024,16.9214,15.8327,16.2451,2392763
2024-04-02,D012,演示军工,16.0934,16.275,15.8134,15.9938,1101520
2024-04-03,D012,演示军工,15.9624,16.0257,15.8783,15.9415,1828253
2024-04-04,D012,演示军工,16.1778,16.6164,15.9033,16.3392,5277341
2024-04-05,D012,演示军工,16.7705,17.5639,16.2863,17.071,2375704
2024-04-08,D012,演示军工,17.3342,17.8221,17.0295,17.5143,1646748
2024-04-09,D012,演示军工,17.4226,17.5483,17.2367,17.362,1115002
2024-04-10,D012,演示军工,17.6717,18.2431,17.3173,17.8844,1670509
2024-04-11,D012,演示军工,17.9112,17.9918,17.8486,17.9291,2265168
2024-04-12,D012,演示军工,17.9368,17.9855,17.8932,17.9419,1882002
2024-04-15,D012,演示军工,17.7258,17.973,17.3394,17.5846,2159972
2024-04-16,D012,演示军工,17.0702,17.5942,16.2296,16.7436,1130883
2024-04-17,D012,演示军工,16.6916,16.7767,16.5722,16.6571,3283273
2024-04-18,D012,演示军工,16.7776,17.0153,16.6221,16.859,1756561
2024-04-19,D012,演示军工,17.0434,17.3921,16.8215,17.1686,2711786
2024-04-22,D012,演示军工,16.9136,17.1962,16.4679,16.7477,3345603
2024-04-23,D012,演示军工,16.3859,16.7677,15.7769,16.1532,2283889
2024-04-24,D012,演示军工,16.1774,16.2501,16.1208,16.1935,3334471
2024-04-25,D012,演示军工,16.0544,16.2236,15.7948,15.9631,1260639
2024-04-26,D012,演示军工,15.7325,15.989,15.3285,15.5825,3977670
2024-04-29,D012,演示军工,15.7042,15.942,15.5495,15.7864,1512725
2024-04-30,D012,演示军工,15.9579,16.2823,15.7514,16.0743,1511366
2024-05-01,D012,演示军工,16.9933,18.752,15.9493,17.6667,2432956
2024-05-02,D012,演示军工,17.6134,17.7016,17.49,17.5781,2436372
2024-05-03,D012,演示军工,17.8022,18.2217,17.5377,17.9549,2679378
2024-05-06,D012,演示军工,17.7534,17.9866,17.3901,17.6216,3765086
2024-05-07,D012,演示军工,17.4551,17.6539,17.1483,17.3459,1956105
2024-05-08,D012,演示军工,17.4966,17.7875,17.3087,17.5985,2165492
2024-05-09,D012,演示军工,17.1112,17.6107,16.3107,16.8011,2741971
2024-05-10,D012,演示军工,16.7222,16.8339,16.5585,16.6699,1888674
2024-05-13,D012,演示军工,16.7194,16.8357,16.6363,16.7525,2296389
2024-05-14,D012,演示军工,17.1203,17.7964,16.7046,17.3746,1405026
2024-05-15,D012,演示军工,17.1139,17.4023,16.6588,16.9444,2634929
2024-05-16,D012,演示军工,17.4921,18.5037,16.8792,17.8773,4299228
2024-05-17,D012,演示军工,17.617,17.9063,17.1612,17.4477,2755781
2024-05-20,D012,演示军工,17.5413,17.7342,17.4118,17.6042,1962893
2024-05-21,D012,演示军工,17.4181,17.6358,17.08,17.2962,4419896
2024-05-22,D012,演示军工,16.8374,17.31,16.0804,16.5447,5817660
2024-05-23,D012,演示军工,16.2708,16.5698,15.7975,16.0932,1465065
2024-05-24,D012,演示军工,16.2192,16.4654,16.0591,16.3044,1703598
2024-05-27,D012,演示军工,16.1689,16.3348,15.9147,16.0798,2594551
2024-05-28,D012,演示军工,16.1456,16.2885,16.047,16.1897,2112370
2024-05-29,D012,演示军工,16.0876,16.2208,15.8877,16.0203,2907586
2024-05-30,D012,演示军工,15.8614,16.0494,15.5704,15.7572,1590962
2024-05-31,D012,演示军工,15.1437,15.7487,14.171,14.7606,3242269
2024-06-03,D012,演示军工,14.9126,15.2014,14.7282,15.0157,1272927
2024-06-04,D012,演示军工,14.833,15.0417,14.5067,14.7137,1579719
2024-06-05,D012,演示军工,14.3484,14.7275,13.7417,14.1147,1668770
2024-06-06,D012,演示军工,13.8373,14.1334,13.3659,13.6583,2321855
2024-06-07,D012,演示军工,13.9042,14.3578,13.623,14.0732,1620749
2024-06-10,D012,演示军工,14.1201,14.2271,14.0447,14.1515,3013124
2024-06-11,D012,演示军工,14.2763,14.5169,14.1211,14.3608,3563704
2024-06-12,D012,演示军工,14.4373,14.5951,14.3312,14.4887,3504475
2024-06-13,D012,演示军工,14.2594,14.5112,13.8612,14.1105,4572632
2024-06-14,D012,演示军工,13.7191,14.1201,13.0764,13.4701,3247141
2024-06-17,D012,演示军工,13.4172,13.4966,13.303,13.3821,3848646
2024-06-18,D012,演示军工,13.5067,13.7455,13.3532,13.591,4033148
2024-06-19,D012,演示军工,13.7706,14.106,13.5595,13.893,2177994
2024-06-20,D012,演示军工,13.709,13.9164,13.3835,13.5891,2685166
2024-06-21,D012,演示军工,13.5798,13.6162,13.5372,13.5736,1977666
2024-06-24,D012,演示军工,13.6812,13.891,13.5448,13.7539,1695567
2024-06-25,D012,演示军工,13.7108,13.7811,13.612,13.6822,1311984
2024-06-26,D012,演示军工,13.7555,13.9065,13.654,13.8047,4737421
2024-06-27,D012,演示军工,14.0052,14.3776,13.7718,14.142,3205246
2024-06-28,D012,演示军工,14.0547,14.1692,13.8831,13.9971,3852342
2024-07-01,D012,演示军工,13.9337,14.0245,13.8012,13.8917,2589742
2024-07-02,D012,演示军工,14.0078,14.2326,13.8621,14.0862,5258388
2024-07-03,D012,演示军工,14.033,14.1139,13.9171,13.9978,1492838
2024-07-04,D012,演示军工,14.3671,15.0463,13.9525,14.6243,3745828
2024-07-05,D012,演示军工,15.043,15.8139,14.5739,15.3356,2435631
2024-07-08,D012,演示军工,15.1668,15.3629,14.8616,15.0563,1525418
2024-07-09,D012,演示军工,14.9816,15.0856,14.8285,14.9322,2091148
2024-07-10,D012,演示军工,14.9112,14.962,14.8465,14.8973,1802914
2024-07-11,D012,演示军工,15.0938,15.4608,14.8627,15.2277,1499583
2024-07-12,D012,演示军工,14.9887,15.2515,14.5735,14.8336,2649739
2024-07-15,D012,演示军工,14.6501,14.8591,14.323,14.5303,2999479
2024-07-16,D012,演示军工,14.8754,15.5096,14.4867,15.1146,3319339
2024-07-17,D012,演示军工,15.3114,15.6792,15.0797,15.4455,1452621
2024-07-18,D012,演示军工,15.1991,15.4694,14.7717,15.0391,2878780
2024-07-19,D012,演示军工,14.6918,15.0554,14.1109,14.469,4422038
2024-07-22,D012,演示军工,14.7519,15.2728,14.4301,14.9467,2469318
2024-07-23,D012,演示军工,15.2462,15.7974,14.9061,15.4526,3075880
2024-07-24,D012,演示军工,15.1193,15.4711,14.5582,14.905,2124087
2024-07-25,D012,演示军工,14.8541,14.9344,14.7403,14.8204,709151
2024-07-26,D012,演示军工,14.806,14.85,14.7524,14.7964,1404684
2024-07-29,D012,演示军工,14.5322,14.8177,14.0791,14.3613,6460676
2024-07-30,D012,演示军工,14.093,14.3812,13.6351,13.9197,1864369
2024-07-31,D012,演示军工,13.9537,14.0387,13.8917,13.9765,3026499
2024-08-01,D012,演示军工,14.3014,14.8987,13.9351,14.5266,2637592
2024-08-02,D012,演示军工,14.4357,14.5545,14.2575,14.3758,1701273
2024-08-05,D012,演示军工,14.3623,14.4045,14.3111,14.3533,1724756
2024-08-06,D012,演示军工,14.1996,14.379,13.9208,14.0989,2417519
2024-08-07,D012,演示军工,14.385,14.9114,14.0603,14.5823,1811714
2024-08-08,D012,演示军工,14.445,14.609,14.192,14.3549,1580024
2024-08-09,D012,演示军工,14.4117,14.5359,14.3257,14.4497,2688566
2024-08-12,D012,演示军工,14.4825,14.5663,14.4206,14.5044,3384502
2024-08-13,D012,演示军工,14.1696,14.52,13.6098,13.9549,1461403
2024-08-14,D012,演示军工,14.3168,14.9822,13.9104,14.5686,2129681
2024-08-15,D012,演示军工,14.4184,14.5949,14.1446,14.3199,2561021
2024-08-16,D012,演示军工,14.5107,14.8668,14.2866,14.6407,2285275
2024-08-19,D012,演示军工,14.8056,15.1168,14.608,14.9177,2435685
2024-08-20,D012,演示军工,15.1412,15.556,14.8818,15.294,1631273
2024-08-21,D012,演示军工,15.2844,15.3245,15.238,15.2781,1818632
2024-08-22,D012,演示军工,15.7909,16.7392,15.2172,16.1523,893618
2024-08-23,D012,演示军工,15.5305,16.1445,14.5433,15.1419,2028925
2024-08-26,D012,演示军工,15.1165,15.1721,15.0442,15.0997,2254021
2024-08-27,D012,演示军工,14.8232,15.121,14.3502,14.6444,1474111
2024-08-28,D012,演示军工,14.0648,14.6353,13.1474,13.7032,4977922
2024-08-29,D012,演示军工,13.9516,14.4096,13.6677,14.1223,4385233
2024-08-30,D012,演示军工,14.189,14.3297,14.0934,14.2338,2210235
2024-09-02,D012,演示军工,14.2617,14.3371,14.2052,14.2804,2099978
2024-09-03,D012,演示军工,14.092,14.3045,13.7583,13.969,3664357
2024-09-04,D012,演示军工,13.9868,14.0444,13.941,13.9986,2069431
2024-09-05,D012,演示军工,14.175,14.5054,13.9666,14.2951,1248879
2024-09-06,D012,演示军工,14.0459,14.3161,13.6174,13.8845,1831808
2024-09-09,D012,演示军工,14.1745,14.7078,13.8459,14.3746,3995108
2024-09-10,D012,演示军工,14.6741,15.225,14.3347,14.8808,1346425
2024-09-11,D012,演示军工,14.7907,14.9095,14.6128,14.7312,2627005
2024-09-12,D012,演示军工,14.7502,14.8116,14.7016,14.763,3596521
2024-09-13,D012,演示军工,14.6682,14.7913,14.4831,14.6057,1536521
2024-09-16,D012,演示军工,14.237,14.6189,13.6259,14.0014,1763121
2024-09-17,D012,演示军工,13.9736,14.0293,13.8996,13.9552,3135321
2024-09-18,D012,演示军工,13.9248,13.9829,13.8467,13.9047,2564793
2024-09-19,D012,演示军工,13.7134,13.9277,13.3764,13.5888,2310874
2024-09-20,D012,演示军工,13.5373,13.6155,13.4251,13.5032,1760374
2024-09-23,D012,演示军工,13.4769,13.53,13.4064,13.4594,3266649
2024-09-24,D012,演示军工,13.4305,13.4862,13.3557,13.4113,5546663
2024-09-25,D012,演示军工,13.4917,13.6545,13.3835,13.5458,1458312
2024-09-26,D012,演示军工,13.7628,14.1644,13.5124,13.9114,1873619
2024-09-27,D012,演示军工,13.8654,13.9389,13.7618,13.835,1516663
2024-09-30,D012,演示军工,13.7783,13.8622,13.6572,13.7408,3099754
2024-10-01,D012,演示军工,13.8528,14.0705,13.7116,13.9285,1738737
2024-10-02,D012,演示军工,13.7451,13.952,13.4203,13.6255,1129327
2024-10-03,D012,演示军工,13.3313,13.6417,12.8361,13.1421,2144816
2024-10-04,D012,演示军工,13.1297,13.1683,13.083,13.1215,2302650
2024-10-07,D012,演示军工,13.3103,13.6612,13.0903,13.4392,1447363
2024-10-08,D012,演示军工,13.5237,13.6935,13.4112,13.5806,6210045
2024-10-09,D012,演示军工,13.4525,13.6055,13.2163,13.3684,2376638
2024-10-10,D012,演示军工,13.4339,13.5711,13.341,13.4779,3180286
2024-10-11,D012,演示军工,13.8898,14.6494,13.4287,14.1787,1861040
2024-10-14,D012,演示军工,14.3497,14.6709,14.1465,14.4661,2618265
2024-10-15,D012,演示军工,14.2485,14.4892,13.8687,14.107,2261334
2024-10-16,D012,演示军工,14.2049,14.3989,14.0775,14.2709,3935714
2024-10-17,D012,演示军工,14.6405,15.32,14.2254,14.8977,2590520
2024-10-18,D012,演示军工,14.9844,15.1607,14.8668,15.0427,3412776
2024-10-21,D012,演示军工,15.0398,15.0728,15.0048,15.0378,1974371
2024-10-22,D012,演示军工,15.1198,15.2885,15.0068,15.175,1823035
2024-10-23,D012,演示军工,15.0878,15.2044,14.9141,15.0302,2881738
2024-10-24,D012,演示军工,14.9815,15.0599,14.8709,14.9492,2874947
2024-10-25,D012,演示军工,14.914,14.9789,14.8259,14.8906,1944376
2024-10-28,D012,演示军工,14.6104,14.9112,14.1324,14.4294,2110917
2024-10-29,D012,演示军工,14.2961,14.456,14.0497,14.2086,4017185
2024-10-30,D012,演示军工,13.9766,14.2303,13.5752,13.8261,2860951
2024-10-31,D012,演示军工,13.5095,13.8413,12.9795,13.3063,2438713
2024-11-01,D012,演示军工,13.0595,13.3249,12.6379,12.9,2570317
2024-11-04,D012,演示军工,12.9228,12.9868,12.8741,12.938,2071311
2024-11-05,D012,演示军工,12.939,12.9666,12.9121,12.9397,2088567
2024-11-06,D012,演示军工,12.7723,12.9617,12.4752,12.663,1578110
2024-11-07,D012,演示军工,12.3491,12.675,11.8277,12.1483,2223999
2024-11-08,D012,演示军工,12.0069,12.1696,11.7531,11.9145,1144415
2024-11-11,D012,演示军工,11.6172,11.9256,11.1237,11.4271,2261454
2024-11-12,D012,演示军工,11.391,11.4496,11.3085,11.3671,2923440
2024-11-13,D012,演示军工,11.5491,11.8859,11.3391,11.6737,2651820
2024-11-14,D012,演示军工,11.2274,11.6684,10.5182,10.9483,3621675
2024-11-15,D012,演示军工,11.0084,11.1319,10.9257,11.0489,2021501
2024-11-18,D012,演示军工,11.1095,11.2339,11.0261,11.1502,2847754
2024-11-19,D012,演示军工,11.1965,11.2966,11.1275,11.2275,2235259
2024-11-20,D012,演示军工,11.0824,11.2466,10.8251,10.9878,2653984
2024-11-21,D012,演示军工,11.0303,11.1239,10.9655,11.0589,2203308
2024-11-22,D012,演示军工,11.1211,11.2484,11.036,11.163,4979585
2024-11-25,D012,演示军工,11.4782,12.0584,11.1249,11.6983,1892762
2024-11-26,D012,演示军工,11.4506,11.7126,11.0328,11.2912,1290818
2024-11-27,D012,演示军工,10.8958,11.2904,10.2617,10.6473,1647167
2024-11-28,D012,演示军工,10.6734,10.7384,10.6258,10.6908,1466308
2024-11-29,D012,演示军工,11.0855,11.8183,10.6437,11.3653,1681037
2024-12-02,D012,演示军工,11.5022,11.7593,11.3395,11.5953,1549305
2024-12-03,D012,演示军工,11.6943,11.8857,11.5705,11.7612,2812531
2024-12-04,D012,演示军工,11.9409,12.2739,11.7327,12.0637,3718655
2024-12-05,D012,演示军工,12.0387,12.0877,11.9731,12.022,2668158
2024-12-06,D012,演示军工,11.9088,12.0441,11.7002,11.8346,940700
2024-12-09,D012,演示军工,11.8981,12.029,11.8102,11.9408,2937933
2024-12-10,D012,演示军工,12.0243,12.1895,11.9158,12.0805,1378342
2024-12-11,D012,演示军工,12.2992,12.7025,12.0493,12.4495,4363416
2024-12-12,D012,演示军工,12.6153,12.9248,12.4205,12.7283,2690897
2024-12-13,D012,演示军工,12.7422,12.7909,12.7028,12.7514,2890972
2024-12-16,D012,演示军工,12.8848,13.1379,12.7233,12.9753,1774162
2024-12-17,D012,演示军工,12.609,12.9836,12.0085,12.3762,1920048
2024-12-18,D012,演示军工,12.4109,12.494,12.3512,12.4342,2228431
2024-12-19,D012,演示军工,12.2993,12.4563,12.0551,12.211,1803684
2024-12-20,D012,演示军工,12.1266,12.2343,11.9636,12.0709,2520082
2024-12-23,D012,演示军工,12.161,12.3381,12.0454,12.2219,2569297
2024-12-24,D012,演示军工,12.292,12.4348,12.1966,12.3391,2875341
2024-12-25,D012,演示军工,12.3838,12.4837,12.3141,12.4138,2090503
2024-12-26,D012,演示军工,12.1794,12.4309,11.7796,12.028,2832819
2024-12-27,D012,演示军工,12.1063,12.263,12.0029,12.1591,2467205
2024-12-30,D012,演示军工,12.0483,12.1815,11.843,11.9755,2034771
2024-12-31,D012,演示军工,12.1305,12.4203,11.9479,12.2361,2035376
2025-01-01,D012,演示军工,12.3932,12.6872,12.2079,12.5003,2634655
2025-01-02,D012,演示军工,12.441,12.5247,12.3184,12.4018,2774998
2025-01-03,D012,演示军工,12.5228,12.7537,12.3748,12.6048,1054980
2025-01-06,D012,演示军工,12.3823,12.6231,12.0004,12.2383,3988572
2025-01-07,D012,演示军工,12.527,13.0575,12.2018,12.7271,1746123
2025-01-08,D012,演示军工,13.2621,14.2619,12.662,13.6445,1778541
2025-01-09,D012,演示军工,13.255,13.6528,12.617,13.0074,1719673
2025-01-10,D012,演示军工,13.0434,13.1299,12.9811,13.0675,1947077
2025-01-13,D012,演示军工,13.0378,13.0935,12.9624,13.018,3955929
2025-01-14,D012,演示军工,12.8329,13.0394,12.5079,12.7124,2106954
2025-01-15,D012,演示军工,12.5879,12.7356,12.3596,12.5063,1403210
2025-01-16,D012,演示军工,12.3766,12.5288,12.1403,12.2915,1858794
2025-01-17,D012,演示军工,12.1676,12.3138,11.9412,12.0864,2892027
2025-01-20,D012,演示军工,12.1132,12.1823,12.0621,12.1311,3133755
2025-01-21,D012,演示军工,12.027,12.1537,11.8325,11.9585,1562620
2025-01-22,D012,演示军工,12.2347,12.7425,11.9232,12.4261,2162451
2025-01-23,D012,演示军工,12.206,12.4441,11.8282,12.0636,2182759
2025-01-24,D012,演示军工,11.89,12.0832,11.5856,11.777,2315926
2025-01-27,D012,演示军工,11.8887,12.1024,11.7515,11.9643,2211676
2025-01-28,D012,演示军工,12.1645,12.5345,11.9343,12.3018,3027159
2025-01-29,D012,演示军工,12.3779,12.5313,12.2762,12.4292,1523874
2025-01-30,D012,演示军工,12.6631,13.094,12.3964,12.8239,1132178
2025-01-31,D012,演示军工,12.6198,12.8438,12.2657,12.4873,2268493
2025-02-03,D012,演示军工,12.5038,12.5564,12.4623,12.5148,2737578
2025-02-04,D012,演示军工,12.3477,12.5358,12.0521,12.2387,2198862
2025-02-05,D012,演示军工,12.1253,12.2612,11.9158,12.0509,2036445
2025-02-06,D012,演示军工,11.9695,12.0739,11.812,11.9159,1402615
2025-02-07,D012,演示军工,11.854,11.9391,11.7282,11.813,3399906
2025-02-10,D012,演示军工,11.9454,12.1951,11.7866,12.0352,2250496
2025-02-11,D012,演示军工,11.9002,12.0565,11.6567,11.8118,1105610
2025-02-12,D012,演示军工,11.7771,11.8352,11.696,11.754,2029416
2025-02-13,D012,演示军工,11.7925,11.8806,11.7302,11.8182,860178
2025-02-14,D012,演示军工,11.449,11.8223,10.8497,11.2154,2196431
2025-02-17,D012,演示军工,11.2038,11.2378,11.1621,11.1961,1955333
2025-02-18,D012,演示军工,11.1483,11.218,11.0471,11.1166,1706300
2025-02-19,D012,演示军工,10.9783,11.1357,10.7318,10.888,2680490
2025-02-20,D012,演示军工,10.6495,10.9007,10.2487,10.4962,2430940
2025-02-21,D012,演示军工,10.6402,10.9085,10.4716,10.7384,3075590
2025-02-24,D012,演示军工,11.0082,11.5041,10.7049,11.1956,2612252
2025-02-25,D012,演示军工,11.2592,11.389,11.1725,11.302,2251036
2025-02-26,D012,演示军工,11.447,11.7183,11.276,11.5458,2759552
2025-02-27,D012,演示军工,11.4887,11.5683,11.3716,11.4509,1623919
2025-02-28,D012,演示军工,11.5457,11.7295,11.4265,11.6097,2641556
2025-03-03,D012,演示军工,11.5678,11.6326,11.4755,11.5401,4107063
2025-03-04,D012,演示军工,11.5808,11.6725,11.5167,11.6082,1547610
2025-03-05,D012,演示军工,11.3295,11.6199,10.8653,11.151,2644931
2025-03-06,D012,演示军工,10.9598,11.1676,10.6304,10.8358,1507138
2025-03-07,D012,演示军工,11.0434,11.4258,10.807,11.1863,1938609
2025-03-10,D012,演示军工,11.0863,11.207,10.9006,11.0206,3399081
2025-03-11,D012,演示军工,11.027,11.0599,10.9985,11.0314,2911454
2025-03-12,D012,演示军工,11.0365,11.0671,11.0093,11.0399,2145331
2025-03-13,D012,演示军工,11.0338,11.062,11.0015,11.0297,2053073
2025-03-14,D012,演示军工,10.7767,11.0417,10.3534,10.6144,1895030
2025-03-17,D012,演示军工,10.9256,11.499,10.577,11.1435,1807486
2025-03-18,D012,演示军工,10.9493,11.1598,10.6155,10.8236,1465929
2025-03-19,D012,演示军工,10.8382,10.8845,10.8019,10.8481,2471189
2025-03-20,D012,演示军工,10.7286,10.8673,10.5126,10.6503,2685482
2025-03-21,D012,演示军工,10.9309,11.447,10.6159,11.1264,3077573
2025-03-24,D012,演示军工,10.9417,11.1432,10.6226,10.8219,3834178
2025-03-25,D012,演示军工,10.8973,11.0466,10.7993,10.9481,2797722
2025-03-26,D012,演示军工,10.6405,10.9552,10.1359,10.4448,2337311
2025-03-27,D012,演示军工,10.5623,10.7838,10.4215,10.642,2884079
2025-03-28,D012,演示军工,10.596,10.6629,10.499,10.5656,1428259
2025-03-31,D012,演示军工,10.8903,11.489,10.5269,11.118,3567913
2025-04-01,D012,演示军工,10.8627,11.1301,10.4355,10.6989,3224528
2025-04-02,D012,演示军工,10.7808,10.9411,10.6762,10.836,1494813
2025-04-03,D012,演示军工,10.6968,10.8545,10.4497,10.606,2335115
2025-04-04,D012,演示军工,10.1734,10.5977,9.4909,9.904,2330882
2025-04-07,D012,演示军工,9.9536,10.0569,9.8837,9.9869,2949871
2025-04-08,D012,演示军工,9.9897,10.0145,9.9669,9.9917,2767022
2025-04-09,D012,演示军工,9.6203,9.9884,9.0284,9.3877,1910342
2025-04-10,D012,演示军工,9.4436,9.5571,9.3682,9.4813,2717054
2025-04-11,D012,演示军工,9.7087,10.1267,9.4527,9.8665,3470473
2025-04-14,D012,演示军工,9.7634,9.8842,9.5759,9.6959,4060846
2025-04-15,D012,演示军工,9.8184,10.0479,9.6736,9.9019,1993327
2025-04-16,D012,演示军工,9.9264,9.9874,9.8819,9.9428,2219151
2025-04-17,D012,演示军工,9.8786,9.9619,9.7534,9.8363,3056137
2025-04-18,D012,演示军工,9.7737,9.8552,9.6511,9.7323,2323468
2025-04-21,D012,演示军工,9.581,9.7476,9.3177,9.4827,1835669
2025-04-22,D012,演示军工,9.3665,9.499,9.1591,9.2906,2200096
2025-04-23,D012,演示军工,9.3054,9.3487,9.272,9.3153,2289377
2025-04-24,D012,演示军工,9.2638,9.3333,9.1605,9.2298,3249833
2025-04-25,D012,演示军工,9.2027,9.2481,9.1396,9.1848,1037741
2025-04-28,D012,演示军工,9.1384,9.2027,9.0435,9.1076,4380021
2025-04-29,D012,演示军工,8.7451,9.1017,8.1717,8.5191,2737631
2025-04-30,D012,演示军工,8.4891,8.5359,8.4225,8.4692,2315378
2025-05-01,D012,演示军工,8.3711,8.4841,8.1948,8.3069,2333658
2025-05-02,D012,演示军工,8.2658,8.3231,8.1816,8.2387,1565790
2025-05-05,D012,演示军工,8.1871,8.2545,8.0859,8.153,2336088
2025-05-06,D012,演示军工,7.7857,8.1418,7.2129,7.5586,3495755
2025-05-07,D012,演示军工,7.4377,7.5703,7.2281,7.3593,2907500
2025-05-08,D012,演示军工,7.2715,7.3721,7.1144,7.2142,1799651
2025-05-09,D012,演示军工,7.2373,7.2905,7.1996,7.2528,2247729
2025-05-12,D012,演示军工,7.2626,7.2935,7.2382,7.2691,1640738
2025-05-13,D012,演示军工,7.2583,7.2836,7.2257,7.2511,1448630
2025-05-14,D012,演示军工,7.2724,7.3228,7.2364,7.2867,2675944
2025-05-15,D012,演示军工,7.2622,7.3011,7.2072,7.246,3377106
2025-05-16,D012,演示军工,7.3061,7.4227,7.2306,7.3467,2515583
2025-05-19,D012,演示军工,7.309,7.361,7.2322,7.284,1964425
2025-05-20,D012,演示军工,7.1702,7.2955,6.9722,7.0962,2207634
2025-05-21,D012,演示军工,7.0532,7.1099,6.9684,7.0248,3259728
2025-05-22,D012,演示军工,7.1813,7.469,7.0046,7.2896,2307295
2025-05-23,D012,演示军工,7.5073,7.9085,7.2635,7.6598,2219095
2025-05-26,D012,演示军工,7.7532,7.9284,7.6424,7.8167,1787075
2025-05-27,D012,演示军工,7.9108,8.0874,7.799,7.9747,2140836
2025-05-28,D012,演示军工,8.0147,8.0981,7.9584,8.0416,2386357
2025-05-29,D012,演示军工,8.0186,8.0575,7.9645,8.0033,3568063
2025-05-30,D012,演示军工,7.9974,8.0193,7.9715,7.9934,2573174
2025-06-02,D012,演示军工,7.8222,8.0031,7.5337,7.712,2634002
2025-06-03,D012,演示军工,7.6749,7.7271,7.5982,7.6503,3107602
2025-06-04,D012,演示军工,7.7032,7.8082,7.6342,7.7389,3137593
2025-06-05,D012,演示军工,7.684,7.7536,7.5785,7.6478,2472792
2025-06-06,D012,演示军工,7.6693,7.7207,7.6324,7.6837,1219095
2025-06-09,D012,演示军工,7.8042,8.0275,7.6649,7.8867,3966747
2025-06-10,D012,演示军工,7.8453,7.902,7.7615,7.818,2494937
2025-06-11,D012,演示军工,7.519,7.8144,7.0439,7.332,2161028
2025-06-12,D012,演示军工,7.3344,7.3532,7.3173,7.336,1421086
2025-06-13,D012,演示军工,7.121,7.34,6.7697,6.9845,1615823
2025-06-16,D012,演示军工,7.1206,7.3712,6.9658,7.2143,2295638
2025-06-17,D012,演示军工,7.2908,7.4359,7.1984,7.3428,3939793
2025-06-18,D012,演示军工,7.4839,7.7439,7.3232,7.5811,1695079
2025-06-19,D012,演示军工,7.7269,7.9954,7.5609,7.8273,1898300
2025-06-20,D012,演示军工,7.6536,7.8363,7.3622,7.5421,1302396
2025-06-23,D012,演示军工,7.6012,7.7167,7.5261,7.6412,2805639
2025-06-24,D012,演示军工,7.5473,7.6544,7.3797,7.4859,3304184
2025-06-25,D012,演示军工,7.4262,7.5,7.3135,7.3869,2938744
2025-06-26,D012,演示军工,7.2252,7.3955,6.9535,7.1213,2225346
2025-06-27,D012,演示军工,7.2699,7.5431,7.1016,7.3724,2288291
2025-06-30,D012,演示军工,7.2665,7.3844,7.0808,7.1976,3649080
2025-07-01,D012,演示军工,7.2373,7.3187,7.1828,7.264,1730982
2025-07-02,D012,演示军工,7.4361,7.7525,7.2422,7.5555,1743029
2025-07-03,D012,演示军工,7.5646,7.5951,7.5403,7.5708,2269687
2025-07-04,D012,演示军工,7.5829,7.6185,7.5556,7.5911,2741160
2025-07-07,D012,演示军工,7.43,7.6003,7.1583,7.3263,2070248
2025-07-08,D012,演示军工,7.3935,7.5226,7.3105,7.439,2317554
2025-07-09,D012,演示军工,7.3304,7.4511,7.1403,7.2598,2587059
2025-07-10,D012,演示军工,7.2785,7.3245,7.2451,7.2911,1149780
2025-07-11,D012,演示军工,7.205,7.3038,7.0507,7.1487,2002442
2025-07-14,D012,演示军工,7.1693,7.2182,7.1343,7.1831,1111573
2025-07-15,D012,演示军工,7.0879,7.1952,6.9196,7.0259,2029560
2025-07-16,D012,演示军工,7.136,7.34,7.0087,7.2114,3076356
2025-07-17,D012,演示军工,7.1605,7.2251,7.0627,7.127,2000322
2025-07-18,D012,演示军工,7.2592,7.5028,7.1083,7.3501,1510874
2025-07-21,D012,演示军工,7.3064,7.3643,7.2201,7.2776,3846774
2025-07-22,D012,演示军工,7.2423,7.2918,7.1695,7.2189,2267292
2025-07-23,D012,演示军工,7.3378,7.5575,7.2009,7.4192,1163689
2025-07-24,D012,演示军工,7.4173,7.434,7.3994,7.4161,1425772
2025-07-25,D012,演示军工,7.4733,7.5851,7.4004,7.5119,3539107
2025-07-28,D012,演示军工,7.4871,7.5267,7.4312,7.4707,1093932
2025-07-29,D012,演示军工,7.5049,7.5774,7.4554,7.5278,2141081
2025-07-30,D012,演示军工,7.5805,7.6848,7.512,7.616,3059480
2025-07-31,D012,演示军工,7.5989,7.6312,7.5552,7.5874,3333468
2025-08-01,D012,演示军工,7.8119,8.2254,7.5605,7.969,3873244
2025-08-04,D012,演示军工,7.9296,7.9845,7.8488,7.9035,2852505
2025-08-05,D012,演示军工,7.6295,7.9033,7.1895,7.4572,2722527
2025-08-06,D012,演示军工,7.4537,7.4721,7.4331,7.4515,1413753
2025-08-07,D012,演示军工,7.4892,7.5679,7.4362,7.5146,2366955
2025-08-08,D012,演示军工,7.417,7.5274,7.2438,7.3533,4096610
2025-08-11,D012,演示军工,7.6393,8.1717,7.319,7.8428,2566904
2025-08-12,D012,演示军工,7.7372,7.8559,7.5508,7.6684,1256283
2025-08-13,D012,演示军工,7.6481,7.6836,7.5992,7.6346,4643314
2025-08-14,D012,演示军工,7.6335,7.6499,7.6164,7.6328,3233955
2025-08-15,D012,演示军工,7.3672,7.6325,6.9409,7.2001,2841319
2025-08-18,D012,演示军工,7.2147,7.2534,7.1857,7.2244,4642350
2025-08-19,D012,演示军工,7.1205,7.2361,6.9384,7.0529,1212791
2025-08-20,D012,演示军工,6.9489,7.0643,6.7669,6.8812,2114097
2025-08-21,D012,演示军工,7.0035,7.2292,6.8635,7.0875,1456760
2025-08-22,D012,演示军工,7.321,7.7526,7.0598,7.4854,1338904
2025-08-25,D012,演示军工,7.5655,7.7172,7.4689,7.6198,1753371
2025-08-26,D012,演示军工,7.4974,7.6316,7.2851,7.4179,2259090
2025-08-27,D012,演示军工,7.4831,7.6087,7.4019,7.5272,3193445
2025-08-28,D012,演示军工,7.3737,7.5368,7.114,7.2749,1786585
2025-08-29,D012,演示军工,7.2381,7.289,7.163,7.2138,2550997
2025-09-01,D012,演示军工,7.2774,7.4,7.1983,7.3204,2644322
2025-09-02,D012,演示军工,7.3122,7.335,7.2838,7.3067,1650043
2025-09-03,D012,演示军工,7.1877,7.3179,6.9817,7.1105,2434387
2025-09-04,D012,演示军工,6.7387,7.0927,6.1698,6.5118,2255823
2025-09-05,D012,演示军工,6.4624,6.5241,6.3684,6.4298,2987653
2025-09-08,D012,演示军工,6.2891,6.4373,6.0526,6.1987,1487218
2025-09-09,D012,演示军工,6.1671,6.2108,6.1026,6.1461,2018707
2025-09-10,D012,演示军工,6.0794,6.1571,5.9586,6.0357,2176620
2025-09-11,D012,演示军工,6.1446,6.3453,6.0201,6.2194,2558270
2025-09-12,D012,演示军工,6.2179,6.2318,6.203,6.2169,2552569
2025-09-15,D012,演示军工,6.1125,6.2262,5.9323,6.0448,1697989
2025-09-16,D012,演示军工,6.0699,6.1244,6.0325,6.0868,2894366
2025-09-17,D012,演示军工,6.2112,6.44,6.0701,6.297,2549322
2025-09-18,D012,演示军工,6.2223,6.3079,6.0885,6.1735,2364313
2025-09-19,D012,演示军工,5.992,6.1767,5.6957,5.8769,2055886
2025-09-22,D012,演示军工,5.9723,6.1488,5.8623,6.0376,1746660
2025-09-23,D012,演示军工,6.0952,6.2054,6.0245,6.1342,2865664
2025-09-24,D012,演示军工,6.0833,6.1457,5.9877,6.0497,2196456
2025-09-25,D012,演示军工,5.9417,6.0585,5.7564,5.8718,4596219
2025-09-26,D012,演示军工,5.7528,5.8793,5.5514,5.6762,1044201
2025-09-29,D012,演示军工,5.677,5.6896,5.6648,5.6775,1923098
2025-09-30,D012,演示军工,5.5861,5.6862,5.4277,5.5268,2526741
2025-10-01,D012,演示军工,5.4688,5.5367,5.3633,5.4308,1233612
2025-10-02,D012,演示军工,5.2797,5.4345,5.0316,5.1836,1745358
2025-10-03,D012,演示军工,4.994,5.1823,4.6914,4.8752,3346854
2025-10-06,D012,演示军工,4.8854,4.9125,4.8654,4.8923,1980207
2025-10-07,D012,演示军工,4.7673,4.8966,4.5603,4.6874,2506251
2025-10-08,D012,演示军工,4.758,4.8889,4.6761,4.8062,3526840
2025-10-09,D012,演示军工,4.6788,4.81,4.4687,4.5976,2643560
2025-10-10,D012,演示军工,4.5442,4.6057,4.4483,4.5093,1412731
2025-10-13,D012,演示军工,4.55,4.6283,4.4996,4.5775,4612262
2025-10-14,D012,演示军工,4.6029,4.6549,4.5681,4.62,2815150
2025-10-15,D012,演示军工,4.5906,4.6288,4.5332,4.5713,2518345
2025-10-16,D012,演示军工,4.5615,4.5804,4.5361,4.555,2200751
2025-10-17,D012,演示军工,4.5421,4.564,4.5117,4.5335,4364952
2025-10-20,D012,演示军工,4.4668,4.5408,4.35,4.4233,1975460
2025-10-21,D012,演示军工,4.3848,4.4316,4.3129,4.3594,2611853
2025-10-22,D012,演示军工,4.3583,4.3682,4.3478,4.3576,2392618
2025-10-23,D012,演示军工,4.2663,4.363,4.1122,4.2075,1438108
2025-10-24,D012,演示军工,4.2054,4.2159,4.1934,4.2039,2364209
2025-10-27,D012,演示军工,4.3131,4.5137,4.1905,4.389,2435920
2025-10-28,D012,演示军工,4.4067,4.4452,4.3801,4.4185,1684408
2025-10-29,D012,演示军工,4.4891,4.6198,4.4077,4.5375,4872116
2025-10-30,D012,演示军工,4.596,4.7056,4.527,4.6359,2143757
2025-10-31,D012,演示军工,4.6673,4.7296,4.6262,4.6884,3479083
2025-11-03,D012,演示军工,4.6117,4.6956,4.4789,4.5619,1528787
2025-11-04,D012,演示军工,4.5012,4.5696,4.394,4.4617,3750386
2025-11-05,D012,演示军工,4.5182,4.6241,4.4514,4.5567,2365487
2025-11-06,D012,演示军工,4.5866,4.6464,4.5472,4.6068,2054165
2025-11-07,D012,演示军工,4.5805,4.6157,4.5281,4.5632,1794011
2025-11-10,D012,演示军工,4.6022,4.6777,4.5534,4.6286,4169693
2025-11-11,D012,演示军工,4.6979,4.8265,4.6175,4.7453,3235029
2025-11-12,D012,演示军工,4.8266,4.9768,4.7333,4.8824,2800642
2025-11-13,D012,演示军工,4.9048,4.9523,4.8724,4.9199,2735312
2025-11-14,D012,演示军工,4.9059,4.9296,4.873,4.8966,1593574
2025-11-17,D012,演示军工,4.8587,4.9059,4.7867,4.8337,2170303
2025-11-18,D012,演示军工,4.7848,4.8424,4.6955,4.7528,1613924
2025-11-19,D012,演示军工,4.8225,4.9519,4.7414,4.8701,1981432
2025-11-20,D012,演示军工,4.6528,4.8637,4.3135,4.5183,1806587
2025-11-21,D012,演示军工,4.582,4.7005,4.5077,4.6255,2814792
2025-11-24,D012,演示军工,4.6788,4.7793,4.6151,4.7151,1460719
2025-11-25,D012,演示军工,4.8385,5.0656,4.6999,4.9245,2166344
2025-11-26,D012,演示军工,4.917,4.9343,4.8946,4.9119,2645701
2025-11-27,D012,演示军工,4.9063,4.9217,4.8872,4.9026,1831718
2025-11-28,D012,演示军工,5.0097,5.2065,4.8886,5.0837,2160974
2025-12-01,D012,演示军工,5.1117,5.1693,5.0732,5.1306,1590558
2025-12-02,D012,演示军工,5.2387,5.4375,5.1163,5.3133,2305044
2025-12-03,D012,演示军工,5.2471,5.3225,5.1291,5.2038,2129527
2025-12-04,D012,演示军工,5.1623,5.2136,5.084,5.135,1837753
2025-12-05,D012,演示军工,5.1741,5.2506,5.1242,5.2004,2162639
